cost_per_applicant,cost_per_day,applicants_per_day,is_senior_role,difficulty_additive,drei,dept_oar_mean,jobtitle_oar_mean,source_oar_mean,dept_source_oar_mean,target_high_oar
105.22818181818181,197.62365853658537,1.8780487804878048,1,0.3999353155027299,0,0.419634703196347,0.37540983606557377,0.4222753346080306,0.41345029239766085,0
33.58650602409639,134.8877419354839,4.016129032258065,1,0.8868921714132922,0,0.419634703196347,0.37540983606557377,0.45460921843687374,0.4737804878048781,0
115.48283950617285,1336.3014285714287,11.571428571428571,0,-0.08135187864027316,0,0.4251063829787234,0.41285714285714287,0.45460921843687374,0.4737704918032787,1
237.281,263.6455555555556,1.1111111111111112,0,-0.697192081997438,1,0.419634703196347,0.48418079096045197,0.45460921843687374,0.4737804878048781,1
41.841255605381164,245.5421052631579,5.868421052631579,1,0.5625999333263636,0,0.419634703196347,0.37540983606557377,0.42504725897920603,0.40918918918918923,0
49.096199999999996,981.924,20.0,0,0.06675643880680082,0,0.4771641791044776,0.5011428571428571,0.45460921843687374,0.49812500000000004,1
24.37560714285714,975.0242857142857,40.0,0,-0.5455289835349695,0,0.4771641791044776,0.5011428571428571,0.4222753346080306,0.43333333333333335,1
30.60959044368601,427.0766666666667,13.952380952380953,0,0.14065682850426897,0,0.44116766467065865,0.43273809523809526,0.4222753346080306,0.439247311827957,0
13.468558951965067,42.837500000000006,3.1805555555555554,1,0.12711834827973295,0,0.42025495750708214,0.438860103626943,0.4222753346080306,0.39365853658536587,0
12.692898550724637,41.05359375,3.234375,0,-0.12403306877499998,0,0.42025495750708214,0.41236559139784945,0.42504725897920603,0.4277777777777778,0
117.54041666666666,94.03233333333333,0.8,0,-0.7995120495869588,1,0.42025495750708214,0.4223809523809524,0.45460921843687374,0.43526315789473685,0
8.753240223463687,97.926875,11.1875,0,-1.3224703040792196,1,0.42025495750708214,0.4223809523809524,0.42504725897920603,0.4277777777777778,1
60.82484848484849,200.722,3.3,0,-1.367109460336502,1,0.42025495750708214,0.41236559139784945,0.43936605316973415,0.4317919075144509,1
27.07160642570281,102.13378787878787,3.772727272727273,1,0.672789185195886,0,0.4771641791044776,0.4591623036649215,0.43936605316973415,0.47803468208092487,0
22.480365853658537,40.964222222222226,1.8222222222222222,0,-0.6652654864333405,0,0.42025495750708214,0.4223809523809524,0.42504725897920603,0.4277777777777778,0
229.45642857142857,332.3162068965517,1.4482758620689655,1,0.4306631220428876,0,0.419634703196347,0.4452127659574468,0.4222753346080306,0.41345029239766085,0
8.629623287671233,29.645294117647058,3.4352941176470586,0,0.2953696405537955,0,0.4251063829787234,0.41850000000000004,0.4222753346080306,0.41350000000000003,1
5.592268907563025,95.06857142857143,17.0,0,-1.4075870017528698,0,0.44116766467065865,0.43273809523809526,0.4222753346080306,0.439247311827957,0
458.92294117647054,108.35680555555555,0.2361111111111111,0,0.9929769423385839,0,0.4771641791044776,0.5011428571428571,0.43936605316973415,0.47803468208092487,1
20.098522167487683,70.34482758620689,3.5,0,0.017109478777342757,0,0.4251063829787234,0.4875,0.45460921843687374,0.4737704918032787,1
7.334074074074074,34.27269230769231,4.673076923076923,0,-0.530117477267086,0,0.419634703196347,0.48418079096045197,0.45460921843687374,0.4737804878048781,0
11.279,408.86375,36.25,1,-1.1769877500542931,1,0.4771641791044776,0.4591623036649215,0.42504725897920603,0.485,1
185.97555555555556,77.25138461538462,0.4153846153846154,0,0.3362716426930882,0,0.44116766467065865,0.43273809523809526,0.43936605316973415,0.4953757225433526,1
50.28536585365854,78.29240506329114,1.5569620253164558,1,0.8426409995680141,0,0.42815126050420166,0.42923076923076925,0.42504725897920603,0.3806282722513089,0
628.5816666666666,279.3696296296296,0.4444444444444444,0,0.004459013213610086,0,0.42025495750708214,0.41236559139784945,0.43936605316973415,0.4317919075144509,0
29.02863387978142,73.7811111111111,2.5416666666666665,0,0.5360480734132234,0,0.44116766467065865,0.40481283422459896,0.43936605316973415,0.4953757225433526,0
9.436356589147287,22.132545454545454,2.3454545454545452,1,-0.5710653262706337,0,0.42025495750708214,0.41073446327683616,0.45460921843687374,0.43526315789473685,1
15.247256637168142,84.04585365853659,5.512195121951219,0,-0.45478202954779817,1,0.419634703196347,0.3769230769230769,0.43936605316973415,0.39441624365482236,1
11.630063694267516,91.296,7.85,1,-1.1912679894834817,1,0.42025495750708214,0.438860103626943,0.43936605316973415,0.4317919075144509,1
23.303275862068965,131.86243902439023,5.658536585365853,0,-0.0949435475735506,0,0.44116766467065865,0.43273809523809526,0.4222753346080306,0.439247311827957,1
78.4466355140187,174.87062500000002,2.2291666666666665,1,0.5997704809787576,0,0.42815126050420166,0.38846153846153847,0.43936605316973415,0.44792899408284026,0
91.84920454545454,106.35171052631578,1.1578947368421053,1,1.12820809409631,0,0.42025495750708214,0.438860103626943,0.45460921843687374,0.43526315789473685,1
39.59337662337662,88.36782608695653,2.2318840579710146,0,0.617421953620776,0,0.42815126050420166,0.47056074766355144,0.42504725897920603,0.3806282722513089,0
9.961050847457628,53.42745454545455,5.363636363636363,1,-0.25514208709261865,0,0.4771641791044776,0.4591623036649215,0.45460921843687374,0.49812500000000004,0
46.68432258064516,85.13023529411764,1.8235294117647058,0,1.1610134856614152,0,0.42025495750708214,0.4223809523809524,0.42504725897920603,0.4277777777777778,0
135.01301587301586,197.80976744186046,1.4651162790697674,0,0.5157739614303024,0,0.4251063829787234,0.4875,0.43936605316973415,0.3974093264248705,0
307.2846666666667,204.85644444444446,0.6666666666666666,0,0.6884146226891055,0,0.4251063829787234,0.41285714285714287,0.42504725897920603,0.42169312169312173,0
21.6856,154.89714285714285,7.142857142857143,1,-0.5630522878279591,0,0.42815126050420166,0.38846153846153847,0.45460921843687374,0.4381642512077295,0
4.334683544303797,13.6976,3.16,1,-0.18769681922181258,0,0.419634703196347,0.37540983606557377,0.45460921843687374,0.4737804878048781,0
108.25433333333334,360.84777777777776,3.3333333333333335,0,-0.37605246231173717,0,0.42815126050420166,0.47056074766355144,0.42504725897920603,0.3806282722513089,0
149.13891304347825,236.5651724137931,1.5862068965517242,0,-0.079004051290404,0,0.42025495750708214,0.4223809523809524,0.42504725897920603,0.4277777777777778,1
20.01578947368421,55.11594202898551,2.753623188405797,0,0.19629742479514434,0,0.4771641791044776,0.5011428571428571,0.42504725897920603,0.485,1
222.96545454545455,29.91,0.13414634146341464,0,0.22029432113656777,0,0.419634703196347,0.48418079096045197,0.43936605316973415,0.39441624365482236,1
361.8453846153846,122.18155844155844,0.33766233766233766,0,1.3923644173397798,0,0.4251063829787234,0.4875,0.45460921843687374,0.4737704918032787,0
369.22818181818184,203.0755,0.55,1,-0.7809341365919407,1,0.42815126050420166,0.38846153846153847,0.43936605316973415,0.44792899408284026,1
19.324405286343612,59.278918918918926,3.0675675675675675,1,0.40798146819236353,0,0.42815126050420166,0.42923076923076925,0.4222753346080306,0.44782608695652176,1
33.86480836236934,388.76800000000003,11.48,0,0.36207205722835417,0,0.44116766467065865,0.40481283422459896,0.42504725897920603,0.42114285714285715,1
17.942889733840303,124.18368421052631,6.921052631578948,0,-0.28384498844895684,1,0.44116766467065865,0.45191256830601095,0.4222753346080306,0.439247311827957,1
163.15333333333334,33.071621621621624,0.20270270270270271,0,0.0520231510292517,0,0.44116766467065865,0.43273809523809526,0.43936605316973415,0.4953757225433526,1
63.784503816793894,278.52566666666667,4.366666666666666,1,0.21637897201543776,0,0.419634703196347,0.4452127659574468,0.4222753346080306,0.41345029239766085,0
36.205238095238094,17.279772727272725,0.4772727272727273,0,0.17470037319316478,0,0.42815126050420166,0.4191256830601093,0.42504725897920603,0.3806282722513089,0
52.225945945945945,71.56888888888889,1.3703703703703705,1,0.8132451133239945,0,0.4771641791044776,0.49819277108433735,0.42504725897920603,0.485,1
80.54920454545454,506.3092857142857,6.285714285714286,0,-0.3508441219662489,0,0.4251063829787234,0.4875,0.43936605316973415,0.3974093264248705,0
106.64857142857143,273.73133333333334,2.566666666666667,1,0.18997953470296525,0,0.4251063829787234,0.3842105263157895,0.4222753346080306,0.41350000000000003,0
15.025337837837839,45.38265306122449,3.020408163265306,0,-0.5118045348155382,0,0.44116766467065865,0.43273809523809526,0.42504725897920603,0.42114285714285715,0
17.58940909090909,69.10125000000001,3.9285714285714284,1,-0.06331945119165236,0,0.42025495750708214,0.438860103626943,0.42504725897920603,0.4277777777777778,0
278.11607142857144,189.9329268292683,0.6829268292682927,1,0.3420595554153433,0,0.419634703196347,0.4452127659574468,0.43936605316973415,0.39441624365482236,1
46.0254954954955,62.30280487804878,1.353658536585366,1,0.7078313397263093,0,0.4251063829787234,0.3842105263157895,0.43936605316973415,0.3974093264248705,0
7.569193548387097,36.09923076923077,4.769230769230769,0,-0.5126842675337994,0,0.4251063829787234,0.4875,0.4222753346080306,0.41350000000000003,1
54.429,272.145,5.0,1,0.4646965543993234,0,0.4771641791044776,0.44292929292929295,0.45460921843687374,0.49812500000000004,1
8.158376068376068,36.71269230769231,4.5,1,-1.2257372075686566,1,0.4771641791044776,0.49819277108433735,0.42504725897920603,0.485,1
90.84622641509435,70.80661764705883,0.7794117647058824,0,0.36110672028892987,0,0.44116766467065865,0.43273809523809526,0.45460921843687374,0.4108247422680413,1
29.246457564575646,273.30310344827586,9.344827586206897,0,0.11654597660856125,0,0.44116766467065865,0.43273809523809526,0.42504725897920603,0.42114285714285715,0
19.87138528138528,218.58523809523808,11.0,1,-0.6629667853033131,1,0.419634703196347,0.4452127659574468,0.42504725897920603,0.40918918918918923,1
172.00190476190477,118.42754098360656,0.6885245901639344,0,0.6569286534047558,0,0.44116766467065865,0.43273809523809526,0.42504725897920603,0.42114285714285715,0
29.006736842105262,317.95846153846156,10.961538461538462,1,0.1164235475544097,0,0.4771641791044776,0.49819277108433735,0.4222753346080306,0.43333333333333335,0
7.0280645161290325,34.17568627450981,4.862745098039215,0,-0.5582279938849634,0,0.44116766467065865,0.45191256830601095,0.4222753346080306,0.439247311827957,1
13.153223140495868,23.405,1.7794117647058822,0,-0.23051929850871788,0,0.4251063829787234,0.4875,0.43936605316973415,0.3974093264248705,0
14.821895161290323,47.12602564102564,3.1794871794871793,1,0.3611624086007476,0,0.42025495750708214,0.438860103626943,0.43936605316973415,0.4317919075144509,0
39.53798882681564,186.24473684210525,4.7105263157894735,1,0.14901547878840746,0,0.42025495750708214,0.438860103626943,0.45460921843687374,0.43526315789473685,0
25.846751054852323,94.24123076923077,3.646153846153846,0,0.5389689561996991,0,0.42025495750708214,0.41236559139784945,0.45460921843687374,0.43526315789473685,1
52.76933884297521,912.1557142857143,17.285714285714285,0,-0.6263039565758711,0,0.419634703196347,0.48418079096045197,0.42504725897920603,0.40918918918918923,0
22.413125,35.861,1.6,0,-0.02006630268311771,0,0.42025495750708214,0.4223809523809524,0.42504725897920603,0.4277777777777778,1
5.935642458100559,13.798441558441558,2.324675324675325,1,-0.13941966172049314,0,0.419634703196347,0.37540983606557377,0.45460921843687374,0.4737804878048781,0
324.7557142857143,275.55030303030304,0.8484848484848485,0,0.41445955396013917,0,0.4251063829787234,0.41285714285714287,0.45460921843687374,0.4737704918032787,0
14.834055555555556,111.25541666666668,7.5,1,-0.952669173738652,0,0.419634703196347,0.4452127659574468,0.43936605316973415,0.39441624365482236,0
8.95,154.5909090909091,17.272727272727273,1,-1.4024948857604569,0,0.42815126050420166,0.38846153846153847,0.42504725897920603,0.3806282722513089,0
9.918945147679326,31.343866666666667,3.16,0,0.05522095384318049,0,0.419634703196347,0.48418079096045197,0.45460921843687374,0.4737804878048781,0
19.317950530035333,61.4267415730337,3.1797752808988764,0,0.9199512464894382,0,0.44116766467065865,0.40481283422459896,0.43936605316973415,0.4953757225433526,0
75.94490384615385,607.5592307692308,8.0,1,-0.22309462197939045,0,0.42815126050420166,0.38846153846153847,0.43936605316973415,0.44792899408284026,0
329.9223076923077,238.2772222222222,0.7222222222222222,1,0.38263578219223804,0,0.42815126050420166,0.38846153846153847,0.45460921843687374,0.4381642512077295,1
609.383125,165.25644067796608,0.2711864406779661,0,1.0787516338376477,0,0.42025495750708214,0.41236559139784945,0.42504725897920603,0.4277777777777778,0
38.96254385964912,555.21625,14.25,1,0.02046868655941969,0,0.4251063829787234,0.3842105263157895,0.43936605316973415,0.3974093264248705,0
7.324619883040936,41.75033333333333,5.7,0,-1.0873967846708812,1,0.42025495750708214,0.4223809523809524,0.43936605316973415,0.4317919075144509,1
170.67206896551724,230.20883720930232,1.3488372093023255,0,0.771483063051968,0,0.4251063829787234,0.41285714285714287,0.45460921843687374,0.4737704918032787,0
20.952739726027396,218.50714285714284,10.428571428571429,0,-0.2361419783758387,0,0.44116766467065865,0.45191256830601095,0.45460921843687374,0.4108247422680413,1
7.555454545454546,59.364285714285714,7.857142857142857,0,-1.4993343613789039,0,0.42025495750708214,0.4223809523809524,0.45460921843687374,0.43526315789473685,0
29.000642201834864,57.474000000000004,1.981818181818182,1,-0.2142920643695159,0,0.4771641791044776,0.49819277108433735,0.4222753346080306,0.43333333333333335,0
57.94846153846153,76.60983050847457,1.3220338983050848,1,0.11877793530585382,0,0.42025495750708214,0.438860103626943,0.42504725897920603,0.4277777777777778,1
34.251271186440675,99.79382716049383,2.9135802469135803,0,1.2328719058743722,0,0.42025495750708214,0.4223809523809524,0.4222753346080306,0.39365853658536587,0
47.645411764705884,192.8504761904762,4.0476190476190474,1,-0.7621606106998193,1,0.4771641791044776,0.44292929292929295,0.45460921843687374,0.49812500000000004,1
288.8978125,159.39189655172413,0.5517241379310345,0,0.9650755906514022,0,0.4771641791044776,0.5011428571428571,0.42504725897920603,0.485,0
7.954479999999999,11.172022471910111,1.404494382022472,0,0.0990100569992326,0,0.44116766467065865,0.40481283422459896,0.42504725897920603,0.42114285714285715,0
27.96806324110672,416.23058823529414,14.882352941176471,1,-0.2903864149217201,0,0.42025495750708214,0.41073446327683616,0.43936605316973415,0.4317919075144509,0
72.12927536231884,331.79466666666667,4.6,0,-0.7174733805505039,0,0.4251063829787234,0.41285714285714287,0.45460921843687374,0.4737704918032787,0
52.30193548387096,270.22666666666663,5.166666666666667,1,-0.25238385654022777,0,0.42025495750708214,0.41073446327683616,0.4222753346080306,0.39365853658536587,0
33.23307359307359,451.57882352941175,13.588235294117647,0,-0.18008988520044528,0,0.42815126050420166,0.47056074766355144,0.43936605316973415,0.44792899408284026,0
89.16421568627452,197.71195652173913,2.217391304347826,0,0.6866052875632147,0,0.44116766467065865,0.45191256830601095,0.42504725897920603,0.42114285714285715,1
30.374170212765957,285.5172,9.4,1,-0.11171001571585665,0,0.4771641791044776,0.44292929292929295,0.43936605316973415,0.47803468208092487,0
82.22879120879121,534.4871428571429,6.5,1,-0.2784370161788801,0,0.4771641791044776,0.4591623036649215,0.42504725897920603,0.485,1
9.056444444444445,11.812753623188406,1.3043478260869565,0,-0.3521236746603431,0,0.419634703196347,0.48418079096045197,0.42504725897920603,0.40918918918918923,1
58.99452631578947,119.24425531914893,2.021276595744681,0,0.06689163676123175,0,0.4251063829787234,0.4875,0.45460921843687374,0.4737704918032787,0
51.28313559322034,121.0282,2.36,0,0.2116594149669307,0,0.419634703196347,0.3769230769230769,0.45460921843687374,0.4737804878048781,1
66.07785714285714,120.66391304347826,1.826086956521739,1,0.03607932137230821,0,0.419634703196347,0.4452127659574468,0.43936605316973415,0.39441624365482236,1
99.73659574468086,120.19538461538461,1.205128205128205,1,-0.2686891564275775,0,0.42025495750708214,0.438860103626943,0.45460921843687374,0.43526315789473685,0
5.231978021978022,35.26740740740741,6.7407407407407405,1,-1.2052493609889283,1,0.4771641791044776,0.44292929292929295,0.43936605316973415,0.47803468208092487,1
42.6585520361991,125.70053333333334,2.9466666666666668,0,1.354130903096046,0,0.44116766467065865,0.47210526315789475,0.42504725897920603,0.42114285714285715,0
128.17044776119403,111.52493506493506,0.8701298701298701,0,1.2417538195429194,0,0.42025495750708214,0.4223809523809524,0.42504725897920603,0.4277777777777778,1
7.543897637795276,29.47923076923077,3.9076923076923076,0,-0.23367390933580995,0,0.42815126050420166,0.4191256830601093,0.43936605316973415,0.44792899408284026,1
26.003870967741936,52.57304347826087,2.0217391304347827,1,-0.538820140223882,0,0.419634703196347,0.4452127659574468,0.45460921843687374,0.4737804878048781,0
81.71666666666667,177.05277777777778,2.1666666666666665,0,-0.021914532705031936,0,0.419634703196347,0.3769230769230769,0.42504725897920603,0.40918918918918923,1
21.728061224489796,109.1974358974359,5.0256410256410255,0,-0.34741575485673487,1,0.42815126050420166,0.47056074766355144,0.43936605316973415,0.44792899408284026,1
145.57382352941178,81.13950819672131,0.5573770491803278,1,0.23944017306108256,0,0.4251063829787234,0.3842105263157895,0.42504725897920603,0.42169312169312173,0
33.13886639676114,146.16607142857143,4.410714285714286,0,0.7287976568444015,0,0.419634703196347,0.3769230769230769,0.43936605316973415,0.39441624365482236,1
41.64005952380952,78.6014606741573,1.8876404494382022,0,1.2005106562369166,0,0.4251063829787234,0.4875,0.4222753346080306,0.41350000000000003,1
43.358,192.70222222222222,4.444444444444445,0,-1.43811103244474,1,0.42815126050420166,0.47056074766355144,0.4222753346080306,0.44782608695652176,1
19.473380782918152,62.89678160919541,3.2298850574712645,1,0.8790526426970905,0,0.42815126050420166,0.38846153846153847,0.4222753346080306,0.44782608695652176,1
12.132639999999999,126.38166666666666,10.416666666666666,1,-1.4153408486107373,0,0.419634703196347,0.4452127659574468,0.4222753346080306,0.41345029239766085,0
80.19821138211381,548.021111111111,6.833333333333333,0,0.24233641510046644,0,0.44116766467065865,0.43273809523809526,0.4222753346080306,0.439247311827957,0
31.54240418118467,312.1610344827586,9.89655172413793,0,0.32338041948333696,0,0.4251063829787234,0.41285714285714287,0.43936605316973415,0.3974093264248705,1
2.1954098360655734,15.305142857142856,6.9714285714285715,0,-1.1144089537588953,1,0.4251063829787234,0.41285714285714287,0.4222753346080306,0.41350000000000003,1
42.02605405405405,323.9508333333333,7.708333333333333,0,-0.015723170438887546,0,0.42815126050420166,0.4191256830601093,0.45460921843687374,0.4381642512077295,0
9.51768115942029,19.900606060606062,2.090909090909091,1,-0.32338714849903166,0,0.419634703196347,0.4452127659574468,0.42504725897920603,0.40918918918918923,1
8.136808510638298,127.47666666666666,15.666666666666666,0,-1.5458581066680641,1,0.44116766467065865,0.47210526315789475,0.45460921843687374,0.4108247422680413,1
65.07969465648856,97.9935632183908,1.5057471264367817,0,1.4394960124992857,0,0.42025495750708214,0.4223809523809524,0.4222753346080306,0.39365853658536587,0
2.808838383838384,12.090217391304348,4.304347826086956,0,-0.8806215457558252,1,0.4771641791044776,0.5011428571428571,0.42504725897920603,0.485,1
15.043558558558559,159.03190476190477,10.571428571428571,0,-0.892513224097197,1,0.4251063829787234,0.41285714285714287,0.4222753346080306,0.41350000000000003,1
17.169153846153844,63.77114285714285,3.7142857142857144,1,-0.8030578482348727,0,0.419634703196347,0.37540983606557377,0.42504725897920603,0.40918918918918923,0
33.99873015873016,203.99238095238096,6.0,0,-0.7192144913758096,1,0.44116766467065865,0.47210526315789475,0.42504725897920603,0.42114285714285715,1
13.854331210191084,25.589764705882356,1.8470588235294119,0,0.2320976247688028,0,0.44116766467065865,0.43273809523809526,0.42504725897920603,0.42114285714285715,0
24.481607843137258,79.02291139240506,3.2278481012658227,1,0.8532334457009683,0,0.42815126050420166,0.38846153846153847,0.42504725897920603,0.3806282722513089,1
74.66757142857142,290.37388888888887,3.888888888888889,1,-0.6088862119744691,1,0.42815126050420166,0.42923076923076925,0.4222753346080306,0.44782608695652176,1
8.507615062761506,135.55466666666666,15.933333333333334,1,-1.2577597163149064,1,0.42025495750708214,0.438860103626943,0.45460921843687374,0.43526315789473685,1
59.64238805970149,48.14506024096386,0.8072289156626506,0,0.5244948996707428,0,0.42815126050420166,0.4191256830601093,0.43936605316973415,0.44792899408284026,0
19.44851851851852,14.192162162162163,0.7297297297297297,0,-1.0745253599668119,1,0.42025495750708214,0.4223809523809524,0.43936605316973415,0.4317919075144509,1
243.01052631578946,342.0148148148148,1.4074074074074074,1,0.3149125782491534,0,0.4251063829787234,0.3842105263157895,0.4222753346080306,0.41350000000000003,0
62.39547945205479,293.8625806451613,4.709677419354839,1,0.37567907230215797,0,0.42815126050420166,0.38846153846153847,0.43936605316973415,0.44792899408284026,1
21.166045627376427,129.4574418604651,6.116279069767442,1,-0.023695594134972367,0,0.4771641791044776,0.49819277108433735,0.43936605316973415,0.47803468208092487,1
44.16487394957983,656.9525,14.875,0,-0.8127019457823245,0,0.4251063829787234,0.41285714285714287,0.43936605316973415,0.3974093264248705,1
57.700699300699306,294.6857142857143,5.107142857142857,1,0.15536187886885167,0,0.42815126050420166,0.42923076923076925,0.42504725897920603,0.3806282722513089,0
74.65608,141.39409090909092,1.893939393939394,0,1.1483902001116368,0,0.4251063829787234,0.41285714285714287,0.4222753346080306,0.41350000000000003,0
103.95947368421052,151.94076923076923,1.4615384615384615,0,1.2273531434854437,0,0.4251063829787234,0.41850000000000004,0.45460921843687374,0.4737704918032787,1
12.4075,24.03953125,1.9375,1,-0.3238964303098069,0,0.42025495750708214,0.41073446327683616,0.4222753346080306,0.39365853658536587,0
23.882342657342658,252.97592592592594,10.592592592592593,0,-0.12634145269744634,0,0.44116766467065865,0.45191256830601095,0.45460921843687374,0.4108247422680413,1
14.89047619047619,26.425352112676055,1.7746478873239437,1,-0.1155355479237859,0,0.42815126050420166,0.38846153846153847,0.43936605316973415,0.44792899408284026,1
50.7660621761658,148.45227272727274,2.9242424242424243,1,1.2338933210018697,0,0.42815126050420166,0.42923076923076925,0.42504725897920603,0.3806282722513089,0
21.401587837837837,81.21628205128205,3.7948717948717947,1,0.8492188626879118,0,0.4251063829787234,0.3842105263157895,0.45460921843687374,0.4737704918032787,1
28.885984251968505,135.8711111111111,4.703703703703703,1,-0.7066830565192836,0,0.4771641791044776,0.4591623036649215,0.45460921843687374,0.49812500000000004,0
43.99471153846154,381.28749999999997,8.666666666666666,0,-0.8538971524972513,0,0.42025495750708214,0.4223809523809524,0.4222753346080306,0.39365853658536587,0
11.918409893992932,38.32852272727273,3.215909090909091,0,0.5146810012924462,0,0.42815126050420166,0.47056074766355144,0.42504725897920603,0.3806282722513089,0
41.2034705882353,206.01735294117648,5.0,1,0.05202248857769798,0,0.42815126050420166,0.42923076923076925,0.45460921843687374,0.4381642512077295,0
85.97592105263158,435.61133333333333,5.066666666666666,0,-0.43164619738393395,0,0.44116766467065865,0.40481283422459896,0.43936605316973415,0.4953757225433526,0
10.421564885496183,390.0642857142857,37.42857142857143,1,-1.29709891993299,1,0.419634703196347,0.4452127659574468,0.4222753346080306,0.41345029239766085,1
160.30653846153848,94.72659090909092,0.5909090909090909,1,1.425625862343133,0,0.4771641791044776,0.44292929292929295,0.43936605316973415,0.47803468208092487,0
12.098360655737705,23.806451612903224,1.967741935483871,0,-1.1609212567412845,0,0.42815126050420166,0.47056074766355144,0.4222753346080306,0.44782608695652176,0
61.94185185185185,125.43225,2.025,1,-0.18726767153181922,0,0.4771641791044776,0.49819277108433735,0.43936605316973415,0.47803468208092487,0
35.250727272727275,220.31704545454548,6.25,0,0.7547624417739169,0,0.42025495750708214,0.41236559139784945,0.45460921843687374,0.43526315789473685,1
174.038125,84.38212121212122,0.48484848484848486,1,0.45774472472403815,0,0.419634703196347,0.37540983606557377,0.4222753346080306,0.41345029239766085,0
37.8480701754386,36.56508474576271,0.9661016949152542,0,-0.31487545113605653,0,0.419634703196347,0.3769230769230769,0.43936605316973415,0.39441624365482236,0
30.708419243986253,229.13205128205126,7.461538461538462,1,0.5111120074823069,0,0.4771641791044776,0.4591623036649215,0.42504725897920603,0.485,0
74.4691891891892,71.56779220779221,0.961038961038961,1,0.6770374962495589,0,0.42025495750708214,0.438860103626943,0.42504725897920603,0.4277777777777778,0
44.20428571428571,105.57023529411764,2.388235294117647,0,1.4799065009342351,0,0.42025495750708214,0.4223809523809524,0.4222753346080306,0.39365853658536587,0
11.270730769230768,52.32839285714285,4.642857142857143,1,-0.23572064342456034,0,0.42815126050420166,0.42923076923076925,0.43936605316973415,0.44792899408284026,0
79.2820325203252,1218.96125,15.375,0,0.012534222732506595,0,0.4251063829787234,0.4875,0.43936605316973415,0.3974093264248705,0
21.355140562248998,115.59630434782609,5.413043478260869,0,-0.006707112834119174,0,0.42815126050420166,0.4191256830601093,0.45460921843687374,0.4381642512077295,0
45.69092024539877,124.127,2.716666666666667,0,0.677046713218953,0,0.4251063829787234,0.4875,0.4222753346080306,0.41350000000000003,1
25.462114537444933,94.75245901639343,3.721311475409836,0,0.39185502914050974,0,0.4251063829787234,0.4875,0.43936605316973415,0.3974093264248705,1
35.47404761904762,54.50890243902438,1.5365853658536586,0,0.5905270194426329,0,0.419634703196347,0.48418079096045197,0.43936605316973415,0.39441624365482236,0
22.12088122605364,240.56458333333333,10.875,1,-0.38304849832828325,0,0.419634703196347,0.4452127659574468,0.43936605316973415,0.39441624365482236,0
54.66820689655172,132.11483333333334,2.4166666666666665,0,0.7650148583955413,0,0.42025495750708214,0.4223809523809524,0.42504725897920603,0.4277777777777778,1
7.482241379310345,96.43777777777778,12.88888888888889,0,-1.5971317131009306,0,0.42815126050420166,0.4191256830601093,0.42504725897920603,0.3806282722513089,0
66.66445945945947,60.903333333333336,0.9135802469135802,1,0.6546777915648476,0,0.4771641791044776,0.44292929292929295,0.42504725897920603,0.485,0
33.71545454545454,161.8341818181818,4.8,1,0.8392277456875141,0,0.42025495750708214,0.41073446327683616,0.45460921843687374,0.43526315789473685,0
14.949879518072288,74.4504,4.98,0,-0.21579929018946245,0,0.419634703196347,0.48418079096045197,0.43936605316973415,0.39441624365482236,1
48.871833333333335,837.8028571428571,17.142857142857142,0,-0.7218342015735946,0,0.4251063829787234,0.41285714285714287,0.45460921843687374,0.4737704918032787,1
53.71028571428571,28.057611940298507,0.5223880597014925,0,-0.19851112154857087,0,0.42815126050420166,0.4191256830601093,0.45460921843687374,0.4381642512077295,0
17.49813559322034,36.013604651162794,2.058139534883721,1,0.4222463201268382,0,0.419634703196347,0.37540983606557377,0.45460921843687374,0.4737804878048781,0
17.490180180180182,22.061477272727274,1.2613636363636365,1,0.25193474173043306,0,0.419634703196347,0.37540983606557377,0.42504725897920603,0.40918918918918923,0
155.90681818181818,51.968939393939394,0.3333333333333333,1,0.06509003335608288,0,0.419634703196347,0.37540983606557377,0.45460921843687374,0.4737804878048781,0
123.8296551724138,128.25214285714284,1.0357142857142858,0,-0.6999887002686406,1,0.42025495750708214,0.41236559139784945,0.45460921843687374,0.43526315789473685,1
92.14790322580646,238.04875,2.5833333333333335,0,-0.3941310125807138,0,0.42815126050420166,0.4191256830601093,0.4222753346080306,0.44782608695652176,0
27.958411214953273,135.97954545454547,4.863636363636363,0,-0.9354974585647198,0,0.419634703196347,0.3769230769230769,0.43936605316973415,0.39441624365482236,0
27.749652777777776,998.9875,36.0,1,-0.3104683899916536,0,0.4251063829787234,0.3842105263157895,0.45460921843687374,0.4737704918032787,0
31.219446494464943,528.779375,16.9375,0,-0.05716948342460815,0,0.4251063829787234,0.4875,0.45460921843687374,0.4737704918032787,0
23.74377906976744,97.23642857142856,4.095238095238095,1,-0.31675859458306777,0,0.42025495750708214,0.41073446327683616,0.43936605316973415,0.4317919075144509,0
36.287333333333336,111.48518072289157,3.072289156626506,0,1.4894390269199236,0,0.44116766467065865,0.40481283422459896,0.4222753346080306,0.439247311827957,1
104.81523076923077,148.10847826086956,1.4130434782608696,0,0.26779711067308604,0,0.44116766467065865,0.47210526315789475,0.43936605316973415,0.4953757225433526,0
49.17187817258883,276.7674285714286,5.628571428571429,0,0.5652545569492455,0,0.4251063829787234,0.41285714285714287,0.43936605316973415,0.3974093264248705,1
53.024825581395355,396.5334782608696,7.478260869565218,1,0.21031710807263293,0,0.419634703196347,0.4452127659574468,0.42504725897920603,0.40918918918918923,0
24.23639175257732,522.4288888888889,21.555555555555557,0,-0.893430602755144,0,0.42815126050420166,0.4191256830601093,0.4222753346080306,0.44782608695652176,0
152.87237288135591,106.11141176470588,0.6941176470588235,1,1.4883496220937549,0,0.4771641791044776,0.44292929292929295,0.43936605316973415,0.47803468208092487,0
10.103639705882353,37.137702702702704,3.675675675675676,0,0.10725034071811934,0,0.44116766467065865,0.45191256830601095,0.4222753346080306,0.439247311827957,0
58.53204379562044,125.29515625,2.140625,1,0.865548453109884,0,0.42025495750708214,0.41073446327683616,0.45460921843687374,0.43526315789473685,1
4.4297154471544715,19.81290909090909,4.472727272727273,1,-0.5944821392604497,0,0.419634703196347,0.4452127659574468,0.45460921843687374,0.4737804878048781,0
61.47304347826088,75.74357142857143,1.2321428571428572,0,0.0049541961497951426,0,0.42815126050420166,0.4191256830601093,0.4222753346080306,0.44782608695652176,0
44.08069182389937,78.75089887640449,1.7865168539325842,1,1.2029518195286908,0,0.42025495750708214,0.438860103626943,0.4222753346080306,0.39365853658536587,0
138.74599999999998,208.119,1.5,1,-0.17130712609625237,0,0.42025495750708214,0.41073446327683616,0.43936605316973415,0.4317919075144509,1
39.04516129032258,279.3230769230769,7.153846153846154,1,-1.006298730808786,0,0.42025495750708214,0.438860103626943,0.45460921843687374,0.43526315789473685,0
64.80590163934426,138.70736842105262,2.1403508771929824,1,0.6985038005718611,0,0.4771641791044776,0.4591623036649215,0.43936605316973415,0.47803468208092487,1
38.15121951219513,159.071186440678,4.169491525423729,0,1.0117701511258315,0,0.4251063829787234,0.4875,0.45460921843687374,0.4737704918032787,0
43.69386363636364,480.6325,11.0,0,-0.6350844903426873,0,0.42025495750708214,0.41236559139784945,0.4222753346080306,0.39365853658536587,0
30.652583333333332,43.78940476190476,1.4285714285714286,1,0.48708863155186793,0,0.4771641791044776,0.4591623036649215,0.4222753346080306,0.43333333333333335,0
97.52461538461539,84.52133333333333,0.8666666666666667,1,-0.3055022583650799,0,0.42815126050420166,0.38846153846153847,0.45460921843687374,0.4381642512077295,0
78.59457446808511,388.8363157894737,4.947368421052632,0,-0.1913018581124295,0,0.44116766467065865,0.43273809523809526,0.42504725897920603,0.42114285714285715,1
36.656666666666666,705.6408333333334,19.25,0,-0.1394916328900908,0,0.44116766467065865,0.47210526315789475,0.42504725897920603,0.42114285714285715,0
7.604772727272728,20.0766,2.64,1,-0.7148042698671778,0,0.4771641791044776,0.44292929292929295,0.42504725897920603,0.485,1
17.57611111111111,225.97857142857143,12.857142857142858,0,-1.5079199843639564,0,0.44116766467065865,0.45191256830601095,0.42504725897920603,0.42114285714285715,0
10.965823529411765,35.84980769230769,3.269230769230769,0,-0.5150648606085596,0,0.4251063829787234,0.4875,0.42504725897920603,0.42169312169312173,1
13.72469298245614,35.15988764044944,2.561797752808989,1,0.49086632277927666,0,0.42815126050420166,0.38846153846153847,0.42504725897920603,0.3806282722513089,0
22.927125506072876,131.69767441860466,5.744186046511628,1,-0.006014597150264922,0,0.42815126050420166,0.42923076923076925,0.4222753346080306,0.44782608695652176,1
36.11940828402367,145.33761904761906,4.023809523809524,0,0.05405043851519081,0,0.42815126050420166,0.47056074766355144,0.43936605316973415,0.44792899408284026,1
11.597358490566037,18.348059701492538,1.5820895522388059,1,-0.3179152093553973,0,0.42025495750708214,0.438860103626943,0.4222753346080306,0.39365853658536587,0
30.506739130434784,323.84076923076924,10.615384615384615,0,-0.9000750893164184,0,0.44116766467065865,0.43273809523809526,0.4222753346080306,0.439247311827957,0
9.037455830388692,37.06666666666666,4.101449275362318,1,-0.0322909032932463,0,0.419634703196347,0.4452127659574468,0.43936605316973415,0.39441624365482236,0
21.309653679653678,66.52067567567568,3.1216216216216215,0,0.5063419942396475,0,0.44116766467065865,0.47210526315789475,0.43936605316973415,0.4953757225433526,0
61.342352941176465,26.738974358974357,0.4358974358974359,0,-0.9376780260410079,1,0.42025495750708214,0.4223809523809524,0.43936605316973415,0.4317919075144509,1
47.34305555555556,70.04178082191781,1.4794520547945205,1,0.5203993614302069,0,0.4771641791044776,0.49819277108433735,0.42504725897920603,0.485,0
77.38084745762713,134.2785294117647,1.7352941176470589,1,-0.39566850452247493,0,0.4771641791044776,0.44292929292929295,0.43936605316973415,0.47803468208092487,0
27.0190625,68.00303370786517,2.5168539325842696,1,1.027378950477598,0,0.42025495750708214,0.41073446327683616,0.4222753346080306,0.39365853658536587,1
19.94734693877551,25.062051282051282,1.2564102564102564,1,0.04528138502853041,0,0.4771641791044776,0.44292929292929295,0.45460921843687374,0.49812500000000004,1
124.49892307692308,144.50767857142858,1.1607142857142858,0,0.7117517294077795,0,0.4251063829787234,0.41850000000000004,0.42504725897920603,0.42169312169312173,0
127.71081967213114,87.53213483146067,0.6853932584269663,0,1.3463986125678105,0,0.4251063829787234,0.41850000000000004,0.43936605316973415,0.3974093264248705,1
72.43442477876107,143.5980701754386,1.9824561403508771,1,0.7496709502596728,0,0.419634703196347,0.37540983606557377,0.4222753346080306,0.41345029239766085,1
32.35846153846154,57.36272727272728,1.7727272727272727,0,0.13043061382515803,0,0.42815126050420166,0.4191256830601093,0.45460921843687374,0.4381642512077295,1
29.903617021276595,602.3442857142857,20.142857142857142,0,-0.10406820962357965,0,0.42025495750708214,0.4223809523809524,0.42504725897920603,0.4277777777777778,0
15.832142857142857,129.93275862068967,8.206896551724139,1,-0.6465910357780015,1,0.419634703196347,0.37540983606557377,0.45460921843687374,0.4737804878048781,1
45.72838323353294,587.4338461538462,12.846153846153847,1,-0.2711157913047202,0,0.42025495750708214,0.41073446327683616,0.43936605316973415,0.4317919075144509,1
45.73101941747573,142.73621212121213,3.121212121212121,1,1.1646487147270774,0,0.42815126050420166,0.42923076923076925,0.42504725897920603,0.3806282722513089,1
17.872372093023255,53.36888888888889,2.986111111111111,0,0.26629402328880875,0,0.42025495750708214,0.41236559139784945,0.45460921843687374,0.43526315789473685,0
110.22397058823529,234.2259375,2.125,1,0.10025387685193321,0,0.4771641791044776,0.49819277108433735,0.43936605316973415,0.47803468208092487,0
16.712416666666666,97.82878048780488,5.853658536585366,0,-0.351060121564219,1,0.4251063829787234,0.4875,0.4222753346080306,0.41350000000000003,1
3.324623287671233,29.417878787878788,8.848484848484848,1,-1.0763698810930977,1,0.42025495750708214,0.41073446327683616,0.4222753346080306,0.39365853658536587,1
19.857272727272726,26.211599999999997,1.32,0,-1.3015733842712804,1,0.42815126050420166,0.47056074766355144,0.45460921843687374,0.4381642512077295,1
56.436800000000005,176.365,3.125,0,-1.092118097852938,0,0.42815126050420166,0.4191256830601093,0.42504725897920603,0.3806282722513089,0
11.724311926605505,32.76794871794872,2.7948717948717947,1,0.15560361120550809,0,0.42815126050420166,0.42923076923076925,0.45460921843687374,0.4381642512077295,1
751.7453846153846,143.7160294117647,0.19117647058823528,1,1.2710989770174883,0,0.419634703196347,0.4452127659574468,0.45460921843687374,0.4737804878048781,0
15.536073298429319,47.10142857142857,3.0317460317460316,0,-0.08254657058273107,0,0.44116766467065865,0.47210526315789475,0.4222753346080306,0.439247311827957,1
24.809353741496597,123.62627118644068,4.983050847457627,1,0.627929344063966,0,0.4251063829787234,0.3842105263157895,0.45460921843687374,0.4737704918032787,0
54.34377049180328,80.85292682926828,1.4878048780487805,1,-0.4788100510911186,0,0.419634703196347,0.4452127659574468,0.4222753346080306,0.41345029239766085,0
28.068972972972976,85.1272131147541,3.0327868852459017,0,0.28408776484484766,0,0.44116766467065865,0.45191256830601095,0.43936605316973415,0.4953757225433526,1
21.04666666666667,31.570000000000004,1.5,1,-0.12861082611331376,0,0.4771641791044776,0.4591623036649215,0.45460921843687374,0.49812500000000004,0
267.56333333333333,71.88268656716419,0.26865671641791045,1,0.34043165667479497,0,0.4771641791044776,0.49819277108433735,0.4222753346080306,0.43333333333333335,1
34.16134387351779,151.62842105263158,4.43859649122807,0,0.8336855121802598,0,0.4771641791044776,0.5011428571428571,0.4222753346080306,0.43333333333333335,0
18.94264957264957,492.50888888888886,26.0,1,-0.9428558998385242,1,0.4251063829787234,0.3842105263157895,0.45460921843687374,0.4737704918032787,1
20.369090909090907,122.21454545454544,6.0,1,-1.4678629981463567,1,0.4771641791044776,0.49819277108433735,0.45460921843687374,0.49812500000000004,1
40.5237323943662,639.3744444444444,15.777777777777779,1,-0.7002464842419658,0,0.4251063829787234,0.3842105263157895,0.4222753346080306,0.41350000000000003,0
14.164730290456431,170.685,12.05,0,-0.8998371435125608,0,0.44116766467065865,0.40481283422459896,0.4222753346080306,0.439247311827957,0
3.177542662116041,25.162702702702703,7.918918918918919,1,-1.000022157578536,1,0.42025495750708214,0.438860103626943,0.42504725897920603,0.4277777777777778,1
32.79819494584838,165.18363636363637,5.036363636363636,1,0.8730406104702695,0,0.42025495750708214,0.41073446327683616,0.4222753346080306,0.39365853658536587,1
2.315687732342007,7.159999999999999,3.0919540229885056,0,-0.010980809794811752,0,0.42815126050420166,0.4191256830601093,0.4222753346080306,0.44782608695652176,1
64.71755102040817,41.72578947368421,0.6447368421052632,0,0.22670851597755554,0,0.42815126050420166,0.47056074766355144,0.42504725897920603,0.3806282722513089,0
41.3519540229885,719.524,17.4,0,-0.41486855951015517,0,0.4771641791044776,0.5011428571428571,0.4222753346080306,0.43333333333333335,1
175.75454545454545,66.6655172413793,0.3793103448275862,0,0.9392337419532503,0,0.4251063829787234,0.4875,0.43936605316973415,0.3974093264248705,0
3.4946382978723403,9.66164705882353,2.764705882352941,0,-0.016403621028203252,0,0.419634703196347,0.48418079096045197,0.43936605316973415,0.39441624365482236,0
15.255092592592591,19.613690476190477,1.2857142857142858,0,0.11435052881477137,0,0.42025495750708214,0.4223809523809524,0.43936605316973415,0.4317919075144509,1
8.156,33.83872340425532,4.148936170212766,0,-0.669873470229683,0,0.42025495750708214,0.4223809523809524,0.43936605316973415,0.4317919075144509,0
67.67587412587412,116.59819277108433,1.7228915662650603,0,1.5673323259998586,0,0.44116766467065865,0.40481283422459896,0.4222753346080306,0.439247311827957,1
11.55875,55.86729166666667,4.833333333333333,0,-0.44867427907695256,0,0.4771641791044776,0.5011428571428571,0.4222753346080306,0.43333333333333335,0
32.741552346570394,124.23849315068493,3.7945205479452055,1,1.246573857749289,0,0.419634703196347,0.37540983606557377,0.45460921843687374,0.4737804878048781,0
7.0260563380281695,83.14166666666667,11.833333333333334,0,-1.076513241998713,1,0.42025495750708214,0.4223809523809524,0.45460921843687374,0.43526315789473685,1
53.585,94.56176470588235,1.7647058823529411,0,-1.294084468293097,0,0.42025495750708214,0.41236559139784945,0.42504725897920603,0.4277777777777778,0
4.215,23.282857142857143,5.523809523809524,1,-0.8868619962684264,1,0.4251063829787234,0.3842105263157895,0.45460921843687374,0.4737704918032787,1
24.07890410958904,24.75718309859155,1.028169014084507,0,-0.1372747494484277,0,0.419634703196347,0.48418079096045197,0.42504725897920603,0.40918918918918923,0
16.340769230769233,39.986823529411765,2.447058823529412,1,0.4567121795288542,0,0.4771641791044776,0.44292929292929295,0.43936605316973415,0.47803468208092487,0
43.92685185185186,79.06833333333334,1.8,1,-0.8819095702593855,1,0.4771641791044776,0.49819277108433735,0.4222753346080306,0.43333333333333335,1
33.3271914893617,211.6727027027027,6.351351351351352,1,0.26660570146701756,0,0.419634703196347,0.37540983606557377,0.45460921843687374,0.4737804878048781,1
10.832779783393502,176.5105882352941,16.294117647058822,1,-1.0383808730547963,0,0.419634703196347,0.37540983606557377,0.42504725897920603,0.40918918918918923,0
239.27,169.48291666666668,0.7083333333333334,0,0.5523036209121615,0,0.44116766467065865,0.47210526315789475,0.42504725897920603,0.42114285714285715,1
286.88,117.69435897435898,0.41025641025641024,0,-0.2865922442080028,1,0.419634703196347,0.3769230769230769,0.42504725897920603,0.40918918918918923,0
85.96948979591836,123.89720588235295,1.4411764705882353,1,1.0237375525770176,0,0.4771641791044776,0.4591623036649215,0.42504725897920603,0.485,1
45.85994011976048,957.32625,20.875,0,-0.3716424737146179,0,0.4251063829787234,0.4875,0.42504725897920603,0.42169312169312173,1
47.59350282485875,351.0020833333333,7.375,0,0.10344047196100464,0,0.44116766467065865,0.40481283422459896,0.42504725897920603,0.42114285714285715,1
33.0431914893617,122.60763157894738,3.710526315789474,0,1.354970138368674,0,0.44116766467065865,0.45191256830601095,0.45460921843687374,0.4108247422680413,0
79.00323076923077,61.87,0.7831325301204819,0,0.7335851242640076,0,0.42815126050420166,0.47056074766355144,0.4222753346080306,0.44782608695652176,0
41.06333333333333,211.8868,5.16,1,-0.44957435714189325,0,0.42025495750708214,0.438860103626943,0.4222753346080306,0.39365853658536587,0
38.105819209039545,143.50489361702128,3.765957446808511,0,0.2761800911556331,0,0.42815126050420166,0.47056074766355144,0.43936605316973415,0.44792899408284026,0
13.24741379310345,18.514457831325302,1.3975903614457832,0,0.07309260418262431,0,0.4251063829787234,0.41850000000000004,0.42504725897920603,0.42169312169312173,1
42.649338235294124,113.73156862745098,2.6666666666666665,0,0.18648282430150825,0,0.419634703196347,0.3769230769230769,0.43936605316973415,0.39441624365482236,0
15.786079545454545,40.265942028985506,2.550724637681159,1,0.008226900966840589,0,0.42025495750708214,0.438860103626943,0.4222753346080306,0.39365853658536587,0
38.74854651162791,133.295,3.44,0,0.3242355874012759,0,0.4771641791044776,0.5011428571428571,0.45460921843687374,0.49812500000000004,1
23.465797872340424,65.84432835820895,2.8059701492537314,1,0.26617440607681814,0,0.4771641791044776,0.49819277108433735,0.43936605316973415,0.47803468208092487,1
16.097166666666666,43.40808988764045,2.696629213483146,0,0.6256056882573614,0,0.4251063829787234,0.41850000000000004,0.43936605316973415,0.3974093264248705,0
15.045555555555556,78.98916666666666,5.25,0,-1.0948054475369247,1,0.42025495750708214,0.41236559139784945,0.4222753346080306,0.39365853658536587,1
35.879999999999995,557.195294117647,15.529411764705882,1,0.1494634882668291,0,0.4771641791044776,0.44292929292929295,0.43936605316973415,0.47803468208092487,0
31.934026548672566,91.35556962025316,2.8607594936708862,0,1.0320587518595978,0,0.4251063829787234,0.41850000000000004,0.45460921843687374,0.4737704918032787,0
65.08043478260869,174.05232558139534,2.6744186046511627,0,0.32826875962746227,0,0.4771641791044776,0.5011428571428571,0.42504725897920603,0.485,1
66.98192660550458,117.75854838709677,1.7580645161290323,0,0.6919643648345608,0,0.4251063829787234,0.4875,0.4222753346080306,0.41350000000000003,0
66.68608108108108,58.74726190476191,0.8809523809523809,0,0.7177069796407867,0,0.419634703196347,0.48418079096045197,0.42504725897920603,0.40918918918918923,1
27.16852140077821,179.03358974358974,6.589743589743589,1,0.1524922716928249,0,0.4251063829787234,0.3842105263157895,0.45460921843687374,0.4737704918032787,1
7.7194927536231885,18.689298245614033,2.4210526315789473,0,-0.55714065912183,0,0.42815126050420166,0.47056074766355144,0.42504725897920603,0.3806282722513089,0
125.36342857142859,76.97754385964913,0.6140350877192983,1,0.052678450313461245,0,0.4771641791044776,0.49819277108433735,0.4222753346080306,0.43333333333333335,0
34.46920187793427,203.94277777777776,5.916666666666667,0,0.15576544571369755,0,0.42025495750708214,0.4223809523809524,0.4222753346080306,0.39365853658536587,0
3.291343873517787,23.79171428571429,7.228571428571429,1,-1.0598902520629787,0,0.4771641791044776,0.4591623036649215,0.43936605316973415,0.47803468208092487,0
17.7157,141.7256,8.0,1,-0.7715197442599917,0,0.42025495750708214,0.438860103626943,0.45460921843687374,0.43526315789473685,0
49.77192307692308,79.22877551020409,1.5918367346938775,1,-0.20740064963690308,0,0.42025495750708214,0.41073446327683616,0.43936605316973415,0.4317919075144509,0
23.38132978723404,274.730625,11.75,1,-0.8032440492244542,1,0.42815126050420166,0.42923076923076925,0.4222753346080306,0.44782608695652176,0
8.427789855072465,41.53696428571429,4.928571428571429,0,-0.346641229927191,0,0.42025495750708214,0.4223809523809524,0.4222753346080306,0.39365853658536587,0
52.50881578947369,166.27791666666667,3.1666666666666665,0,-0.7102891907822979,0,0.419634703196347,0.3769230769230769,0.4222753346080306,0.41345029239766085,0
33.97494845360824,549.2616666666667,16.166666666666668,0,0.24643499978507677,0,0.42815126050420166,0.4191256830601093,0.45460921843687374,0.4381642512077295,1
18.163181818181815,38.98439024390244,2.1463414634146343,1,-0.79388714269206,0,0.42815126050420166,0.38846153846153847,0.43936605316973415,0.44792899408284026,0
15.377456140350876,120.89862068965517,7.862068965517241,0,-0.69467828170371,0,0.44116766467065865,0.47210526315789475,0.45460921843687374,0.4108247422680413,0
85.99852459016394,102.86098039215686,1.196078431372549,1,0.08472485971807814,0,0.419634703196347,0.37540983606557377,0.43936605316973415,0.39441624365482236,1
21.53548523206751,268.62684210526317,12.473684210526315,0,-0.6105175073715611,1,0.4251063829787234,0.41285714285714287,0.42504725897920603,0.42169312169312173,1
21.752653061224493,29.60777777777778,1.3611111111111112,1,-0.04771666540046271,0,0.42815126050420166,0.42923076923076925,0.45460921843687374,0.4381642512077295,0
103.72295454545456,142.6190625,1.375,0,1.0690515340488929,0,0.42025495750708214,0.4223809523809524,0.43936605316973415,0.4317919075144509,0
80.74117647058823,17.825974025974023,0.22077922077922077,0,-0.08249834141635659,0,0.42025495750708214,0.41236559139784945,0.45460921843687374,0.43526315789473685,0
29.247692307692308,90.0521052631579,3.0789473684210527,0,0.9008366767315632,0,0.4251063829787234,0.41850000000000004,0.45460921843687374,0.4737704918032787,1
121.52173913043478,182.2826086956522,1.5,0,0.5563334344551889,0,0.4251063829787234,0.4875,0.4222753346080306,0.41350000000000003,0
18.821575342465753,64.65764705882353,3.4352941176470586,1,0.8416120476579025,0,0.42815126050420166,0.38846153846153847,0.42504725897920603,0.3806282722513089,0
9.602745098039216,22.26090909090909,2.3181818181818183,1,-0.8447446462913132,0,0.42025495750708214,0.41073446327683616,0.4222753346080306,0.39365853658536587,0
15.691380753138075,57.696,3.6769230769230767,0,0.10296617952209619,0,0.4251063829787234,0.41285714285714287,0.43936605316973415,0.3974093264248705,0
34.529199999999996,287.7433333333333,8.333333333333334,0,0.26713497841200295,0,0.4251063829787234,0.4875,0.43936605316973415,0.3974093264248705,1
86.15695652173913,69.53017543859649,0.8070175438596491,0,-0.025236874299933598,0,0.44116766467065865,0.45191256830601095,0.4222753346080306,0.439247311827957,0
44.77529411764706,444.0216666666667,9.916666666666666,0,-0.7157218037994664,1,0.44116766467065865,0.43273809523809526,0.45460921843687374,0.4108247422680413,1
18.097051282051282,114.45162162162163,6.324324324324325,1,-0.39364270228518816,0,0.42025495750708214,0.41073446327683616,0.43936605316973415,0.4317919075144509,0
8.836984126984127,26.510952380952382,3.0,0,-0.8619768143813026,1,0.4251063829787234,0.4875,0.4222753346080306,0.41350000000000003,1
44.604927536231884,39.970649350649346,0.8961038961038961,0,0.23047347627806958,0,0.42815126050420166,0.47056074766355144,0.42504725897920603,0.3806282722513089,0
391.53736842105263,826.5788888888889,2.111111111111111,0,-0.3910006526244581,0,0.42815126050420166,0.4191256830601093,0.43936605316973415,0.44792899408284026,1
455.302,479.26526315789476,1.0526315789473684,0,0.1240578945012436,0,0.4771641791044776,0.5011428571428571,0.4222753346080306,0.43333333333333335,0
491.1375,136.42708333333334,0.2777777777777778,0,1.363934647787695,0,0.419634703196347,0.3769230769230769,0.43936605316973415,0.39441624365482236,1
35.18824175824176,60.41754716981132,1.7169811320754718,0,-0.2485793372017353,0,0.42815126050420166,0.4191256830601093,0.4222753346080306,0.44782608695652176,0
6.862791878172589,45.065666666666665,6.566666666666666,1,-1.0691412883551021,0,0.4771641791044776,0.4591623036649215,0.4222753346080306,0.43333333333333335,0
34.884,33.3161797752809,0.9550561797752809,0,0.4607482412343722,0,0.44116766467065865,0.47210526315789475,0.4222753346080306,0.439247311827957,0
20.46476923076923,85.82000000000001,4.193548387096774,0,-0.8080685397959786,1,0.42815126050420166,0.47056074766355144,0.43936605316973415,0.44792899408284026,1
78.2856,156.5712,2.0,0,0.5378483881982488,0,0.44116766467065865,0.43273809523809526,0.45460921843687374,0.4108247422680413,1
101.6880357142857,474.5441666666666,4.666666666666667,0,-0.6484943692973507,0,0.42025495750708214,0.41236559139784945,0.43936605316973415,0.4317919075144509,0
83.28397435897435,99.94076923076922,1.2,0,0.6069672843729013,0,0.44116766467065865,0.40481283422459896,0.4222753346080306,0.439247311827957,1
18.152421052631578,66.32615384615384,3.6538461538461537,0,-0.2241864884352508,0,0.44116766467065865,0.45191256830601095,0.4222753346080306,0.439247311827957,1
52.263783783783786,33.92561403508772,0.6491228070175439,0,-0.3977363670912177,0,0.42025495750708214,0.4223809523809524,0.42504725897920603,0.4277777777777778,0
538.54625,99.04298850574712,0.1839080459770115,1,1.4562537725398106,0,0.4251063829787234,0.3842105263157895,0.4222753346080306,0.41350000000000003,0
141.9906,81.60379310344827,0.5747126436781609,1,1.1777757757042662,0,0.42025495750708214,0.438860103626943,0.42504725897920603,0.4277777777777778,1
149.9743137254902,364.2233333333333,2.4285714285714284,0,-0.10160935586254399,0,0.4251063829787234,0.41285714285714287,0.45460921843687374,0.4737704918032787,0
53.25295918367347,81.54359375,1.53125,0,0.3516009844409403,0,0.42815126050420166,0.47056074766355144,0.42504725897920603,0.3806282722513089,1
37.07388888888889,266.932,7.2,1,-0.546521890364603,0,0.419634703196347,0.4452127659574468,0.43936605316973415,0.39441624365482236,0
662.3072727272728,137.46,0.20754716981132076,1,0.5008853252897704,0,0.419634703196347,0.4452127659574468,0.4222753346080306,0.41345029239766085,1
8.423916083916083,16.278648648648648,1.9324324324324325,0,-0.17606593163405437,0,0.4251063829787234,0.4875,0.4222753346080306,0.41350000000000003,1
38.6464,202.21953488372094,5.232558139534884,0,0.5505779752187405,0,0.42025495750708214,0.4223809523809524,0.42504725897920603,0.4277777777777778,1
29.705625,30.663870967741936,1.032258064516129,0,-0.2991607798536179,0,0.42025495750708214,0.4223809523809524,0.43936605316973415,0.4317919075144509,0
9.407768924302788,131.1861111111111,13.944444444444445,0,-1.1348155708454444,0,0.4251063829787234,0.4875,0.4222753346080306,0.41350000000000003,0
78.87258620689654,62.6658904109589,0.7945205479452054,1,0.4215707927969058,0,0.4771641791044776,0.4591623036649215,0.42504725897920603,0.485,0
31.512534722222224,201.68022222222223,6.4,1,0.6621803768775801,0,0.419634703196347,0.4452127659574468,0.45460921843687374,0.4737804878048781,0
24.049855072463767,55.31466666666667,2.3,0,-1.012706365248199,1,0.419634703196347,0.48418079096045197,0.42504725897920603,0.40918918918918923,1
56.59496124031008,128.08333333333334,2.263157894736842,1,0.5873537814290262,0,0.419634703196347,0.4452127659574468,0.45460921843687374,0.4737804878048781,0
68.0161038961039,168.9432258064516,2.4838709677419355,0,-0.3351032470508954,0,0.42815126050420166,0.4191256830601093,0.45460921843687374,0.4381642512077295,0
38.17777777777778,8.924675324675325,0.23376623376623376,0,-0.2083008466932018,0,0.419634703196347,0.48418079096045197,0.43936605316973415,0.39441624365482236,0
39.2,52.0625,1.328125,0,0.005288015472019014,0,0.4251063829787234,0.41850000000000004,0.43936605316973415,0.3974093264248705,1
201.8105,171.7536170212766,0.851063829787234,0,0.519872428813956,0,0.4771641791044776,0.5011428571428571,0.45460921843687374,0.49812500000000004,0
54.183458646616536,82.83218390804598,1.528735632183908,0,1.1973913487111765,0,0.4771641791044776,0.5011428571428571,0.45460921843687374,0.49812500000000004,1
7.2253768844221105,17.534756097560976,2.426829268292683,1,0.03403723289643912,0,0.419634703196347,0.37540983606557377,0.42504725897920603,0.40918918918918923,0
47.636,146.5723076923077,3.076923076923077,0,-0.7014652700905173,0,0.42025495750708214,0.4223809523809524,0.42504725897920603,0.4277777777777778,0
8.34087837837838,61.722500000000004,7.4,1,-0.6550147483080948,1,0.42815126050420166,0.42923076923076925,0.42504725897920603,0.3806282722513089,1
31.42932773109244,81.30630434782609,2.5869565217391304,0,-0.29622173739405344,0,0.42025495750708214,0.4223809523809524,0.42504725897920603,0.4277777777777778,0
3.0460309278350515,10.552321428571428,3.4642857142857144,1,-0.6651194309865214,0,0.4771641791044776,0.44292929292929295,0.43936605316973415,0.47803468208092487,0
41.633355263157895,575.2972727272728,13.818181818181818,0,-0.5530856942736964,0,0.4251063829787234,0.41285714285714287,0.42504725897920603,0.42169312169312173,0
24.695022421524662,72.4603947368421,2.9342105263157894,0,0.6554410311523632,0,0.42815126050420166,0.4191256830601093,0.4222753346080306,0.44782608695652176,0
101.89375,172.91060606060606,1.696969696969697,1,-0.20723131800988542,0,0.419634703196347,0.37540983606557377,0.42504725897920603,0.40918918918918923,0
124.61952380952381,373.8585714285714,3.0,1,-0.06447063552738658,0,0.4771641791044776,0.4591623036649215,0.4222753346080306,0.43333333333333335,0
31.733411371237462,201.87851063829788,6.361702127659575,0,0.7797498626428543,0,0.419634703196347,0.3769230769230769,0.4222753346080306,0.41345029239766085,0
13.901315789473685,78.25925925925925,5.62962962962963,1,-0.9921927049118109,0,0.419634703196347,0.37540983606557377,0.42504725897920603,0.40918918918918923,0
41.962666666666664,75.5328,1.8,1,-1.0752555215903519,0,0.419634703196347,0.37540983606557377,0.43936605316973415,0.39441624365482236,0
14.576727272727272,133.62,9.166666666666666,0,-1.1267744156715627,1,0.4251063829787234,0.41850000000000004,0.4222753346080306,0.41350000000000003,1
102.27729166666667,86.1282456140351,0.8421052631578947,0,0.1484142669568077,0,0.44116766467065865,0.40481283422459896,0.42504725897920603,0.42114285714285715,0
92.5168932038835,340.33,3.6785714285714284,1,0.38994115205825797,0,0.4771641791044776,0.4591623036649215,0.43936605316973415,0.47803468208092487,1
26.016085106382977,679.3088888888889,26.11111111111111,0,-0.6342781760692916,0,0.44116766467065865,0.40481283422459896,0.42504725897920603,0.42114285714285715,0
79.81825,70.94955555555556,0.8888888888888888,1,-0.4175993754466784,1,0.42025495750708214,0.438860103626943,0.4222753346080306,0.39365853658536587,1
22.712269503546096,220.85724137931032,9.724137931034482,0,-0.16261481176423145,0,0.4251063829787234,0.41285714285714287,0.43936605316973415,0.3974093264248705,0
18.520307167235494,100.4898148148148,5.425925925925926,1,0.18059778910454918,0,0.42815126050420166,0.42923076923076925,0.4222753346080306,0.44782608695652176,1
69.8668992248062,375.53458333333333,5.375,0,0.21150875188061508,0,0.44116766467065865,0.40481283422459896,0.42504725897920603,0.42114285714285715,0
56.43236842105263,201.0403125,3.5625,1,-0.09466108149894639,0,0.42025495750708214,0.438860103626943,0.45460921843687374,0.43526315789473685,1
84.11047619047619,21.80641975308642,0.25925925925925924,1,0.07341478625994968,0,0.42025495750708214,0.41073446327683616,0.42504725897920603,0.4277777777777778,1
224.50194444444443,97.37433734939759,0.43373493975903615,0,1.2744698203540628,0,0.44116766467065865,0.40481283422459896,0.45460921843687374,0.4108247422680413,1
14.376666666666667,13.478125,0.9375,0,-0.4479607539044638,0,0.4251063829787234,0.4875,0.42504725897920603,0.42169312169312173,0
233.59,83.2332183908046,0.3563218390804598,0,1.2037952725645602,0,0.4251063829787234,0.4875,0.42504725897920603,0.42169312169312173,1
22.158103448275863,107.09750000000001,4.833333333333333,1,0.48950480219368014,0,0.42815126050420166,0.42923076923076925,0.45460921843687374,0.4381642512077295,1
12.788584070796459,29.49204081632653,2.306122448979592,0,-0.6547208795905057,0,0.44116766467065865,0.40481283422459896,0.42504725897920603,0.42114285714285715,1
39.56676855895197,476.8836842105264,12.052631578947368,1,0.11575243292584647,0,0.4771641791044776,0.49819277108433735,0.45460921843687374,0.49812500000000004,0
58.11940298507463,66.0,1.1355932203389831,0,0.0038817400137623748,0,0.419634703196347,0.48418079096045197,0.42504725897920603,0.40918918918918923,0
37.44610236220472,792.6091666666666,21.166666666666668,1,0.05206076068595378,0,0.4771641791044776,0.4591623036649215,0.42504725897920603,0.485,0
23.055555555555557,52.8921568627451,2.2941176470588234,0,-0.38302588798044085,0,0.42815126050420166,0.4191256830601093,0.42504725897920603,0.3806282722513089,1
279.55657142857143,181.19407407407405,0.6481481481481481,1,0.9804972522963341,0,0.42025495750708214,0.41073446327683616,0.42504725897920603,0.4277777777777778,0
108.48910447761195,139.78403846153847,1.2884615384615385,0,0.47692478626790924,0,0.44116766467065865,0.45191256830601095,0.45460921843687374,0.4108247422680413,1
5.473177083333333,11.94147727272727,2.1818181818181817,0,0.08847591608212946,0,0.44116766467065865,0.45191256830601095,0.42504725897920603,0.42114285714285715,1
72.6331007751938,292.8021875,4.03125,0,0.4443000513356357,0,0.419634703196347,0.3769230769230769,0.42504725897920603,0.40918918918918923,0
135.30121951219513,126.07613636363637,0.9318181818181818,0,-0.006329866923144814,0,0.4771641791044776,0.5011428571428571,0.42504725897920603,0.485,0
73.139173553719,124.6456338028169,1.704225352112676,1,1.1644489617039036,0,0.4771641791044776,0.49819277108433735,0.43936605316973415,0.47803468208092487,1
25.14547169811321,85.06659574468085,3.382978723404255,0,-0.22794766051256476,1,0.44116766467065865,0.47210526315789475,0.43936605316973415,0.4953757225433526,1
31.867500000000003,186.95600000000002,5.866666666666666,1,-1.1162419929146243,1,0.42025495750708214,0.438860103626943,0.42504725897920603,0.4277777777777778,1
13.85869822485207,68.88588235294117,4.970588235294118,1,-0.803755753001135,0,0.42025495750708214,0.438860103626943,0.42504725897920603,0.4277777777777778,0
71.30887640449438,317.3245,4.45,1,-0.36153494122064567,0,0.4771641791044776,0.44292929292929295,0.4222753346080306,0.43333333333333335,1
39.09720338983051,177.44115384615387,4.538461538461538,0,0.8363392767230593,0,0.44116766467065865,0.40481283422459896,0.42504725897920603,0.42114285714285715,1
46.88287356321839,198.96634146341464,4.2439024390243905,0,0.41003952897732915,0,0.44116766467065865,0.43273809523809526,0.4222753346080306,0.439247311827957,1
17.358409090909092,38.1885,2.2,0,-0.8277977164543029,0,0.44116766467065865,0.47210526315789475,0.42504725897920603,0.42114285714285715,0
42.067226277372264,360.200625,8.5625,1,-0.5522410699186602,0,0.419634703196347,0.4452127659574468,0.43936605316973415,0.39441624365482236,1
11.234595588235294,74.5319512195122,6.634146341463414,0,-0.5263778615194046,1,0.44116766467065865,0.47210526315789475,0.43936605316973415,0.4953757225433526,1
3.8768666666666665,10.573272727272727,2.727272727272727,1,-0.687756602539684,0,0.4251063829787234,0.3842105263157895,0.42504725897920603,0.42169312169312173,1
29.21003389830508,205.16571428571427,7.023809523809524,0,0.5152614382373251,0,0.419634703196347,0.48418079096045197,0.4222753346080306,0.41345029239766085,1
15.426844660194174,51.25693548387097,3.3225806451612905,0,-0.06481461022665913,0,0.44116766467065865,0.43273809523809526,0.4222753346080306,0.439247311827957,1
7.6137966101694925,124.78166666666668,16.38888888888889,1,-1.1559747666556497,1,0.4771641791044776,0.44292929292929295,0.45460921843687374,0.49812500000000004,1
52.1393063583815,196.08913043478262,3.760869565217391,1,0.6729035702902114,0,0.4771641791044776,0.4591623036649215,0.45460921843687374,0.49812500000000004,1
73.43032786885246,69.98828125,0.953125,1,0.21586129265156465,0,0.42815126050420166,0.38846153846153847,0.43936605316973415,0.44792899408284026,0
18.232734693877553,406.0927272727273,22.272727272727273,0,-0.8947108955379626,1,0.44116766467065865,0.47210526315789475,0.45460921843687374,0.4108247422680413,1
31.222395833333334,76.8551282051282,2.4615384615384617,1,-0.5789316434341328,1,0.42025495750708214,0.41073446327683616,0.43936605316973415,0.4317919075144509,1
62.90578431372549,118.82203703703705,1.8888888888888888,0,0.3622974273796588,0,0.419634703196347,0.3769230769230769,0.42504725897920603,0.40918918918918923,1
19.19612546125461,650.26875,33.875,0,-0.8225161563997054,0,0.4771641791044776,0.5011428571428571,0.43936605316973415,0.47803468208092487,1
44.00666666666667,66.01,1.5,0,-0.5574811561465857,1,0.42815126050420166,0.47056074766355144,0.45460921843687374,0.4381642512077295,1
20.747722222222222,106.70257142857143,5.142857142857143,0,-0.5272614600980364,0,0.42025495750708214,0.41236559139784945,0.4222753346080306,0.39365853658536587,0
47.02008849557522,177.109,3.7666666666666666,0,-0.3420600742419322,0,0.42815126050420166,0.4191256830601093,0.42504725897920603,0.3806282722513089,0
37.33911214953271,199.76425,5.35,1,0.35846631284159497,0,0.42815126050420166,0.38846153846153847,0.45460921843687374,0.4381642512077295,0
7.75845744680851,42.89970588235294,5.529411764705882,1,-0.9659242494809293,0,0.4251063829787234,0.3842105263157895,0.4222753346080306,0.41350000000000003,0
9.931035856573706,56.65204545454546,5.704545454545454,0,-0.5670008339044226,0,0.44116766467065865,0.45191256830601095,0.42504725897920603,0.42114285714285715,0
81.1876,193.30380952380952,2.380952380952381,1,0.4238187651574825,0,0.4251063829787234,0.3842105263157895,0.42504725897920603,0.42169312169312173,1
26.985659574468084,79.270375,2.9375,0,0.8922833106037886,0,0.419634703196347,0.3769230769230769,0.43936605316973415,0.39441624365482236,0
4.256772908366534,21.369,5.02,1,-0.7029435200991742,0,0.4771641791044776,0.4591623036649215,0.4222753346080306,0.43333333333333335,0
69.22276422764227,123.39710144927535,1.7826086956521738,0,1.0610565776421361,0,0.44116766467065865,0.47210526315789475,0.42504725897920603,0.42114285714285715,1
128.22745762711864,398.18,3.1052631578947367,0,-0.15871691682004796,0,0.4251063829787234,0.41850000000000004,0.43936605316973415,0.3974093264248705,1
277.464,533.5846153846154,1.9230769230769231,0,-0.3996054116636386,0,0.42815126050420166,0.47056074766355144,0.42504725897920603,0.3806282722513089,1
123.22140625,146.04018518518518,1.1851851851851851,0,0.6320698321152897,0,0.42025495750708214,0.4223809523809524,0.43936605316973415,0.4317919075144509,1
45.818,67.19973333333333,1.4666666666666666,0,0.5488113232120734,0,0.44116766467065865,0.47210526315789475,0.42504725897920603,0.42114285714285715,0
25.997142857142855,78.69405405405405,3.027027027027027,0,-0.6364797150608293,0,0.4771641791044776,0.5011428571428571,0.4222753346080306,0.43333333333333335,0
8.328064516129032,184.40714285714284,22.142857142857142,1,-1.5613319030035275,1,0.4251063829787234,0.3842105263157895,0.42504725897920603,0.42169312169312173,0
32.81401041666667,73.25918604651163,2.2325581395348837,1,1.0101665429199054,0,0.4771641791044776,0.4591623036649215,0.43936605316973415,0.47803468208092487,1
42.71971962616823,186.57183673469387,4.36734693877551,0,0.7580170265816597,0,0.44116766467065865,0.43273809523809526,0.43936605316973415,0.4953757225433526,1
18.033951219512197,127.48137931034483,7.068965517241379,1,-0.6596393288917028,0,0.419634703196347,0.37540983606557377,0.45460921843687374,0.4737804878048781,0
12.982095588235294,130.7825925925926,10.074074074074074,0,-0.7319004568694234,0,0.4771641791044776,0.5011428571428571,0.4222753346080306,0.43333333333333335,0
30.683738317757008,81.06567901234567,2.6419753086419755,1,0.9544361246446253,0,0.4251063829787234,0.3842105263157895,0.42504725897920603,0.42169312169312173,0
7.5207602339181285,27.362765957446808,3.6382978723404253,0,-0.7257394003888796,0,0.42025495750708214,0.4223809523809524,0.42504725897920603,0.4277777777777778,0
183.46375,154.49578947368423,0.8421052631578947,1,-1.008535416136933,1,0.4771641791044776,0.4591623036649215,0.43936605316973415,0.47803468208092487,1
16.644280821917807,147.27666666666667,8.848484848484848,0,-0.36249664521121144,0,0.4251063829787234,0.4875,0.45460921843687374,0.4737704918032787,0
34.497,87.7042372881356,2.542372881355932,0,0.23892171394469916,0,0.42025495750708214,0.4223809523809524,0.4222753346080306,0.39365853658536587,0
31.90490909090909,35.811632653061224,1.1224489795918366,1,-0.5978839904979644,0,0.4771641791044776,0.4591623036649215,0.42504725897920603,0.485,0
30.419036144578314,103.75808219178083,3.410958904109589,0,0.972159571837044,0,0.419634703196347,0.48418079096045197,0.43936605316973415,0.39441624365482236,1
26.0679435483871,129.297,4.96,0,0.2875447195797975,0,0.44116766467065865,0.47210526315789475,0.45460921843687374,0.4108247422680413,0
241.70466666666667,87.36313253012048,0.3614457831325301,0,1.1219558493740673,0,0.42815126050420166,0.4191256830601093,0.43936605316973415,0.44792899408284026,1
17.98305389221557,34.51919540229885,1.9195402298850575,1,0.42590482368229743,0,0.4771641791044776,0.4591623036649215,0.42504725897920603,0.485,0
52.63431034482759,128.9911267605634,2.4507042253521125,0,1.2210784436897004,0,0.419634703196347,0.48418079096045197,0.45460921843687374,0.4737804878048781,0
14.846178343949044,211.89545454545453,14.272727272727273,0,-1.2867965939582109,0,0.44116766467065865,0.47210526315789475,0.45460921843687374,0.4108247422680413,0
21.886909090909093,277.79538461538465,12.692307692307692,0,-1.0099439565963524,1,0.419634703196347,0.48418079096045197,0.43936605316973415,0.39441624365482236,1
32.69486486486487,252.02291666666667,7.708333333333333,0,-0.33257331748332786,0,0.4251063829787234,0.4875,0.43936605316973415,0.3974093264248705,1
43.50995327102803,1163.89125,26.75,1,-0.06832885244223375,0,0.42815126050420166,0.42923076923076925,0.42504725897920603,0.3806282722513089,0
47.74504587155963,167.87774193548387,3.5161290322580645,1,-0.3411657751356549,0,0.4771641791044776,0.44292929292929295,0.45460921843687374,0.49812500000000004,1
48.048358974358976,141.9610606060606,2.9545454545454546,0,1.1552584956287941,0,0.419634703196347,0.3769230769230769,0.4222753346080306,0.41345029239766085,0
20.961428571428574,96.89716981132077,4.622641509433962,0,0.10629238697736881,0,0.44116766467065865,0.45191256830601095,0.42504725897920603,0.42114285714285715,0
5.88,9.039402985074627,1.537313432835821,1,-0.43238924858951266,0,0.419634703196347,0.4452127659574468,0.43936605316973415,0.39441624365482236,0
49.29625,57.995588235294115,1.1764705882352942,0,-0.8717173719519047,1,0.44116766467065865,0.43273809523809526,0.45460921843687374,0.4108247422680413,1
14.758728070175438,47.39422535211267,3.211267605633803,1,0.15772606840407266,0,0.4771641791044776,0.44292929292929295,0.4222753346080306,0.43333333333333335,0
20.398861209964412,83.07362318840579,4.072463768115942,0,0.550372558847459,0,0.44116766467065865,0.43273809523809526,0.4222753346080306,0.439247311827957,0
22.69535460992908,142.22422222222224,6.266666666666667,0,0.17109908286196182,0,0.44116766467065865,0.40481283422459896,0.4222753346080306,0.439247311827957,0
57.359360465116275,394.63239999999996,6.88,1,0.38898175273264096,0,0.42815126050420166,0.38846153846153847,0.4222753346080306,0.44782608695652176,0
199.12975609756097,94.93395348837208,0.47674418604651164,1,1.352302002375986,0,0.4771641791044776,0.4591623036649215,0.43936605316973415,0.47803468208092487,0
7.9885534591194975,105.84833333333334,13.25,0,-1.4605666106478172,0,0.4251063829787234,0.41285714285714287,0.45460921843687374,0.4737704918032787,0
38.18694267515924,461.1807692307693,12.076923076923077,0,-0.5723681897375086,0,0.44116766467065865,0.47210526315789475,0.45460921843687374,0.4108247422680413,1
189.70714285714286,110.66250000000001,0.5833333333333334,0,0.03408319875205207,0,0.42025495750708214,0.4223809523809524,0.4222753346080306,0.39365853658536587,1
35.278730964467,217.1846875,6.15625,1,0.00016251096694758216,0,0.419634703196347,0.37540983606557377,0.4222753346080306,0.41345029239766085,1
45.296480446927376,176.26239130434783,3.891304347826087,0,0.5055040096137581,0,0.419634703196347,0.48418079096045197,0.4222753346080306,0.41345029239766085,0
25.459733333333332,90.92761904761905,3.5714285714285716,1,0.42423342240622897,0,0.419634703196347,0.4452127659574468,0.43936605316973415,0.39441624365482236,1
48.03033816425121,122.7441975308642,2.5555555555555554,1,1.5740804574640275,0,0.42815126050420166,0.42923076923076925,0.42504725897920603,0.3806282722513089,1
2.9025939849624063,9.302289156626506,3.2048192771084336,1,-0.06724858863868954,0,0.4251063829787234,0.3842105263157895,0.42504725897920603,0.42169312169312173,0
35.285321888412014,97.8747619047619,2.7738095238095237,0,1.3209698219495984,0,0.42025495750708214,0.4223809523809524,0.43936605316973415,0.4317919075144509,1
38.380186915887855,513.335,13.375,1,-1.0235854158914264,1,0.42815126050420166,0.38846153846153847,0.42504725897920603,0.3806282722513089,1
36.31428571428572,18.6,0.5121951219512195,0,0.05006998579391864,0,0.42025495750708214,0.41236559139784945,0.4222753346080306,0.39365853658536587,0
31.194794520547944,79.43790697674419,2.546511627906977,1,1.1076974405402105,0,0.42025495750708214,0.438860103626943,0.43936605316973415,0.4317919075144509,1
34.196607929515416,91.32505882352942,2.6705882352941175,1,1.2576615264822142,0,0.42815126050420166,0.38846153846153847,0.4222753346080306,0.44782608695652176,1
9.441910112359551,12.732272727272727,1.3484848484848484,1,-0.4102246496246929,0,0.4771641791044776,0.4591623036649215,0.43936605316973415,0.47803468208092487,0
168.42169491525422,112.9190909090909,0.6704545454545454,0,1.7194721751501252,0,0.44116766467065865,0.47210526315789475,0.45460921843687374,0.4108247422680413,1
101.2570588235294,264.82615384615383,2.6153846153846154,1,-0.13713439363270002,0,0.419634703196347,0.4452127659574468,0.4222753346080306,0.41345029239766085,0
57.26837037037037,93.14734939759036,1.6265060240963856,0,1.2100745023626294,0,0.42025495750708214,0.41236559139784945,0.45460921843687374,0.43526315789473685,1
54.013278688524586,86.70552631578947,1.605263157894737,0,0.8541535585639052,0,0.42025495750708214,0.4223809523809524,0.45460921843687374,0.43526315789473685,0
327.6557692307692,119.98661971830985,0.36619718309859156,0,1.1037337432613479,0,0.44116766467065865,0.43273809523809526,0.4222753346080306,0.439247311827957,1
29.677919999999997,71.34115384615384,2.4038461538461537,1,-0.17632133330526006,0,0.42025495750708214,0.41073446327683616,0.4222753346080306,0.39365853658536587,0
173.1340350877193,469.93523809523805,2.7142857142857144,0,0.30585383583476033,0,0.4771641791044776,0.5011428571428571,0.45460921843687374,0.49812500000000004,1
39.075847953216375,445.4646666666667,11.4,0,-0.4045180820061724,0,0.44116766467065865,0.43273809523809526,0.42504725897920603,0.42114285714285715,0
17.858600682593856,218.02374999999998,12.208333333333334,1,-0.48234327408647953,0,0.419634703196347,0.4452127659574468,0.43936605316973415,0.39441624365482236,1
27.843932584269666,30.976375,1.1125,0,0.18314923533796312,0,0.44116766467065865,0.47210526315789475,0.42504725897920603,0.42114285714285715,1
12.697474402730375,65.26947368421052,5.140350877192983,0,-0.06981288309995487,0,0.44116766467065865,0.40481283422459896,0.42504725897920603,0.42114285714285715,1
19.45883870967742,61.5534693877551,3.163265306122449,0,-0.3663681019205664,0,0.42815126050420166,0.4191256830601093,0.42504725897920603,0.3806282722513089,1
282.4144444444444,127.0865,0.45,0,-0.1751224252899621,0,0.4771641791044776,0.5011428571428571,0.4222753346080306,0.43333333333333335,0
36.73467248908297,323.5476923076923,8.807692307692308,1,0.14309646857400576,0,0.42025495750708214,0.41073446327683616,0.4222753346080306,0.39365853658536587,0
30.01052132701422,95.94272727272728,3.196969696969697,1,0.5977904083047689,0,0.42815126050420166,0.38846153846153847,0.42504725897920603,0.3806282722513089,1
47.23147208121828,105.73409090909091,2.2386363636363638,0,1.603419639351404,0,0.419634703196347,0.48418079096045197,0.42504725897920603,0.40918918918918923,0
19.996269430051814,54.356056338028175,2.7183098591549295,1,0.24845107618535636,0,0.4771641791044776,0.44292929292929295,0.42504725897920603,0.485,0
21.4484375,196.1,9.142857142857142,1,-0.3512988091472023,0,0.4251063829787234,0.3842105263157895,0.45460921843687374,0.4737704918032787,0
5.850689655172414,13.757027027027027,2.3513513513513513,0,-0.2103156361637587,0,0.42815126050420166,0.47056074766355144,0.45460921843687374,0.4381642512077295,1
25.532,74.33367088607595,2.911392405063291,1,0.7852387884500092,0,0.42815126050420166,0.38846153846153847,0.4222753346080306,0.44782608695652176,0
5.300748031496063,56.099583333333335,10.583333333333334,0,-1.1956365042539292,1,0.42025495750708214,0.41236559139784945,0.42504725897920603,0.4277777777777778,1
174.644,565.0247058823529,3.235294117647059,1,0.17389347579578762,0,0.42815126050420166,0.38846153846153847,0.45460921843687374,0.4381642512077295,0
2.83756,28.3756,10.0,0,-1.2916435396032364,1,0.42815126050420166,0.4191256830601093,0.43936605316973415,0.44792899408284026,1
250.32633333333334,153.26102040816326,0.6122448979591837,0,0.4584275559250722,0,0.4251063829787234,0.41850000000000004,0.42504725897920603,0.42169312169312173,0
100.03096774193548,281.9054545454546,2.8181818181818183,0,-1.145445897519998,0,0.42815126050420166,0.4191256830601093,0.4222753346080306,0.44782608695652176,0
171.6827777777778,463.54350000000005,2.7,0,0.17522363826797482,0,0.419634703196347,0.3769230769230769,0.45460921843687374,0.4737804878048781,1
26.547625899280575,72.35529411764706,2.7254901960784315,0,-0.20083434612473322,0,0.4251063829787234,0.4875,0.42504725897920603,0.42169312169312173,1
68.39714285714285,101.55939393939394,1.4848484848484849,0,-0.63940715824888,1,0.42815126050420166,0.4191256830601093,0.45460921843687374,0.4381642512077295,1
36.59469387755102,652.0509090909092,17.818181818181817,1,-0.3981195472351968,0,0.419634703196347,0.37540983606557377,0.42504725897920603,0.40918918918918923,1
198.88229166666667,298.3234375,1.5,0,0.4767289784326783,0,0.42815126050420166,0.47056074766355144,0.4222753346080306,0.44782608695652176,1
297.73464285714283,396.9795238095238,1.3333333333333333,1,0.024648343772466608,0,0.419634703196347,0.4452127659574468,0.4222753346080306,0.41345029239766085,0
74.40115384615385,309.5088,4.16,0,-0.0016208931013265149,0,0.4771641791044776,0.5011428571428571,0.4222753346080306,0.43333333333333335,0
64.52453125,152.94703703703703,2.3703703703703702,1,-0.622059121506314,1,0.4771641791044776,0.49819277108433735,0.43936605316973415,0.47803468208092487,1
58.61203703703704,791.2625,13.5,0,-0.6154853191849148,0,0.44116766467065865,0.45191256830601095,0.4222753346080306,0.439247311827957,0
186.66857142857143,166.81021276595746,0.8936170212765957,0,0.4772273251138945,0,0.4771641791044776,0.5011428571428571,0.42504725897920603,0.485,0
25.050174825174828,93.0435064935065,3.7142857142857144,0,0.9805548537064446,0,0.419634703196347,0.48418079096045197,0.43936605316973415,0.39441624365482236,1
11.838,10.384210526315789,0.8771929824561403,1,-0.6440295531588971,0,0.419634703196347,0.4452127659574468,0.45460921843687374,0.4737804878048781,1
28.233804713804716,190.57818181818183,6.75,0,0.5145905185468894,0,0.419634703196347,0.3769230769230769,0.42504725897920603,0.40918918918918923,0
66.3773469387755,48.54462686567164,0.7313432835820896,1,0.0534297783903786,0,0.42815126050420166,0.42923076923076925,0.42504725897920603,0.3806282722513089,1
9.746693227091633,33.05972972972973,3.391891891891892,0,0.05186163045054781,0,0.4251063829787234,0.4875,0.43936605316973415,0.3974093264248705,1
39.72481927710843,253.62769230769229,6.384615384615385,0,-1.0676104741158727,0,0.42815126050420166,0.47056074766355144,0.4222753346080306,0.44782608695652176,0
19.56232283464567,171.33896551724138,8.758620689655173,1,-0.4261925352143451,0,0.419634703196347,0.4452127659574468,0.43936605316973415,0.39441624365482236,0
22.987635135135136,97.20485714285715,4.228571428571429,1,-0.5882758587034185,1,0.419634703196347,0.37540983606557377,0.4222753346080306,0.41345029239766085,1
33.796739926739924,1318.0728571428572,39.0,1,-0.10477236255233258,0,0.42815126050420166,0.38846153846153847,0.4222753346080306,0.44782608695652176,1
31.614421052631577,39.51802631578947,1.25,1,0.1959113138176462,0,0.419634703196347,0.37540983606557377,0.42504725897920603,0.40918918918918923,1
9.570928571428572,53.5972,5.6,1,-0.40717547949783034,0,0.4771641791044776,0.49819277108433735,0.4222753346080306,0.43333333333333335,0
56.420249999999996,1289.6057142857142,22.857142857142858,1,-0.14134759632314808,0,0.419634703196347,0.4452127659574468,0.43936605316973415,0.39441624365482236,1
395.725,126.632,0.32,1,0.2630872001340146,0,0.42815126050420166,0.38846153846153847,0.42504725897920603,0.3806282722513089,0
29.944324324324327,54.045853658536586,1.8048780487804879,0,0.5835577735637859,0,0.44116766467065865,0.47210526315789475,0.4222753346080306,0.439247311827957,1
31.880598591549298,452.7045,14.2,0,0.1354345120731768,0,0.42025495750708214,0.41236559139784945,0.45460921843687374,0.43526315789473685,1
16.00540650406504,61.52078125,3.84375,0,0.11639398354793476,0,0.42025495750708214,0.41236559139784945,0.4222753346080306,0.39365853658536587,1
64.49274193548388,79.971,1.24,1,-0.16513505684897864,0,0.42815126050420166,0.42923076923076925,0.42504725897920603,0.3806282722513089,0
33.01825938566553,116.55843373493977,3.5301204819277108,0,1.5667266238297195,0,0.44116766467065865,0.45191256830601095,0.43936605316973415,0.4953757225433526,0
3.9621768707482996,7.017349397590362,1.7710843373493976,0,-0.10205810881049249,0,0.419634703196347,0.3769230769230769,0.4222753346080306,0.41345029239766085,1
33.34153846153846,577.92,17.333333333333332,0,-0.4208035816974395,0,0.42025495750708214,0.41236559139784945,0.45460921843687374,0.43526315789473685,1
75.271953125,108.25629213483145,1.4382022471910112,0,1.6849402391477304,0,0.4251063829787234,0.4875,0.42504725897920603,0.42169312169312173,0
20.939858156028368,38.84894736842105,1.855263157894737,1,0.1865779940141336,0,0.4771641791044776,0.4591623036649215,0.4222753346080306,0.43333333333333335,0
12.33,105.01758620689655,8.517241379310345,1,-0.779210443660598,1,0.4771641791044776,0.44292929292929295,0.42504725897920603,0.485,1
30.337196969696972,121.34878787878789,4.0,0,0.9055605291804822,0,0.42025495750708214,0.41236559139784945,0.4222753346080306,0.39365853658536587,0
170.70818181818183,296.49315789473684,1.736842105263158,0,-0.5133371828254881,0,0.4771641791044776,0.5011428571428571,0.43936605316973415,0.47803468208092487,0
31.154065420560748,107.53177419354839,3.4516129032258065,0,0.5755851169561885,0,0.4251063829787234,0.4875,0.42504725897920603,0.42169312169312173,1
17.716629213483145,35.43325842696629,2.0,1,0.495331999688214,0,0.42025495750708214,0.41073446327683616,0.45460921843687374,0.43526315789473685,0
44.911319444444445,215.57433333333333,4.8,1,-0.1302552026497698,0,0.42025495750708214,0.438860103626943,0.45460921843687374,0.43526315789473685,0
27.550416666666667,62.97238095238096,2.2857142857142856,1,-0.5808979691364017,0,0.4771641791044776,0.4591623036649215,0.4222753346080306,0.43333333333333335,0
29.347664233576644,123.71169230769232,4.2153846153846155,0,0.8905662177378069,0,0.4771641791044776,0.5011428571428571,0.42504725897920603,0.485,1
37.59897959183673,254.11724137931034,6.758620689655173,0,0.014422755261925824,0,0.42815126050420166,0.47056074766355144,0.4222753346080306,0.44782608695652176,1
70.65214285714285,81.29835616438356,1.1506849315068493,1,0.6712247081782984,0,0.4771641791044776,0.44292929292929295,0.42504725897920603,0.485,1
26.207901785714284,234.8228,8.96,0,-0.34432901642735725,0,0.4251063829787234,0.4875,0.43936605316973415,0.3974093264248705,1
11.95164835164835,67.975,5.6875,1,-1.4104311074113212,0,0.42025495750708214,0.438860103626943,0.42504725897920603,0.4277777777777778,0
55.282631578947374,72.43931034482759,1.3103448275862069,1,1.0314326250152066,0,0.4771641791044776,0.49819277108433735,0.4222753346080306,0.43333333333333335,1
30.352912280701755,786.4163636363636,25.90909090909091,0,-0.1268347225353389,0,0.42025495750708214,0.4223809523809524,0.42504725897920603,0.4277777777777778,0
252.0653846153846,578.2676470588235,2.2941176470588234,0,0.21521521202715033,0,0.419634703196347,0.48418079096045197,0.43936605316973415,0.39441624365482236,0
15.544358974358973,282.9073333333333,18.2,1,-0.8520695800611012,0,0.42815126050420166,0.38846153846153847,0.42504725897920603,0.3806282722513089,0
8.053834196891192,74.01857142857143,9.19047619047619,0,-1.220194427220404,0,0.419634703196347,0.48418079096045197,0.45460921843687374,0.4737804878048781,0
33.00358208955224,213.9909677419355,6.483870967741935,1,-0.078784772336847,0,0.4771641791044776,0.4591623036649215,0.43936605316973415,0.47803468208092487,0
37.534577777777784,248.39058823529413,6.617647058823529,0,0.3164555369104936,0,0.44116766467065865,0.40481283422459896,0.45460921843687374,0.4108247422680413,0
18.23924882629108,50.454025974025974,2.7662337662337664,1,0.3786355689386692,0,0.42025495750708214,0.41073446327683616,0.43936605316973415,0.4317919075144509,0
30.88841085271318,185.33046511627907,6.0,0,0.4172812821822607,0,0.44116766467065865,0.47210526315789475,0.42504725897920603,0.42114285714285715,1
23.037857142857145,274.1505,11.9,0,-0.5200233381515622,0,0.419634703196347,0.48418079096045197,0.42504725897920603,0.40918918918918923,0
10.809867549668875,32.005686274509806,2.9607843137254903,0,-0.5785410421180951,0,0.4251063829787234,0.41850000000000004,0.4222753346080306,0.41350000000000003,0
37.94653333333333,167.41117647058823,4.411764705882353,1,-1.066773621145364,1,0.419634703196347,0.37540983606557377,0.43936605316973415,0.39441624365482236,1
6.983167420814479,42.86888888888889,6.138888888888889,0,-0.9085560530441531,0,0.42815126050420166,0.4191256830601093,0.45460921843687374,0.4381642512077295,0
57.87652173913044,45.902068965517245,0.7931034482758621,0,-0.24310017351457117,0,0.42815126050420166,0.47056074766355144,0.4222753346080306,0.44782608695652176,1
8.13444055944056,110.78333333333333,13.619047619047619,0,-1.0784858158634723,0,0.42815126050420166,0.47056074766355144,0.42504725897920603,0.3806282722513089,0
42.63928571428572,132.65555555555557,3.111111111111111,0,-0.31527628377591244,1,0.44116766467065865,0.47210526315789475,0.45460921843687374,0.4108247422680413,1
22.430730769230767,121.49979166666667,5.416666666666667,0,0.12956205083836958,0,0.42025495750708214,0.4223809523809524,0.43936605316973415,0.4317919075144509,1
24.59306976744186,88.12516666666667,3.5833333333333335,0,0.28056692087351104,0,0.419634703196347,0.48418079096045197,0.43936605316973415,0.39441624365482236,1
47.89236363636363,316.0896,6.6,0,0.028576113271808146,0,0.4771641791044776,0.5011428571428571,0.45460921843687374,0.49812500000000004,1
297.7189655172414,575.59,1.9333333333333333,0,-0.046258096596530573,0,0.4771641791044776,0.5011428571428571,0.4222753346080306,0.43333333333333335,1
15.34987341772152,88.72975609756098,5.780487804878049,0,-0.41953383416792467,1,0.4251063829787234,0.41285714285714287,0.45460921843687374,0.4737704918032787,1
22.127211155378486,68.56703703703704,3.0987654320987654,1,0.7686158761514459,0,0.419634703196347,0.4452127659574468,0.42504725897920603,0.40918918918918923,0
6.585282051282052,30.57452380952381,4.642857142857143,1,-0.8306509994183624,1,0.4771641791044776,0.44292929292929295,0.4222753346080306,0.43333333333333335,1
12.264976525821597,52.2488,4.26,0,-0.4195501583798918,0,0.42815126050420166,0.4191256830601093,0.42504725897920603,0.3806282722513089,0
20.57969957081545,56.412588235294116,2.7411764705882353,0,0.712977425870375,0,0.42815126050420166,0.47056074766355144,0.43936605316973415,0.44792899408284026,0
38.941401869158874,54.11337662337662,1.3896103896103895,1,0.43035335696297117,0,0.419634703196347,0.37540983606557377,0.45460921843687374,0.4737804878048781,1
7.49028901734104,34.10052631578947,4.552631578947368,0,-0.9121526977624748,0,0.44116766467065865,0.43273809523809526,0.45460921843687374,0.4108247422680413,0
93.16672413793104,66.71197530864198,0.7160493827160493,0,0.7410362373377622,0,0.4771641791044776,0.5011428571428571,0.42504725897920603,0.485,0
29.771978021978022,142.5921052631579,4.7894736842105265,0,-0.1554508120683634,0,0.42815126050420166,0.47056074766355144,0.4222753346080306,0.44782608695652176,1
49.91434782608695,287.0075,5.75,0,-1.3559176774968558,1,0.44116766467065865,0.47210526315789475,0.45460921843687374,0.4108247422680413,1
21.122430278884462,70.68973333333332,3.3466666666666667,0,0.5968545180708626,0,0.4251063829787234,0.41285714285714287,0.4222753346080306,0.41350000000000003,0
32.17190476190476,337.805,10.5,0,0.04530591185546756,0,0.42815126050420166,0.4191256830601093,0.45460921843687374,0.4381642512077295,1
21.124948453608248,81.9648,3.88,0,-0.146837344927402,0,0.419634703196347,0.48418079096045197,0.45460921843687374,0.4737804878048781,1
2.528313253012048,69.94999999999999,27.666666666666668,0,-1.6408872707795812,0,0.42815126050420166,0.47056074766355144,0.43936605316973415,0.44792899408284026,0
60.98551282051282,396.4058333333333,6.5,0,0.3034488349244208,0,0.44116766467065865,0.43273809523809526,0.45460921843687374,0.4108247422680413,0
33.54023529411765,89.09125,2.65625,0,-0.752191167330011,1,0.42815126050420166,0.4191256830601093,0.42504725897920603,0.3806282722513089,1
55.026261682242996,67.67597701149425,1.2298850574712643,0,0.9553692806735414,0,0.42025495750708214,0.4223809523809524,0.42504725897920603,0.4277777777777778,1
50.07764367816092,670.27,13.384615384615385,0,-0.07346048949923989,0,0.4771641791044776,0.5011428571428571,0.4222753346080306,0.43333333333333335,1
27.78736462093863,111.55217391304349,4.0144927536231885,0,0.9110443401709288,0,0.44116766467065865,0.45191256830601095,0.4222753346080306,0.439247311827957,1
15.31490099009901,37.726951219512195,2.4634146341463414,0,0.33794554357223305,0,0.42025495750708214,0.41236559139784945,0.43936605316973415,0.4317919075144509,1
204.15695652173912,184.14156862745097,0.9019607843137255,1,0.8455803939304488,0,0.419634703196347,0.37540983606557377,0.43936605316973415,0.39441624365482236,0
7.367429906542057,157.663,21.4,1,-1.4461425807729722,0,0.42025495750708214,0.41073446327683616,0.4222753346080306,0.39365853658536587,0
63.73891891891892,214.39454545454547,3.3636363636363638,1,0.7069321604052372,0,0.42025495750708214,0.438860103626943,0.4222753346080306,0.39365853658536587,0
50.30664285714286,95.17472972972973,1.8918918918918919,1,0.895533170471078,0,0.42815126050420166,0.38846153846153847,0.45460921843687374,0.4381642512077295,1
45.003224043715846,102.944875,2.2875,1,1.2399123051969219,0,0.419634703196347,0.37540983606557377,0.4222753346080306,0.41345029239766085,1
6.483018867924528,114.53333333333333,17.666666666666668,0,-1.567239393273987,0,0.4251063829787234,0.41285714285714287,0.43936605316973415,0.3974093264248705,0
7.458326180257511,24.82557142857143,3.3285714285714287,1,-0.16185200340715822,0,0.4251063829787234,0.3842105263157895,0.42504725897920603,0.42169312169312173,0
173.93935483870968,224.67166666666665,1.2916666666666667,1,-0.4530584918907972,0,0.42815126050420166,0.42923076923076925,0.45460921843687374,0.4381642512077295,1
10.267948717948718,31.853977272727274,3.102272727272727,1,0.4101037684261853,0,0.42025495750708214,0.41073446327683616,0.4222753346080306,0.39365853658536587,1
8.683690476190476,128.72294117647058,14.823529411764707,0,-1.187491899115281,1,0.44116766467065865,0.43273809523809526,0.45460921843687374,0.4108247422680413,0
134.1385294117647,82.922,0.6181818181818182,1,0.04260641605896895,0,0.419634703196347,0.4452127659574468,0.45460921843687374,0.4737804878048781,0
25.501748251748253,486.23333333333335,19.066666666666666,1,-0.29227412803484315,0,0.42025495750708214,0.41073446327683616,0.43936605316973415,0.4317919075144509,0
19.424853556485356,92.85079999999999,4.78,0,-0.046933196076823024,0,0.4771641791044776,0.5011428571428571,0.45460921843687374,0.49812500000000004,0
22.459726775956284,68.50216666666667,3.05,1,0.06446339933447989,0,0.4771641791044776,0.49819277108433735,0.4222753346080306,0.43333333333333335,1
35.117562724014334,115.26823529411764,3.2823529411764705,1,1.6312090675739517,0,0.4771641791044776,0.49819277108433735,0.45460921843687374,0.49812500000000004,1
8.717860262008735,30.248333333333335,3.4696969696969697,1,-0.19803433119698693,0,0.4771641791044776,0.49819277108433735,0.45460921843687374,0.49812500000000004,1
88.00392156862745,138.09846153846152,1.5692307692307692,0,1.062207529066358,0,0.4251063829787234,0.41285714285714287,0.43936605316973415,0.3974093264248705,1
143.26804347826086,137.29854166666667,0.9583333333333334,1,0.26875240953641855,0,0.42815126050420166,0.38846153846153847,0.4222753346080306,0.44782608695652176,1
19.83974193548387,39.4251282051282,1.9871794871794872,1,0.25091176540751364,0,0.419634703196347,0.4452127659574468,0.4222753346080306,0.41345029239766085,0
28.958808290155442,129.97790697674418,4.488372093023256,0,-0.019587832144753792,0,0.4251063829787234,0.41285714285714287,0.45460921843687374,0.4737704918032787,0
135.35847826086956,119.7401923076923,0.8846153846153846,0,0.2856183444821634,0,0.42815126050420166,0.47056074766355144,0.4222753346080306,0.44782608695652176,0
37.415151515151514,42.57586206896552,1.1379310344827587,1,-1.1115775790273386,1,0.4251063829787234,0.3842105263157895,0.4222753346080306,0.41350000000000003,1
108.1984,324.5952,3.0,0,0.06760535856224931,0,0.419634703196347,0.3769230769230769,0.45460921843687374,0.4737804878048781,0
30.4342774566474,478.64818181818185,15.727272727272727,1,-0.7482209079591723,0,0.4251063829787234,0.3842105263157895,0.45460921843687374,0.4737704918032787,0
4.403162393162392,14.114246575342465,3.2054794520547945,1,-0.2289661861607304,0,0.4771641791044776,0.44292929292929295,0.45460921843687374,0.49812500000000004,0
30.111,19.11809523809524,0.6349206349206349,1,-0.4061291890213277,0,0.419634703196347,0.37540983606557377,0.43936605316973415,0.39441624365482236,0
10.814315068493151,43.85805555555556,4.055555555555555,0,0.14060531660150505,0,0.42025495750708214,0.4223809523809524,0.4222753346080306,0.39365853658536587,0
9.952217573221757,113.26571428571428,11.380952380952381,0,-1.0689175570363902,1,0.42815126050420166,0.47056074766355144,0.45460921843687374,0.4381642512077295,1
67.89731884057971,551.1664705882353,8.117647058823529,1,0.13065184723119472,0,0.42815126050420166,0.42923076923076925,0.4222753346080306,0.44782608695652176,0
18.888188405797102,86.88566666666667,4.6,1,-0.8388643360348076,0,0.42815126050420166,0.38846153846153847,0.43936605316973415,0.44792899408284026,0
38.86123966942149,204.44391304347826,5.260869565217392,1,-0.6006006282323254,1,0.4771641791044776,0.49819277108433735,0.4222753346080306,0.43333333333333335,1
6.111319444444444,88.003,14.4,1,-1.2033563364305682,1,0.42815126050420166,0.42923076923076925,0.43936605316973415,0.44792899408284026,1
603.8683333333333,724.642,1.2,0,-0.4054746694896285,0,0.44116766467065865,0.43273809523809526,0.42504725897920603,0.42114285714285715,0
57.9464,90.54124999999999,1.5625,0,-0.1431893072976746,0,0.44116766467065865,0.43273809523809526,0.43936605316973415,0.4953757225433526,0
55.397704918032794,48.974782608695655,0.8840579710144928,1,0.1185215952269939,0,0.4771641791044776,0.44292929292929295,0.45460921843687374,0.49812500000000004,1
44.93810344827586,31.028690476190473,0.6904761904761905,0,0.29034555392384004,0,0.42815126050420166,0.47056074766355144,0.43936605316973415,0.44792899408284026,1
60.13414285714286,77.95166666666667,1.2962962962962963,0,-0.042788842165128516,0,0.44116766467065865,0.47210526315789475,0.42504725897920603,0.42114285714285715,0
60.03690322580645,387.7383333333333,6.458333333333333,0,0.2652675726721749,0,0.419634703196347,0.3769230769230769,0.45460921843687374,0.4737804878048781,1
100.01173076923077,58.4338202247191,0.5842696629213483,1,0.8710600685924536,0,0.42025495750708214,0.41073446327683616,0.4222753346080306,0.39365853658536587,0
108.27670454545455,226.8654761904762,2.0952380952380953,0,0.6825435294019939,0,0.4251063829787234,0.41285714285714287,0.42504725897920603,0.42169312169312173,1
43.322032085561496,405.06100000000004,9.35,1,-0.03946107182403269,0,0.42815126050420166,0.38846153846153847,0.43936605316973415,0.44792899408284026,0
3.21780612244898,14.015333333333334,4.355555555555555,1,-0.8878518566539857,0,0.4771641791044776,0.44292929292929295,0.43936605316973415,0.47803468208092487,0
606.4663636363637,171.05461538461537,0.28205128205128205,1,0.09537639250979499,0,0.42025495750708214,0.41073446327683616,0.43936605316973415,0.4317919075144509,1
63.41740458015268,94.40545454545455,1.4886363636363635,0,1.4204388492133933,0,0.4771641791044776,0.5011428571428571,0.43936605316973415,0.47803468208092487,0
29.424193548387095,10.248876404494382,0.34831460674157305,0,0.08392990842388148,0,0.4771641791044776,0.5011428571428571,0.42504725897920603,0.485,0
253.53066666666666,89.48141176470588,0.35294117647058826,1,1.2288980152450761,0,0.42815126050420166,0.38846153846153847,0.45460921843687374,0.4381642512077295,1
518.085625,197.3659523809524,0.38095238095238093,0,0.4551335673536929,0,0.4251063829787234,0.4875,0.43936605316973415,0.3974093264248705,1
37.69383419689119,242.49699999999999,6.433333333333334,0,0.017991321222425027,0,0.42815126050420166,0.4191256830601093,0.4222753346080306,0.44782608695652176,1
20.810151515151517,19.075972222222223,0.9166666666666666,0,-0.18689784679290344,0,0.42815126050420166,0.4191256830601093,0.45460921843687374,0.4381642512077295,1
13.048072289156627,18.672241379310346,1.4310344827586208,1,-0.5329800548377107,0,0.4771641791044776,0.4591623036649215,0.42504725897920603,0.485,1
108.80488095238096,121.86146666666667,1.12,1,1.3012824710208168,0,0.4251063829787234,0.3842105263157895,0.45460921843687374,0.4737704918032787,1
222.0026666666667,1427.16,6.428571428571429,1,0.035385284156817964,0,0.4771641791044776,0.4591623036649215,0.43936605316973415,0.47803468208092487,1
47.55467889908257,161.983125,3.40625,1,-0.3240625188642212,0,0.42025495750708214,0.41073446327683616,0.43936605316973415,0.4317919075144509,0
59.776312499999996,222.423488372093,3.7209302325581395,0,0.7100373310830017,0,0.44116766467065865,0.47210526315789475,0.43936605316973415,0.4953757225433526,0
6.293016949152543,26.14704225352113,4.154929577464789,1,-0.11916241910013609,0,0.419634703196347,0.37540983606557377,0.4222753346080306,0.41345029239766085,1
43.9503,84.5198076923077,1.9230769230769231,0,-0.0505390181007529,0,0.42025495750708214,0.4223809523809524,0.42504725897920603,0.4277777777777778,0
37.14660869565217,213.593,5.75,1,0.4599948447848206,0,0.4771641791044776,0.4591623036649215,0.43936605316973415,0.47803468208092487,1
86.38884615384616,132.12411764705882,1.5294117647058822,0,1.1264187541046298,0,0.4771641791044776,0.5011428571428571,0.43936605316973415,0.47803468208092487,0
92.87727272727273,116.75999999999999,1.2571428571428571,1,-0.46265139315537196,0,0.4771641791044776,0.44292929292929295,0.42504725897920603,0.485,0
13.228659793814433,19.44212121212121,1.4696969696969697,1,-0.3289412538530983,0,0.4771641791044776,0.44292929292929295,0.43936605316973415,0.47803468208092487,1
14.731807692307692,49.74376623376623,3.3766233766233764,0,0.3685974320644488,0,0.4251063829787234,0.4875,0.42504725897920603,0.42169312169312173,0
34.08085501858736,123.88851351351352,3.635135135135135,0,1.285535620518271,0,0.42025495750708214,0.4223809523809524,0.43936605316973415,0.4317919075144509,1
128.89820512820512,88.19350877192981,0.6842105263157895,0,0.17002131528069175,0,0.4771641791044776,0.5011428571428571,0.43936605316973415,0.47803468208092487,0
31.687936507936506,57.86492753623188,1.826086956521739,0,0.23111245135031208,0,0.4251063829787234,0.4875,0.43936605316973415,0.3974093264248705,0
5.265037878787879,20.74582089552239,3.9402985074626864,0,-0.2884285264363351,0,0.44116766467065865,0.47210526315789475,0.42504725897920603,0.42114285714285715,1
49.119518716577545,164.02410714285716,3.3392857142857144,0,0.9123529463134836,0,0.44116766467065865,0.47210526315789475,0.45460921843687374,0.4108247422680413,0
124.90666666666668,34.06545454545455,0.2727272727272727,0,-0.7494107956336048,0,0.42815126050420166,0.4191256830601093,0.4222753346080306,0.44782608695652176,0
9.845486725663717,58.554736842105264,5.947368421052632,0,-1.3431179530774866,0,0.4251063829787234,0.41285714285714287,0.4222753346080306,0.41350000000000003,0
4.129791666666667,99.115,24.0,0,-1.6318131805342602,1,0.42815126050420166,0.4191256830601093,0.42504725897920603,0.3806282722513089,1
181.6934375,85.50279411764706,0.47058823529411764,1,0.5445316920183759,0,0.42815126050420166,0.42923076923076925,0.45460921843687374,0.4381642512077295,1
75.88833333333334,40.92853932584269,0.5393258426966292,1,0.5851007322251258,0,0.42815126050420166,0.42923076923076925,0.42504725897920603,0.3806282722513089,0
5.802529182879377,106.51785714285714,18.357142857142858,0,-1.3781663954341865,0,0.419634703196347,0.3769230769230769,0.45460921843687374,0.4737804878048781,0
38.087763713080165,220.16585365853658,5.780487804878049,0,0.5695741387475775,0,0.42815126050420166,0.47056074766355144,0.4222753346080306,0.44782608695652176,0
31.45170403587444,96.07849315068492,3.0547945205479454,0,0.8692617858970787,0,0.42025495750708214,0.4223809523809524,0.45460921843687374,0.43526315789473685,0
65.7416049382716,68.2701282051282,1.0384615384615385,1,0.6638739986252356,0,0.4251063829787234,0.3842105263157895,0.4222753346080306,0.41350000000000003,0
20.350793650793648,155.4060606060606,7.636363636363637,0,-0.31325672970111634,1,0.42025495750708214,0.41236559139784945,0.42504725897920603,0.4277777777777778,1
1.910750853242321,6.4350574712643684,3.367816091954023,1,-0.022557063088961993,0,0.419634703196347,0.4452127659574468,0.4222753346080306,0.41345029239766085,0
8.357634854771785,32.486935483870965,3.8870967741935485,0,-0.27841456279578036,0,0.419634703196347,0.3769230769230769,0.43936605316973415,0.39441624365482236,0
54.76689075630252,138.66510638297873,2.5319148936170213,0,0.23442885702180774,0,0.42815126050420166,0.47056074766355144,0.4222753346080306,0.44782608695652176,1
40.644222222222226,95.01246753246754,2.3376623376623376,0,1.0083822797715487,0,0.4251063829787234,0.41285714285714287,0.43936605316973415,0.3974093264248705,0
3.0044150943396226,9.478214285714285,3.1547619047619047,1,-0.04191696015896729,0,0.42025495750708214,0.438860103626943,0.45460921843687374,0.43526315789473685,1
10.411249999999999,66.14205882352941,6.352941176470588,1,-0.8208787698048656,0,0.42815126050420166,0.38846153846153847,0.45460921843687374,0.4381642512077295,0
31.45885714285714,80.56536585365853,2.5609756097560976,0,-0.48097405975352603,1,0.4251063829787234,0.41850000000000004,0.42504725897920603,0.42169312169312173,1
44.959219858156025,119.60849056603773,2.660377358490566,0,0.32722684218854253,0,0.4771641791044776,0.5011428571428571,0.4222753346080306,0.43333333333333335,1
42.719397590361446,59.095166666666664,1.3833333333333333,0,-0.03913369729282817,0,0.4771641791044776,0.5011428571428571,0.45460921843687374,0.49812500000000004,1
18.62396551724138,77.15642857142858,4.142857142857143,0,0.019476364544169206,0,0.4251063829787234,0.41850000000000004,0.4222753346080306,0.41350000000000003,1
30.953225806451613,65.0542372881356,2.1016949152542375,0,-0.006360133044959498,0,0.42025495750708214,0.4223809523809524,0.45460921843687374,0.43526315789473685,1
24.441875,88.30612903225806,3.6129032258064515,0,0.356799986718449,0,0.42025495750708214,0.4223809523809524,0.4222753346080306,0.39365853658536587,0
41.27967914438503,643.275,15.583333333333334,0,-0.27685570777211327,0,0.42025495750708214,0.41236559139784945,0.43936605316973415,0.4317919075144509,0
30.79061224489796,119.11105263157896,3.8684210526315788,0,-0.319225337029588,1,0.44116766467065865,0.43273809523809526,0.42504725897920603,0.42114285714285715,1
150.01962264150944,115.23246376811593,0.7681159420289855,0,0.9576540398937214,0,0.44116766467065865,0.43273809523809526,0.45460921843687374,0.4108247422680413,0
84.34314814814815,207.0240909090909,2.4545454545454546,1,0.6474081562306223,0,0.4251063829787234,0.3842105263157895,0.42504725897920603,0.42169312169312173,1
21.033260073260074,73.61641025641026,3.5,0,0.7404145628585259,0,0.4251063829787234,0.41850000000000004,0.43936605316973415,0.3974093264248705,0
28.64456790123457,84.37127272727272,2.9454545454545453,1,0.05723687665951947,0,0.42025495750708214,0.41073446327683616,0.4222753346080306,0.39365853658536587,1
31.913630952380952,297.86055555555555,9.333333333333334,1,-0.5841515378993193,0,0.4251063829787234,0.3842105263157895,0.43936605316973415,0.3974093264248705,1
36.57702222222222,141.89362068965517,3.8793103448275863,1,0.7787946414166924,0,0.4251063829787234,0.3842105263157895,0.42504725897920603,0.42169312169312173,1
101.955625,111.22431818181818,1.0909090909090908,0,-0.12627358029973196,0,0.4251063829787234,0.4875,0.45460921843687374,0.4737704918032787,0
4.361673640167364,20.44,4.686274509803922,0,-0.6868057163777204,0,0.4771641791044776,0.5011428571428571,0.42504725897920603,0.485,1
22.639411764705883,82.47214285714286,3.642857142857143,1,0.5788042811616223,0,0.4771641791044776,0.4591623036649215,0.4222753346080306,0.43333333333333335,0
98.82724137931034,55.115192307692304,0.5576923076923077,1,-0.3311883654431913,0,0.4771641791044776,0.49819277108433735,0.45460921843687374,0.49812500000000004,0
38.96923469387755,636.4975000000001,16.333333333333332,1,-0.29178351307436856,0,0.42025495750708214,0.41073446327683616,0.4222753346080306,0.39365853658536587,1
34.9007486631016,118.66254545454545,3.4,1,0.40340851512207476,0,0.4251063829787234,0.3842105263157895,0.4222753346080306,0.41350000000000003,1
30.138142857142856,63.92939393939394,2.121212121212121,0,0.20997949883680772,0,0.44116766467065865,0.47210526315789475,0.43936605316973415,0.4953757225433526,0
83.8550925925926,153.49745762711865,1.8305084745762712,0,0.951411012140873,0,0.42815126050420166,0.4191256830601093,0.43936605316973415,0.44792899408284026,0
3.324115646258503,32.57633333333333,9.8,0,-1.1379123456605127,1,0.4771641791044776,0.5011428571428571,0.43936605316973415,0.47803468208092487,1
18.932547528517112,160.62129032258065,8.483870967741936,0,-0.38245447306682834,1,0.42815126050420166,0.4191256830601093,0.42504725897920603,0.3806282722513089,1
93.35066666666665,600.1114285714285,6.428571428571429,1,-0.10980586108980994,0,0.419634703196347,0.4452127659574468,0.42504725897920603,0.40918918918918923,0
21.066647727272727,63.92637931034483,3.0344827586206895,1,-0.05121923239775375,0,0.42815126050420166,0.42923076923076925,0.43936605316973415,0.44792899408284026,0
155.28490566037738,105.51410256410257,0.6794871794871795,0,1.197080960843493,0,0.419634703196347,0.3769230769230769,0.45460921843687374,0.4737804878048781,1
46.795,187.18,4.0,0,-0.23133728800039693,0,0.44116766467065865,0.43273809523809526,0.45460921843687374,0.4108247422680413,0
273.7109523809524,179.6228125,0.65625,0,-0.22045624493130495,0,0.42815126050420166,0.47056074766355144,0.42504725897920603,0.3806282722513089,0
84.39113207547169,162.64472727272727,1.9272727272727272,0,0.8474102313677617,0,0.44116766467065865,0.40481283422459896,0.4222753346080306,0.439247311827957,1
27.846975088967973,195.625,7.025,0,0.32807658305068865,0,0.4251063829787234,0.41285714285714287,0.45460921843687374,0.4737704918032787,0
20.597037037037037,427.7846153846154,20.76923076923077,1,-0.652054734333281,0,0.42815126050420166,0.38846153846153847,0.42504725897920603,0.3806282722513089,0
66.22785714285715,59.18234042553192,0.8936170212765957,0,-0.4512425187261608,1,0.44116766467065865,0.40481283422459896,0.4222753346080306,0.439247311827957,1
19.77286689419795,724.18125,36.625,0,-0.7139853402774432,0,0.42025495750708214,0.4223809523809524,0.43936605316973415,0.4317919075144509,1
3.491567567567568,10.418387096774195,2.9838709677419355,0,-0.529551530763454,0,0.4251063829787234,0.41285714285714287,0.4222753346080306,0.41350000000000003,0
9.580075471698112,120.89142857142856,12.619047619047619,1,-1.0395244826345316,1,0.4771641791044776,0.4591623036649215,0.43936605316973415,0.47803468208092487,1
25.3884649122807,91.8820634920635,3.619047619047619,1,0.4352700501306187,0,0.4771641791044776,0.44292929292929295,0.45460921843687374,0.49812500000000004,0
22.314869565217393,38.8819696969697,1.7424242424242424,0,-0.0934460855639962,0,0.4771641791044776,0.5011428571428571,0.42504725897920603,0.485,0
6.212685185185186,14.586304347826088,2.347826086956522,0,-0.8595467811572151,1,0.419634703196347,0.48418079096045197,0.4222753346080306,0.41345029239766085,1
12.3046408839779,25.599310344827586,2.0804597701149423,0,0.28346753426007665,0,0.44116766467065865,0.40481283422459896,0.43936605316973415,0.4953757225433526,0
372.14384615384614,172.78107142857144,0.4642857142857143,0,-0.47114157216209945,0,0.419634703196347,0.3769230769230769,0.43936605316973415,0.39441624365482236,0
91.68949494949496,137.53424242424242,1.5,1,1.1016318280379918,0,0.4771641791044776,0.4591623036649215,0.42504725897920603,0.485,0
15.58661971830986,158.09285714285716,10.142857142857142,0,-0.5466285817115714,1,0.42815126050420166,0.4191256830601093,0.42504725897920603,0.3806282722513089,1
40.40108695652174,25.11418918918919,0.6216216216216216,1,-0.056057977118210145,0,0.419634703196347,0.4452127659574468,0.43936605316973415,0.39441624365482236,1
26.6754693877551,84.8764935064935,3.1818181818181817,1,0.8651300456113221,0,0.4771641791044776,0.49819277108433735,0.45460921843687374,0.49812500000000004,0
4.0135424354243545,15.538142857142859,3.8714285714285714,0,-0.28117900184687594,0,0.42025495750708214,0.41236559139784945,0.43936605316973415,0.4317919075144509,0
16.958253012048193,32.35712643678161,1.9080459770114941,0,0.39137979998434796,0,0.419634703196347,0.48418079096045197,0.43936605316973415,0.39441624365482236,0
42.77693877551021,77.63222222222223,1.8148148148148149,0,-0.9953001405907385,0,0.44116766467065865,0.40481283422459896,0.42504725897920603,0.42114285714285715,0
19.032737226277373,115.88822222222223,6.088888888888889,0,-0.04642508558521455,0,0.4771641791044776,0.5011428571428571,0.43936605316973415,0.47803468208092487,1
174.6831034482759,211.07541666666668,1.2083333333333333,0,-0.5129514237508603,0,0.4251063829787234,0.4875,0.4222753346080306,0.41350000000000003,0
83.10134831460675,217.53,2.6176470588235294,0,0.12386794326184669,0,0.419634703196347,0.48418079096045197,0.42504725897920603,0.40918918918918923,1
37.33296460176991,162.25480769230768,4.346153846153846,0,0.6913947474086853,0,0.419634703196347,0.3769230769230769,0.4222753346080306,0.41345029239766085,1
22.36719512195122,84.65123076923076,3.7846153846153845,0,0.4245554871825975,0,0.42025495750708214,0.41236559139784945,0.42504725897920603,0.4277777777777778,0
35.66122807017544,50.81725,1.425,0,-0.7350793978949239,1,0.419634703196347,0.3769230769230769,0.4222753346080306,0.41345029239766085,1
48.13190909090909,378.17928571428575,7.857142857142857,1,-0.6800928088873319,0,0.4771641791044776,0.4591623036649215,0.45460921843687374,0.49812500000000004,0
80.3393103448276,99.85028571428572,1.2428571428571429,0,0.8020826202251237,0,0.44116766467065865,0.43273809523809526,0.45460921843687374,0.4108247422680413,0
96.58633663366336,131.8272972972973,1.364864864864865,0,1.393363455030947,0,0.4251063829787234,0.41285714285714287,0.42504725897920603,0.42169312169312173,0
19.396375,23.159850746268656,1.1940298507462686,1,-0.25874177825501476,0,0.4771641791044776,0.4591623036649215,0.45460921843687374,0.49812500000000004,1
32.73951807228916,108.6952,3.32,0,0.09847570490132446,0,0.44116766467065865,0.43273809523809526,0.43936605316973415,0.4953757225433526,1
32.74783333333333,46.78261904761904,1.4285714285714286,0,-0.7057038190241991,1,0.42815126050420166,0.47056074766355144,0.4222753346080306,0.44782608695652176,1
63.56265060240963,86.48688524590163,1.360655737704918,1,0.29931107938768614,0,0.4251063829787234,0.3842105263157895,0.43936605316973415,0.3974093264248705,0
187.68,143.14576271186442,0.7627118644067796,0,0.8393102241370312,0,0.44116766467065865,0.45191256830601095,0.4222753346080306,0.439247311827957,0
3.7835272727272726,148.63857142857142,39.285714285714285,0,-1.607288178567018,1,0.419634703196347,0.48418079096045197,0.43936605316973415,0.39441624365482236,1
11.906432432432434,55.06725,4.625,1,-0.7038765588271334,0,0.42815126050420166,0.38846153846153847,0.45460921843687374,0.4381642512077295,0
7.671739130434783,22.056250000000002,2.875,0,-1.345601019735974,1,0.44116766467065865,0.45191256830601095,0.4222753346080306,0.439247311827957,1
22.08310924369748,202.14538461538461,9.153846153846153,0,-0.43625949262551367,0,0.44116766467065865,0.40481283422459896,0.45460921843687374,0.4108247422680413,0
7.373240223463687,43.99366666666666,5.966666666666667,0,-1.0750441313222794,1,0.4251063829787234,0.41850000000000004,0.4222753346080306,0.41350000000000003,1
143.37434782608696,125.22569620253165,0.8734177215189873,1,1.5231804260198918,0,0.42025495750708214,0.438860103626943,0.43936605316973415,0.4317919075144509,0
12.75406862745098,162.614375,12.75,1,-1.1325000779900238,0,0.4771641791044776,0.49819277108433735,0.4222753346080306,0.43333333333333335,0
17.47096989966555,373.13,21.357142857142858,0,-0.6930676835561681,0,0.44116766467065865,0.47210526315789475,0.4222753346080306,0.439247311827957,0
17.18690322580645,121.08954545454544,7.045454545454546,1,-0.9956234939872307,0,0.42815126050420166,0.38846153846153847,0.42504725897920603,0.3806282722513089,0
16.953835616438358,117.86952380952383,6.9523809523809526,0,-1.0511723189124256,0,0.44116766467065865,0.43273809523809526,0.45460921843687374,0.4108247422680413,0
32.96585858585859,227.6944186046512,6.906976744186046,0,0.7516380574048533,0,0.4251063829787234,0.41285714285714287,0.4222753346080306,0.41350000000000003,1
41.07772925764192,376.272,9.16,0,0.3047322517884847,0,0.42815126050420166,0.47056074766355144,0.45460921843687374,0.4381642512077295,0
26.934628099173555,54.31816666666667,2.0166666666666666,1,-0.09174168396112309,0,0.42025495750708214,0.438860103626943,0.4222753346080306,0.39365853658536587,0
30.48236434108527,245.7640625,8.0625,1,0.16802277238493118,0,0.4771641791044776,0.44292929292929295,0.4222753346080306,0.43333333333333335,1
26.029618320610687,83.16780487804878,3.1951219512195124,0,1.021865889410162,0,0.44116766467065865,0.47210526315789475,0.43936605316973415,0.4953757225433526,1
28.610344827586207,100.90945945945946,3.527027027027027,0,0.9734246340898915,0,0.44116766467065865,0.45191256830601095,0.45460921843687374,0.4108247422680413,0
462.996875,89.25240963855421,0.1927710843373494,0,1.1507377152224216,0,0.4251063829787234,0.41285714285714287,0.4222753346080306,0.41350000000000003,0
33.67982142857143,130.07379310344828,3.8620689655172415,1,0.6529646042230227,0,0.42025495750708214,0.41073446327683616,0.43936605316973415,0.4317919075144509,1
77.81731182795698,402.05611111111114,5.166666666666667,0,-0.23990713361448024,0,0.42815126050420166,0.4191256830601093,0.42504725897920603,0.3806282722513089,0
19.226478873239436,82.73212121212121,4.303030303030303,0,-0.7534443577360463,0,0.4251063829787234,0.41285714285714287,0.45460921843687374,0.4737704918032787,0
10.755855855855856,149.2375,13.875,0,-1.171784452376372,0,0.4771641791044776,0.5011428571428571,0.45460921843687374,0.49812500000000004,0
153.8293846153846,312.4659375,2.03125,1,0.5597946069533801,0,0.42025495750708214,0.41073446327683616,0.4222753346080306,0.39365853658536587,0
66.50684210526316,92.91397058823529,1.3970588235294117,1,0.6370315907042803,0,0.42815126050420166,0.38846153846153847,0.42504725897920603,0.3806282722513089,0
66.3291089108911,103.06523076923077,1.5538461538461539,1,0.6442436642921813,0,0.42025495750708214,0.41073446327683616,0.43936605316973415,0.4317919075144509,0
25.6803125,246.531,9.6,1,-0.6214123750495437,1,0.42025495750708214,0.438860103626943,0.43936605316973415,0.4317919075144509,1
29.29591973244147,128.81588235294117,4.397058823529412,0,1.0851282207123345,0,0.42025495750708214,0.41236559139784945,0.43936605316973415,0.4317919075144509,0
27.361675392670158,95.01963636363637,3.4727272727272727,1,0.1647324927091797,0,0.4771641791044776,0.49819277108433735,0.42504725897920603,0.485,0
23.44980158730159,109.43240740740741,4.666666666666667,1,0.2692322066682909,0,0.42815126050420166,0.38846153846153847,0.4222753346080306,0.44782608695652176,0
20.079236641221375,37.57685714285714,1.8714285714285714,1,0.0019794208488371767,0,0.4771641791044776,0.44292929292929295,0.45460921843687374,0.49812500000000004,0
17.10496183206107,37.978813559322035,2.2203389830508473,1,-0.29956586992050116,0,0.4771641791044776,0.4591623036649215,0.4222753346080306,0.43333333333333335,1
116.4748148148148,277.4841176470588,2.3823529411764706,0,0.49801568014035863,0,0.44116766467065865,0.43273809523809526,0.43936605316973415,0.4953757225433526,0
40.67342391304348,187.09775,4.6,1,0.26547083965284923,0,0.419634703196347,0.4452127659574468,0.43936605316973415,0.39441624365482236,1
31.82645283018868,122.23202898550726,3.8405797101449277,0,1.0463013056853145,0,0.42025495750708214,0.41236559139784945,0.45460921843687374,0.43526315789473685,1
49.31752212389381,159.22514285714286,3.2285714285714286,0,-0.18985047756904366,0,0.4251063829787234,0.41850000000000004,0.42504725897920603,0.42169312169312173,1
30.412732558139535,88.66084745762711,2.9152542372881354,1,0.24928105651520557,0,0.42025495750708214,0.438860103626943,0.4222753346080306,0.39365853658536587,1
54.8563768115942,45.06059523809524,0.8214285714285714,1,0.5066876854086837,0,0.42025495750708214,0.438860103626943,0.42504725897920603,0.4277777777777778,0
22.420099009900987,116.12461538461538,5.17948717948718,0,-0.29782893719465076,0,0.44116766467065865,0.40481283422459896,0.42504725897920603,0.42114285714285715,0
44.732681818181824,223.6634090909091,5.0,0,0.7817877713288668,0,0.4251063829787234,0.41285714285714287,0.4222753346080306,0.41350000000000003,0
16.066616541353383,46.453478260869566,2.891304347826087,0,-0.5904883707979,0,0.419634703196347,0.48418079096045197,0.42504725897920603,0.40918918918918923,0
41.6132,112.4681081081081,2.7027027027027026,0,-0.4071131514568656,1,0.42815126050420166,0.47056074766355144,0.42504725897920603,0.3806282722513089,1
17.001621621621624,59.34528301886793,3.490566037735849,1,-0.2590102627559855,0,0.419634703196347,0.37540983606557377,0.4222753346080306,0.41345029239766085,0
25.42609756097561,30.216521739130435,1.1884057971014492,1,-0.11904580866843395,0,0.4771641791044776,0.4591623036649215,0.4222753346080306,0.43333333333333335,1
85.2920909090909,153.80540983606556,1.8032786885245902,0,1.053030340759141,0,0.42025495750708214,0.41236559139784945,0.4222753346080306,0.39365853658536587,0
56.81478260869565,163.3425,2.875,0,-1.537503517182424,0,0.42025495750708214,0.4223809523809524,0.43936605316973415,0.4317919075144509,0
8.214020618556702,108.64909090909092,13.227272727272727,0,-1.0458582294252519,1,0.4771641791044776,0.5011428571428571,0.42504725897920603,0.485,1
50.20021739130435,177.63153846153847,3.5384615384615383,0,-1.248944855627777,1,0.4251063829787234,0.41850000000000004,0.43936605316973415,0.3974093264248705,1
36.55632911392405,70.43780487804878,1.9268292682926829,1,-0.5571879119071653,1,0.4771641791044776,0.44292929292929295,0.45460921843687374,0.49812500000000004,1
52.556622516556295,94.47678571428571,1.7976190476190477,1,1.2685802551547782,0,0.42025495750708214,0.41073446327683616,0.4222753346080306,0.39365853658536587,0
32.691259259259255,191.88347826086957,5.869565217391305,1,0.6373947394310655,0,0.42025495750708214,0.438860103626943,0.42504725897920603,0.4277777777777778,0
15.317620689655172,67.30469696969696,4.393939393939394,0,0.2508680662434648,0,0.44116766467065865,0.43273809523809526,0.45460921843687374,0.4108247422680413,0
33.82979381443299,89.90383561643836,2.6575342465753424,0,0.7865283758393928,0,0.4771641791044776,0.5011428571428571,0.45460921843687374,0.49812500000000004,0
12.5012890625,54.242881355932205,4.338983050847458,1,-0.1234386916106747,0,0.42025495750708214,0.41073446327683616,0.43936605316973415,0.4317919075144509,0
9.672015209125474,29.578372093023255,3.058139534883721,1,0.3206663952722067,0,0.42025495750708214,0.41073446327683616,0.4222753346080306,0.39365853658536587,1
342.7757894736842,127.70078431372549,0.37254901960784315,1,0.317246580990132,0,0.4771641791044776,0.44292929292929295,0.43936605316973415,0.47803468208092487,1
5.479460580912863,33.01375,6.025,1,-0.8657899262110205,0,0.42025495750708214,0.41073446327683616,0.43936605316973415,0.4317919075144509,0
55.574423076923075,72.24674999999999,1.3,1,-0.5777473414706373,0,0.42025495750708214,0.41073446327683616,0.42504725897920603,0.4277777777777778,0
21.97519083969466,66.94767441860465,3.046511627906977,0,-0.5170528599414177,0,0.44116766467065865,0.45191256830601095,0.43936605316973415,0.4953757225433526,0
3.3436363636363633,13.792499999999999,4.125,1,-0.25672062332101053,0,0.42025495750708214,0.41073446327683616,0.4222753346080306,0.39365853658536587,0
34.54017543859649,127.01870967741935,3.6774193548387095,1,0.7973436942109763,0,0.42815126050420166,0.42923076923076925,0.42504725897920603,0.3806282722513089,1
11.446149068322981,34.12648148148148,2.9814814814814814,1,-0.47716172936671986,0,0.419634703196347,0.4452127659574468,0.43936605316973415,0.39441624365482236,1
22.219941176470588,94.43475,4.25,0,-0.41484649600331075,0,0.42025495750708214,0.41236559139784945,0.45460921843687374,0.43526315789473685,0
32.18595238095238,18.77513888888889,0.5833333333333334,0,-0.19087345558236435,0,0.4251063829787234,0.41850000000000004,0.4222753346080306,0.41350000000000003,0
21.28082089552239,237.63583333333335,11.166666666666666,1,-0.3959499545522538,0,0.4771641791044776,0.49819277108433735,0.42504725897920603,0.485,1
4.719849056603773,14.714823529411765,3.1176470588235294,0,0.06243310506825228,0,0.44116766467065865,0.40481283422459896,0.4222753346080306,0.439247311827957,0
77.5739393939394,213.32833333333332,2.75,1,0.21778200609149218,0,0.4251063829787234,0.3842105263157895,0.45460921843687374,0.4737704918032787,0
235.89000000000001,55.86868421052632,0.23684210526315788,0,0.4239948900975874,0,0.4251063829787234,0.41285714285714287,0.42504725897920603,0.42169312169312173,0
67.7546511627907,135.5093023255814,2.0,0,0.02406861063332842,0,0.4251063829787234,0.41850000000000004,0.42504725897920603,0.42169312169312173,0
103.40755102040816,158.3428125,1.53125,1,-0.34544380547014425,0,0.4771641791044776,0.49819277108433735,0.42504725897920603,0.485,0
29.86929292929293,44.803939393939395,1.5,0,-0.021707087624902366,0,0.419634703196347,0.48418079096045197,0.45460921843687374,0.4737804878048781,1
137.23076923076923,234.73684210526315,1.7105263157894737,1,0.48723589967204106,0,0.4251063829787234,0.3842105263157895,0.42504725897920603,0.42169312169312173,0
55.498620689655176,128.7568,2.32,0,1.3962033429261573,0,0.42025495750708214,0.41236559139784945,0.42504725897920603,0.4277777777777778,0
152.1132786885246,371.1564,2.44,0,0.28125853950389806,0,0.4771641791044776,0.5011428571428571,0.42504725897920603,0.485,1
91.16246913580247,217.18117647058824,2.3823529411764706,1,0.12169108637158782,0,0.4771641791044776,0.49819277108433735,0.42504725897920603,0.485,1
36.82242424242424,364.54200000000003,9.9,1,-1.0664242193902986,1,0.42025495750708214,0.438860103626943,0.45460921843687374,0.43526315789473685,1
22.85661904761905,436.3536363636364,19.09090909090909,0,-0.8336139011821069,1,0.44116766467065865,0.45191256830601095,0.43936605316973415,0.4953757225433526,1
21.961599999999997,27.451999999999998,1.25,0,-0.38761251038527844,0,0.419634703196347,0.3769230769230769,0.43936605316973415,0.39441624365482236,1
22.21081632653061,18.446271186440676,0.8305084745762712,0,-0.5110880804999319,0,0.419634703196347,0.48418079096045197,0.45460921843687374,0.4737804878048781,0
23.05139534883721,59.17671641791045,2.5671641791044775,0,0.18417885139002943,0,0.42815126050420166,0.4191256830601093,0.43936605316973415,0.44792899408284026,0
28.919186991869918,229.48774193548385,7.935483870967742,0,0.00939077994648585,0,0.4251063829787234,0.41850000000000004,0.4222753346080306,0.41350000000000003,0
48.332068965517244,107.81769230769231,2.230769230769231,0,-1.4155276361051028,0,0.4771641791044776,0.5011428571428571,0.43936605316973415,0.47803468208092487,0
34.13137809187279,419.96434782608696,12.304347826086957,1,0.3092319433786508,0,0.42815126050420166,0.42923076923076925,0.45460921843687374,0.4381642512077295,1
149.36211538461538,89.27390804597701,0.5977011494252874,0,1.3002560963509524,0,0.44116766467065865,0.40481283422459896,0.42504725897920603,0.42114285714285715,0
262.3176190476191,105.93596153846154,0.40384615384615385,0,0.15386527424897845,0,0.4251063829787234,0.41285714285714287,0.4222753346080306,0.41350000000000003,1
14.108235294117648,61.8941935483871,4.387096774193548,0,-0.9442046911876274,1,0.4771641791044776,0.5011428571428571,0.45460921843687374,0.49812500000000004,1
51.47554404145078,220.7728888888889,4.288888888888889,0,0.8198776900650722,0,0.419634703196347,0.3769230769230769,0.4222753346080306,0.41345029239766085,0
34.643142857142855,76.98476190476191,2.2222222222222223,0,0.2630065174818334,0,0.44116766467065865,0.47210526315789475,0.4222753346080306,0.439247311827957,0
66.62802083333334,304.5852380952381,4.571428571428571,0,-0.3314825067360788,0,0.4251063829787234,0.41850000000000004,0.45460921843687374,0.4737704918032787,0
50.599420289855075,53.71323076923077,1.0615384615384615,0,0.05544976200521606,0,0.42815126050420166,0.4191256830601093,0.43936605316973415,0.44792899408284026,0
17.540732984293196,88.16526315789474,5.026315789473684,0,-0.5350645521671037,1,0.44116766467065865,0.45191256830601095,0.42504725897920603,0.42114285714285715,0
109.31641025641026,266.45875,2.4375,0,-0.82753637716929,0,0.4251063829787234,0.41285714285714287,0.42504725897920603,0.42169312169312173,0
28.901088082901552,169.02757575757576,5.848484848484849,0,-0.23075091682251309,0,0.44116766467065865,0.47210526315789475,0.4222753346080306,0.439247311827957,1
17.319302325581397,248.24333333333334,14.333333333333334,0,-0.947506216541621,0,0.44116766467065865,0.43273809523809526,0.45460921843687374,0.4108247422680413,0
7.528468899521531,58.275925925925925,7.7407407407407405,0,-1.0912250097296132,1,0.44116766467065865,0.45191256830601095,0.4222753346080306,0.439247311827957,1
173.42655172413794,104.77854166666667,0.6041666666666666,1,-0.017755729706277975,0,0.42815126050420166,0.42923076923076925,0.4222753346080306,0.44782608695652176,1
39.06619266055046,99.02825581395349,2.5348837209302326,0,1.4169304239298668,0,0.4251063829787234,0.41850000000000004,0.42504725897920603,0.42169312169312173,0
27.96785714285714,636.26875,22.75,1,-0.8430733209620146,0,0.419634703196347,0.4452127659574468,0.43936605316973415,0.39441624365482236,0
35.30103658536585,87.71772727272727,2.484848484848485,1,0.4981524013168269,0,0.4771641791044776,0.49819277108433735,0.4222753346080306,0.43333333333333335,1
29.15804166666667,318.0877272727273,10.909090909090908,0,-0.20014198571522046,0,0.42815126050420166,0.47056074766355144,0.43936605316973415,0.44792899408284026,1
88.41978494623658,186.88727272727274,2.1136363636363638,1,0.4847826299315413,0,0.42815126050420166,0.42923076923076925,0.4222753346080306,0.44782608695652176,0
22.172812500000003,146.7993103448276,6.620689655172414,0,-0.5568131259354814,1,0.42025495750708214,0.4223809523809524,0.43936605316973415,0.4317919075144509,1
239.25411764705882,88.42,0.3695652173913043,1,-0.2361599431107998,0,0.4771641791044776,0.44292929292929295,0.45460921843687374,0.49812500000000004,0
49.65626865671641,50.40863636363636,1.0151515151515151,0,0.04618845472548827,0,0.44116766467065865,0.45191256830601095,0.43936605316973415,0.4953757225433526,0
23.589912280701753,36.83904109589041,1.5616438356164384,0,0.0755202947683784,0,0.4251063829787234,0.41285714285714287,0.43936605316973415,0.3974093264248705,0
29.55293918918919,397.62136363636364,13.454545454545455,0,0.12101598858169671,0,0.44116766467065865,0.47210526315789475,0.43936605316973415,0.4953757225433526,0
28.3836329588015,92.41987804878049,3.2560975609756095,0,1.161116818325225,0,0.419634703196347,0.3769230769230769,0.4222753346080306,0.41345029239766085,1
34.269999999999996,159.25470588235294,4.647058823529412,1,-1.0922241250579514,1,0.42815126050420166,0.38846153846153847,0.42504725897920603,0.3806282722513089,1
25.506758620689656,119.30580645161291,4.67741935483871,0,-0.6175366626035628,0,0.4771641791044776,0.5011428571428571,0.43936605316973415,0.47803468208092487,0
18.80248484848485,35.25465909090909,1.875,0,0.4650317779522265,0,0.44116766467065865,0.40481283422459896,0.42504725897920603,0.42114285714285715,0
20.68473913043478,76.73370967741936,3.7096774193548385,0,0.22510748670227798,0,0.44116766467065865,0.43273809523809526,0.4222753346080306,0.439247311827957,1
34.39082191780822,119.54904761904763,3.4761904761904763,0,0.7551945945537974,0,0.4251063829787234,0.41850000000000004,0.42504725897920603,0.42169312169312173,0
3.6535135135135137,12.430344827586207,3.4022988505747125,0,0.0731787535543843,0,0.42025495750708214,0.41236559139784945,0.45460921843687374,0.43526315789473685,1
17.141737588652482,66.21876712328768,3.863013698630137,1,0.46917531244762456,0,0.42815126050420166,0.38846153846153847,0.4222753346080306,0.44782608695652176,0
19.27454128440367,59.18098591549296,3.0704225352112675,1,0.3113284678291977,0,0.4771641791044776,0.44292929292929295,0.42504725897920603,0.485,1
268.823,144.01232142857143,0.5357142857142857,1,0.7066601602563647,0,0.4771641791044776,0.49819277108433735,0.42504725897920603,0.485,1
43.386066666666665,108.46516666666666,2.5,0,0.5045665961578147,0,0.419634703196347,0.48418079096045197,0.43936605316973415,0.39441624365482236,1
30.69096153846154,62.17909090909091,2.0259740259740258,1,0.5443465053832185,0,0.42025495750708214,0.41073446327683616,0.43936605316973415,0.4317919075144509,0
36.54240963855422,63.187916666666666,1.7291666666666667,0,-0.38417801072382946,0,0.44116766467065865,0.45191256830601095,0.4222753346080306,0.439247311827957,1
81.61613636363637,108.82151515151516,1.3333333333333333,0,0.7538046036437218,0,0.4251063829787234,0.41850000000000004,0.43936605316973415,0.3974093264248705,1
4.854642857142857,30.206666666666667,6.222222222222222,0,-0.9922237128127511,1,0.419634703196347,0.48418079096045197,0.45460921843687374,0.4737804878048781,0
29.54584745762712,52.824393939393936,1.7878787878787878,0,0.07545304684883264,0,0.42815126050420166,0.47056074766355144,0.4222753346080306,0.44782608695652176,1
31.85951965065502,177.9470731707317,5.585365853658536,1,0.2518613249759688,0,0.42815126050420166,0.38846153846153847,0.42504725897920603,0.3806282722513089,0
12.246,9.033934426229509,0.7377049180327869,1,-0.5678763885232285,0,0.4251063829787234,0.3842105263157895,0.4222753346080306,0.41350000000000003,1
10.579555555555556,25.504285714285714,2.4107142857142856,0,-0.5114344358109228,0,0.42025495750708214,0.4223809523809524,0.43936605316973415,0.4317919075144509,1
133.28472222222223,67.58098591549296,0.5070422535211268,0,0.4207953691234936,0,0.44116766467065865,0.47210526315789475,0.43936605316973415,0.4953757225433526,0
38.85871900826446,391.8254166666666,10.083333333333334,1,0.28327161081429014,0,0.419634703196347,0.37540983606557377,0.45460921843687374,0.4737804878048781,1
186.50622641509435,366.1048148148148,1.962962962962963,1,0.43429647598364196,0,0.419634703196347,0.37540983606557377,0.4222753346080306,0.41345029239766085,0
332.9141379310345,146.28045454545455,0.4393939393939394,0,1.2075838212843573,0,0.419634703196347,0.48418079096045197,0.42504725897920603,0.40918918918918923,1
41.853305084745756,93.18283018867923,2.2264150943396226,0,0.0701594993368672,0,0.419634703196347,0.48418079096045197,0.43936605316973415,0.39441624365482236,1
75.78610619469026,147.65224137931034,1.9482758620689655,1,0.8400990428792928,0,0.42815126050420166,0.38846153846153847,0.42504725897920603,0.3806282722513089,0
24.731101321585903,561.396,22.7,1,-0.7051063557520134,0,0.419634703196347,0.4452127659574468,0.4222753346080306,0.41345029239766085,1
185.92208333333335,198.31688888888888,1.0666666666666667,0,0.6344006728016383,0,0.42815126050420166,0.47056074766355144,0.45460921843687374,0.4381642512077295,0
29.885066666666667,25.762988505747128,0.8620689655172413,0,0.28608123089728454,0,0.4251063829787234,0.41285714285714287,0.43936605316973415,0.3974093264248705,1
47.0173631840796,168.75875,3.5892857142857144,0,0.961018362492507,0,0.42025495750708214,0.4223809523809524,0.45460921843687374,0.43526315789473685,0
12.31,151.6368181818182,12.318181818181818,1,-0.8722731647688895,1,0.419634703196347,0.37540983606557377,0.45460921843687374,0.4737804878048781,1
41.89053097345133,57.72719512195122,1.3780487804878048,0,0.6389648384425738,0,0.4251063829787234,0.4875,0.45460921843687374,0.4737704918032787,1
39.11877906976744,448.562,11.466666666666667,1,-0.39599052963505743,0,0.4771641791044776,0.4591623036649215,0.42504725897920603,0.485,0
46.792366412213745,340.5444444444445,7.277777777777778,0,-0.4431312244630004,0,0.4251063829787234,0.41285714285714287,0.4222753346080306,0.41350000000000003,1
16.457100371747213,50.884597701149424,3.0919540229885056,0,0.6872359427195303,0,0.44116766467065865,0.40481283422459896,0.45460921843687374,0.4108247422680413,0
21.176733668341708,156.08037037037036,7.37037037037037,0,-0.6065311204172841,0,0.4251063829787234,0.41285714285714287,0.42504725897920603,0.42169312169312173,0
26.426764705882352,114.09650793650793,4.317460317460317,0,0.6921446695645224,0,0.42815126050420166,0.4191256830601093,0.45460921843687374,0.4381642512077295,0
7.008844621513944,27.064923076923076,3.8615384615384616,0,-0.2624778007176239,0,0.44116766467065865,0.40481283422459896,0.43936605316973415,0.4953757225433526,0
4.49153024911032,35.05888888888889,7.805555555555555,1,-0.9601618779400355,0,0.4771641791044776,0.4591623036649215,0.42504725897920603,0.485,0
68.09432432432433,148.20529411764707,2.176470588235294,0,0.5091862568628418,0,0.4771641791044776,0.5011428571428571,0.42504725897920603,0.485,0
60.90172413793104,64.22363636363637,1.0545454545454545,1,-0.14615424115106943,0,0.42025495750708214,0.41073446327683616,0.45460921843687374,0.43526315789473685,1
33.69938405797102,138.8213432835821,4.119402985074627,0,1.1636157796556383,0,0.4251063829787234,0.41285714285714287,0.42504725897920603,0.42169312169312173,1
61.86278145695365,322.11310344827587,5.206896551724138,0,0.3763536629148373,0,0.4251063829787234,0.41850000000000004,0.4222753346080306,0.41350000000000003,1
57.93662650602409,80.14566666666666,1.3833333333333333,0,0.19269054875300445,0,0.4251063829787234,0.4875,0.42504725897920603,0.42169312169312173,1
67.18252427184466,108.121875,1.609375,0,0.6638147566921313,0,0.42025495750708214,0.41236559139784945,0.42504725897920603,0.4277777777777778,0
11.623497942386832,97.39689655172414,8.379310344827585,0,-0.8197741344487258,0,0.4251063829787234,0.4875,0.42504725897920603,0.42169312169312173,0
8.213547297297298,39.85590163934426,4.852459016393443,0,-0.22278400120019426,0,0.42815126050420166,0.47056074766355144,0.43936605316973415,0.44792899408284026,0
30.16395238095238,275.41,9.130434782608695,1,-0.3010129930368597,0,0.42815126050420166,0.42923076923076925,0.45460921843687374,0.4381642512077295,0
24.521894736842103,367.82842105263154,15.0,0,-0.2645642887824803,0,0.42025495750708214,0.41236559139784945,0.4222753346080306,0.39365853658536587,0
3.2670110701107014,15.264827586206897,4.672413793103448,0,-0.5692542729845781,0,0.419634703196347,0.3769230769230769,0.42504725897920603,0.40918918918918923,0
262.7105555555556,69.54102941176471,0.2647058823529412,1,0.3453107418761412,0,0.4771641791044776,0.44292929292929295,0.42504725897920603,0.485,0
214.45740740740743,123.19893617021278,0.574468085106383,0,0.10100735262905682,0,0.42025495750708214,0.4223809523809524,0.43936605316973415,0.4317919075144509,0
3.249311926605505,19.67638888888889,6.055555555555555,1,-1.0618042084728025,0,0.42025495750708214,0.41073446327683616,0.42504725897920603,0.4277777777777778,0
37.932162162162165,22.636935483870968,0.5967741935483871,0,-0.39050617349401406,0,0.44116766467065865,0.43273809523809526,0.42504725897920603,0.42114285714285715,1
27.342508591065293,165.76395833333333,6.0625,0,0.5195388044298597,0,0.44116766467065865,0.40481283422459896,0.4222753346080306,0.439247311827957,1
73.84008849557523,927.1033333333334,12.555555555555555,0,-0.22494281402791982,0,0.4251063829787234,0.41850000000000004,0.43936605316973415,0.3974093264248705,0
80.19153153153154,445.063,5.55,1,0.10738315975123303,0,0.4771641791044776,0.49819277108433735,0.45460921843687374,0.49812500000000004,1
10.488732394366197,17.73095238095238,1.6904761904761905,0,-0.9296612787027053,1,0.42815126050420166,0.4191256830601093,0.4222753346080306,0.44782608695652176,1
33.38793103448276,56.955882352941174,1.7058823529411764,1,0.18823381454776172,0,0.4771641791044776,0.49819277108433735,0.42504725897920603,0.485,0
130.99444444444444,31.025000000000002,0.23684210526315788,0,0.0774378047994887,0,0.42025495750708214,0.4223809523809524,0.4222753346080306,0.39365853658536587,1
60.20830985915493,185.8604347826087,3.0869565217391304,0,0.5865414535950535,0,0.44116766467065865,0.45191256830601095,0.45460921843687374,0.4108247422680413,0
5.899467680608365,22.165142857142857,3.757142857142857,0,-0.19603379587536196,0,0.44116766467065865,0.45191256830601095,0.42504725897920603,0.42114285714285715,1
47.04761904761905,98.8,2.1,1,0.3981263702530945,0,0.419634703196347,0.4452127659574468,0.45460921843687374,0.4737804878048781,0
86.89660377358491,95.94833333333334,1.1041666666666667,1,-0.09555174934676636,0,0.42025495750708214,0.438860103626943,0.43936605316973415,0.4317919075144509,0
19.391330935251798,73.84643835616438,3.808219178082192,0,0.5713774586224901,0,0.42815126050420166,0.4191256830601093,0.43936605316973415,0.44792899408284026,0
34.334,71.99064516129032,2.096774193548387,1,-0.8867565935415815,1,0.42025495750708214,0.438860103626943,0.4222753346080306,0.39365853658536587,1
3.221311475409836,7.36875,2.2875,1,-0.1634977875550957,0,0.4771641791044776,0.49819277108433735,0.4222753346080306,0.43333333333333335,0
36.923097345132746,130.3846875,3.53125,1,0.9253349282248926,0,0.4771641791044776,0.44292929292929295,0.43936605316973415,0.47803468208092487,0
82.42966386554622,127.3912987012987,1.5454545454545454,0,1.4659939402341573,0,0.44116766467065865,0.45191256830601095,0.45460921843687374,0.4108247422680413,0
42.81137566137566,115.59071428571428,2.7,0,1.0043192329902042,0,0.44116766467065865,0.40481283422459896,0.45460921843687374,0.4108247422680413,0
197.253,171.52434782608697,0.8695652173913043,0,0.46550013446772887,0,0.44116766467065865,0.40481283422459896,0.4222753346080306,0.439247311827957,1
33.74528409090909,456.85923076923075,13.538461538461538,1,-0.5826798103188526,0,0.42815126050420166,0.38846153846153847,0.45460921843687374,0.4381642512077295,1
70.93714285714286,73.02352941176471,1.0294117647058822,1,0.3887762966975736,0,0.419634703196347,0.37540983606557377,0.45460921843687374,0.4737804878048781,1
5.329897959183674,21.319591836734695,4.0,0,-0.728221920206369,0,0.419634703196347,0.3769230769230769,0.45460921843687374,0.4737804878048781,0
85.44849462365592,345.5091304347826,4.043478260869565,1,-0.005085267317933795,0,0.42025495750708214,0.438860103626943,0.45460921843687374,0.43526315789473685,0
60.584923076923076,175.02311111111112,2.888888888888889,0,0.4420039671096414,0,0.44116766467065865,0.47210526315789475,0.45460921843687374,0.4108247422680413,0
41.18,76.7078431372549,1.8627450980392157,0,-0.1600907801466852,0,0.44116766467065865,0.40481283422459896,0.45460921843687374,0.4108247422680413,1
6.3136363636363635,11.175862068965516,1.7701149425287357,1,0.05314653087286281,0,0.4251063829787234,0.3842105263157895,0.43936605316973415,0.3974093264248705,0
9.715234899328859,43.86575757575758,4.515151515151516,0,-0.9888587657357966,0,0.42025495750708214,0.4223809523809524,0.45460921843687374,0.43526315789473685,0
139.11172413793102,132.27016393442622,0.9508196721311475,1,0.8119149905155932,0,0.42025495750708214,0.438860103626943,0.4222753346080306,0.39365853658536587,0
33.71109677419355,70.61108108108108,2.0945945945945947,0,0.5618995669304097,0,0.42025495750708214,0.41236559139784945,0.4222753346080306,0.39365853658536587,0
30.93830882352941,165.0043137254902,5.333333333333333,1,0.6664393884588982,0,0.42815126050420166,0.38846153846153847,0.42504725897920603,0.3806282722513089,1
9.81962457337884,169.24411764705883,17.235294117647058,1,-1.0610543242903503,1,0.42815126050420166,0.42923076923076925,0.43936605316973415,0.44792899408284026,1
19.43041420118343,136.8225,7.041666666666667,0,-0.8400434438540227,1,0.44116766467065865,0.43273809523809526,0.43936605316973415,0.4953757225433526,1
115.07842105263157,150.79241379310344,1.3103448275862069,0,0.8735282962876262,0,0.419634703196347,0.3769230769230769,0.4222753346080306,0.41345029239766085,0
49.84210144927536,163.76690476190475,3.2857142857142856,0,0.1961206357130846,0,0.42025495750708214,0.41236559139784945,0.45460921843687374,0.43526315789473685,0
40.620000000000005,257.78076923076924,6.346153846153846,0,-0.1707563704588051,0,0.42025495750708214,0.4223809523809524,0.4222753346080306,0.39365853658536587,1
21.49432,41.98109375,1.953125,1,-0.11313777155697613,0,0.42815126050420166,0.38846153846153847,0.42504725897920603,0.3806282722513089,0
291.80870967741936,192.4695744680851,0.6595744680851063,0,0.6985821009219225,0,0.4251063829787234,0.41850000000000004,0.43936605316973415,0.3974093264248705,0
44.40897435897436,173.195,3.9,1,-1.4176341986317413,1,0.42815126050420166,0.42923076923076925,0.4222753346080306,0.44782608695652176,1
38.031724137931036,179.54511627906976,4.72093023255814,0,0.37162051585935313,0,0.44116766467065865,0.45191256830601095,0.43936605316973415,0.4953757225433526,1
264.44142857142856,168.2809090909091,0.6363636363636364,0,0.3345170988255481,0,0.4251063829787234,0.41850000000000004,0.43936605316973415,0.3974093264248705,0
14.501271676300577,41.812,2.8833333333333333,1,-0.2294691801452292,0,0.42815126050420166,0.38846153846153847,0.45460921843687374,0.4381642512077295,1
44.24057971014493,381.575,8.625,0,-1.2170577018007012,0,0.44116766467065865,0.47210526315789475,0.42504725897920603,0.42114285714285715,0
31.26908163265306,408.5826666666666,13.066666666666666,1,-0.5060612976383713,0,0.4771641791044776,0.44292929292929295,0.4222753346080306,0.43333333333333335,0
23.412380952380953,128.2591304347826,5.478260869565218,0,-0.9222193032707728,1,0.44116766467065865,0.43273809523809526,0.4222753346080306,0.439247311827957,0
21.511805555555554,25.814166666666665,1.2,1,-0.4056495868275831,0,0.419634703196347,0.4452127659574468,0.42504725897920603,0.40918918918918923,1
18.17345971563981,67.27368421052631,3.7017543859649122,0,-0.048844575246399624,0,0.44116766467065865,0.43273809523809526,0.42504725897920603,0.42114285714285715,1
51.8672159090909,149.64967213114753,2.8852459016393444,0,1.0065014013257003,0,0.44116766467065865,0.45191256830601095,0.43936605316973415,0.4953757225433526,1
34.71235576923077,176.10170731707316,5.073170731707317,0,0.2379742261296804,0,0.44116766467065865,0.45191256830601095,0.45460921843687374,0.4108247422680413,1
19.493187250996016,54.97516853932584,2.8202247191011236,0,0.814560904346293,0,0.42025495750708214,0.41236559139784945,0.42504725897920603,0.4277777777777778,0
5.194639175257732,22.561791044776122,4.343283582089552,1,-0.26609647096940514,0,0.4771641791044776,0.4591623036649215,0.4222753346080306,0.43333333333333335,0
248.3371875,128.17403225806453,0.5161290322580645,0,0.8104911022252459,0,0.44116766467065865,0.43273809523809526,0.4222753346080306,0.439247311827957,0
52.88075675675676,181.16555555555556,3.425925925925926,1,0.9802145912836026,0,0.419634703196347,0.37540983606557377,0.42504725897920603,0.40918918918918923,1
54.98838323353293,199.63173913043477,3.630434782608696,1,0.702814244728371,0,0.42815126050420166,0.42923076923076925,0.43936605316973415,0.44792899408284026,1
100.05873563218391,263.79121212121214,2.6363636363636362,0,0.3432344851351032,0,0.4251063829787234,0.4875,0.43936605316973415,0.3974093264248705,0
567.938,75.72506666666666,0.13333333333333333,0,0.6661707073293988,0,0.44116766467065865,0.40481283422459896,0.42504725897920603,0.42114285714285715,1
335.18809523809523,195.52638888888887,0.5833333333333334,0,0.10015280918928654,0,0.4251063829787234,0.41285714285714287,0.4222753346080306,0.41350000000000003,1
60.851642857142856,230.24945945945944,3.7837837837837838,1,0.39276428620145976,0,0.42815126050420166,0.42923076923076925,0.43936605316973415,0.44792899408284026,1
24.99548611111111,73.45612244897958,2.938775510204082,0,-0.25931850292346337,0,0.42025495750708214,0.4223809523809524,0.45460921843687374,0.43526315789473685,0
28.217281105990782,100.3795081967213,3.557377049180328,0,0.45485723214062224,0,0.44116766467065865,0.43273809523809526,0.43936605316973415,0.4953757225433526,1
30.58385185185185,104.52708860759493,3.4177215189873418,0,1.2230476588713004,0,0.42815126050420166,0.47056074766355144,0.45460921843687374,0.4381642512077295,0
81.6435294117647,44.0615873015873,0.5396825396825397,0,-0.11769748652315798,0,0.44116766467065865,0.47210526315789475,0.43936605316973415,0.4953757225433526,0
22.846511627906978,169.3793103448276,7.413793103448276,1,-0.4366234607685953,0,0.419634703196347,0.37540983606557377,0.45460921843687374,0.4737804878048781,0
31.693174603174604,347.24695652173915,10.956521739130435,0,0.002251070785240339,0,0.42815126050420166,0.4191256830601093,0.45460921843687374,0.4381642512077295,0
43.20559241706161,396.36434782608694,9.173913043478262,1,0.2096031136963168,0,0.4771641791044776,0.4591623036649215,0.42504725897920603,0.485,1
256.178,243.97904761904763,0.9523809523809523,0,-0.5650871500698972,0,0.44116766467065865,0.40481283422459896,0.43936605316973415,0.4953757225433526,0
12.979833333333334,129.79833333333332,10.0,0,-1.1394005527272881,1,0.419634703196347,0.3769230769230769,0.43936605316973415,0.39441624365482236,1
180.75864864864863,836.00875,4.625,0,-0.549781317413756,0,0.4251063829787234,0.4875,0.4222753346080306,0.41350000000000003,0
6.773886010362694,19.80848484848485,2.9242424242424243,0,-0.3245031088609856,0,0.4251063829787234,0.41850000000000004,0.43936605316973415,0.3974093264248705,0
16.853276450511945,89.78200000000001,5.327272727272727,0,0.11185836417824777,0,0.44116766467065865,0.45191256830601095,0.42504725897920603,0.42114285714285715,1
10.802393617021275,27.443918918918918,2.5405405405405403,1,-0.024414627381227128,0,0.419634703196347,0.4452127659574468,0.42504725897920603,0.40918918918918923,0
61.64632183908046,233.18391304347824,3.782608695652174,0,-0.47927297717002587,0,0.419634703196347,0.48418079096045197,0.42504725897920603,0.40918918918918923,0
79.3593137254902,476.15588235294115,6.0,1,-0.10340248407742425,0,0.42025495750708214,0.438860103626943,0.4222753346080306,0.39365853658536587,1
31.509086021505375,94.52725806451612,3.0,0,0.4275955576410226,0,0.42025495750708214,0.4223809523809524,0.42504725897920603,0.4277777777777778,1
116.90583333333332,935.2466666666666,8.0,0,-0.211490719467459,0,0.4251063829787234,0.41850000000000004,0.43936605316973415,0.3974093264248705,0
10.387703180212013,163.31777777777776,15.722222222222221,0,-1.028658005953456,1,0.42815126050420166,0.47056074766355144,0.4222753346080306,0.44782608695652176,1
27.210688073394497,77.03805194805196,2.831168831168831,1,0.7543489541539358,0,0.4251063829787234,0.3842105263157895,0.45460921843687374,0.4737704918032787,0
50.11402985074627,78.08465116279069,1.558139534883721,0,-0.4291544622874515,1,0.44116766467065865,0.40481283422459896,0.4222753346080306,0.439247311827957,1
27.90824074074074,81.4618918918919,2.918918918918919,0,0.7092797531531928,0,0.419634703196347,0.3769230769230769,0.43936605316973415,0.39441624365482236,1
34.88132701421801,87.61857142857143,2.511904761904762,0,1.1628411753985224,0,0.42815126050420166,0.47056074766355144,0.43936605316973415,0.44792899408284026,0
11.431584158415841,28.160731707317073,2.4634146341463414,1,0.19396646680783902,0,0.42815126050420166,0.42923076923076925,0.42504725897920603,0.3806282722513089,0
15.238984375,205.32526315789474,13.473684210526315,0,-0.8312739228539363,1,0.4771641791044776,0.5011428571428571,0.43936605316973415,0.47803468208092487,1
10.018415492957747,33.47329411764706,3.3411764705882354,0,0.35509187452954677,0,0.42815126050420166,0.47056074766355144,0.4222753346080306,0.44782608695652176,1
51.317542857142854,116.63077922077922,2.272727272727273,0,1.3139149735399893,0,0.4251063829787234,0.4875,0.45460921843687374,0.4737704918032787,1
35.18843902439024,114.5020634920635,3.253968253968254,1,0.6968342727302992,0,0.419634703196347,0.4452127659574468,0.45460921843687374,0.4737804878048781,0
24.978791946308725,68.92296296296297,2.759259259259259,0,-0.13227674915043033,0,0.44116766467065865,0.45191256830601095,0.45460921843687374,0.4108247422680413,1
30.904765625,104.10026315789473,3.3684210526315788,0,-0.4239218748687553,0,0.42025495750708214,0.4223809523809524,0.45460921843687374,0.43526315789473685,0
18.53123931623932,85.02568627450981,4.588235294117647,1,-0.08222868390581779,0,0.4771641791044776,0.49819277108433735,0.43936605316973415,0.47803468208092487,1
5.927918552036199,23.819454545454544,4.0181818181818185,0,-0.5540359179841066,0,0.44116766467065865,0.45191256830601095,0.45460921843687374,0.4108247422680413,0
35.77030303030303,66.81622641509435,1.8679245283018868,0,-0.18633334418373632,0,0.42025495750708214,0.4223809523809524,0.43936605316973415,0.4317919075144509,0
27.058796680497924,197.61121212121213,7.303030303030303,0,-0.05761921106319445,0,0.44116766467065865,0.45191256830601095,0.45460921843687374,0.4108247422680413,0
47.44344632768362,246.98499999999999,5.205882352941177,0,0.30768386821020094,0,0.42815126050420166,0.47056074766355144,0.42504725897920603,0.3806282722513089,1
49.583988764044946,196.13222222222223,3.9555555555555557,0,0.6163562545148472,0,0.42025495750708214,0.41236559139784945,0.43936605316973415,0.4317919075144509,0
14.958054298642534,82.64325,5.525,0,-0.5014178552663349,0,0.4251063829787234,0.41285714285714287,0.4222753346080306,0.41350000000000003,0
51.50141732283465,167.7097435897436,3.2564102564102564,1,0.07143280217806983,0,0.42815126050420166,0.42923076923076925,0.45460921843687374,0.4381642512077295,0
24.276035502958578,73.26160714285713,3.017857142857143,0,-0.020556877979806237,0,0.42025495750708214,0.4223809523809524,0.4222753346080306,0.39365853658536587,0
304.47333333333336,498.2290909090909,1.6363636363636365,0,-0.7086869108602816,0,0.42815126050420166,0.47056074766355144,0.4222753346080306,0.44782608695652176,0
31.931330275229357,331.47761904761904,10.380952380952381,0,-0.22782667535287854,0,0.42025495750708214,0.41236559139784945,0.4222753346080306,0.39365853658536587,1
5.230370370370371,31.382222222222225,6.0,0,-1.2245033481548768,1,0.42025495750708214,0.41236559139784945,0.43936605316973415,0.4317919075144509,1
33.578356164383564,131.31535714285715,3.9107142857142856,1,0.5761533681247697,0,0.4771641791044776,0.49819277108433735,0.45460921843687374,0.49812500000000004,1
22.16269076305221,250.84136363636364,11.318181818181818,1,-0.4716837749721073,0,0.42025495750708214,0.438860103626943,0.42504725897920603,0.4277777777777778,1
24.758702290076336,83.16384615384615,3.358974358974359,0,0.8771013525866651,0,0.44116766467065865,0.45191256830601095,0.4222753346080306,0.439247311827957,1
20.881487603305786,129.57230769230767,6.205128205128205,0,-0.2015663432093951,1,0.44116766467065865,0.40481283422459896,0.43936605316973415,0.4953757225433526,1
36.53823076923077,197.9154166666667,5.416666666666667,1,0.8028000129483844,0,0.4251063829787234,0.3842105263157895,0.45460921843687374,0.4737704918032787,1
15.83328,46.02697674418605,2.9069767441860463,1,-0.6821691069825573,0,0.42815126050420166,0.38846153846153847,0.45460921843687374,0.4381642512077295,0
26.572338709677418,122.03592592592592,4.592592592592593,0,0.39415185514562956,0,0.42025495750708214,0.4223809523809524,0.42504725897920603,0.4277777777777778,0
34.218709677419355,163.19692307692307,4.769230769230769,1,0.03912868643729839,0,0.4771641791044776,0.44292929292929295,0.4222753346080306,0.43333333333333335,0
60.3125,896.0714285714286,14.857142857142858,1,-0.6469694133443566,0,0.419634703196347,0.37540983606557377,0.43936605316973415,0.39441624365482236,0
37.75296875,102.81659574468085,2.723404255319149,0,-0.0748243164401865,0,0.4251063829787234,0.41850000000000004,0.42504725897920603,0.42169312169312173,0
28.90871287128713,74.86615384615385,2.58974358974359,0,-0.5931693153546536,1,0.44116766467065865,0.40481283422459896,0.42504725897920603,0.42114285714285715,1
457.2561111111111,164.6122,0.36,0,0.6116431025935736,0,0.4251063829787234,0.41850000000000004,0.4222753346080306,0.41350000000000003,0
43.47731182795699,622.06,14.307692307692308,0,-0.1884943443754541,0,0.42025495750708214,0.41236559139784945,0.45460921843687374,0.43526315789473685,1
12.804607142857142,239.01933333333332,18.666666666666668,1,-0.9729016566205594,0,0.42025495750708214,0.438860103626943,0.43936605316973415,0.4317919075144509,0
131.11902777777777,192.664693877551,1.469387755102041,0,0.8128147183680647,0,0.44116766467065865,0.40481283422459896,0.42504725897920603,0.42114285714285715,0
35.73905511811024,216.13619047619045,6.0476190476190474,0,0.5998321448777674,0,0.42025495750708214,0.41236559139784945,0.42504725897920603,0.4277777777777778,0
13.240714285714285,46.3425,3.5,1,0.1734380451453072,0,0.4251063829787234,0.3842105263157895,0.4222753346080306,0.41350000000000003,1
24.183146853146855,47.372465753424656,1.9589041095890412,0,0.21665624225536018,0,0.44116766467065865,0.45191256830601095,0.45460921843687374,0.4108247422680413,1
2.302850678733032,8.92859649122807,3.8771929824561404,0,-0.6592583740851004,0,0.4771641791044776,0.5011428571428571,0.42504725897920603,0.485,1
12.402701149425289,308.2957142857143,24.857142857142858,0,-1.4021570436131192,0,0.4251063829787234,0.41285714285714287,0.42504725897920603,0.42169312169312173,0
25.822876254180603,151.3929411764706,5.862745098039215,1,0.5390253483172578,0,0.419634703196347,0.4452127659574468,0.42504725897920603,0.40918918918918923,1
8.745339805825243,13.246617647058823,1.5147058823529411,0,-0.3573074464078809,0,0.42025495750708214,0.4223809523809524,0.4222753346080306,0.39365853658536587,0
147.5636842105263,110.67276315789472,0.75,0,1.1884846373307947,0,0.42815126050420166,0.47056074766355144,0.45460921843687374,0.4381642512077295,1
19.18227118644068,104.79203703703705,5.462962962962963,1,0.22323922188236758,0,0.419634703196347,0.4452127659574468,0.45460921843687374,0.4737804878048781,1
22.315951557093427,111.19500000000001,4.982758620689655,0,0.45198711778738365,0,0.4771641791044776,0.5011428571428571,0.45460921843687374,0.49812500000000004,0
23.65202797202797,125.26814814814814,5.296296296296297,1,-0.759228637509443,1,0.4771641791044776,0.49819277108433735,0.42504725897920603,0.485,0
7.935391304347826,26.840294117647062,3.3823529411764706,1,-0.1876429267073303,0,0.42815126050420166,0.42923076923076925,0.42504725897920603,0.3806282722513089,1
376.00708333333336,410.18954545454545,1.0909090909090908,0,0.1717664885948973,0,0.419634703196347,0.3769230769230769,0.42504725897920603,0.40918918918918923,0
57.86375,420.82727272727277,7.2727272727272725,1,-0.8649617416785066,0,0.42815126050420166,0.38846153846153847,0.45460921843687374,0.4381642512077295,0
15.381227436823107,50.721428571428575,3.2976190476190474,0,0.5939656972035373,0,0.419634703196347,0.48418079096045197,0.43936605316973415,0.39441624365482236,1
13.631744186046511,103.44088235294117,7.588235294117647,0,-0.5881129322036343,0,0.42025495750708214,0.4223809523809524,0.4222753346080306,0.39365853658536587,0
48.384247311827956,191.47808510638296,3.9574468085106385,0,0.6900288520951046,0,0.44116766467065865,0.45191256830601095,0.42504725897920603,0.42114285714285715,1
34.8117004048583,307.08892857142854,8.821428571428571,1,0.21910560816210445,0,0.4251063829787234,0.3842105263157895,0.45460921843687374,0.4737704918032787,0
22.363687943262413,150.1561904761905,6.714285714285714,0,0.09119650069483473,0,0.4251063829787234,0.41285714285714287,0.4222753346080306,0.41350000000000003,1
154.85,176.9714285714286,1.1428571428571428,1,-0.8233658972618514,1,0.4251063829787234,0.3842105263157895,0.4222753346080306,0.41350000000000003,0
24.121325757575757,172.1089189189189,7.135135135135135,1,-0.0020801102846056962,0,0.42025495750708214,0.41073446327683616,0.4222753346080306,0.39365853658536587,1
19.895833333333332,104.18181818181819,5.236363636363636,0,0.25722504955059755,0,0.44116766467065865,0.47210526315789475,0.42504725897920603,0.42114285714285715,0
26.59123134328358,96.30337837837837,3.6216216216216215,0,0.9108629417589713,0,0.4771641791044776,0.5011428571428571,0.42504725897920603,0.485,0
87.97083333333335,12.567261904761907,0.14285714285714285,1,0.005709585025211128,0,0.42025495750708214,0.438860103626943,0.42504725897920603,0.4277777777777778,0
19.324142857142856,49.18872727272728,2.5454545454545454,0,-0.2979321922212894,0,0.42025495750708214,0.4223809523809524,0.4222753346080306,0.39365853658536587,0
39.32161764705882,93.27453488372093,2.372093023255814,0,1.3261081367091365,0,0.44116766467065865,0.45191256830601095,0.4222753346080306,0.439247311827957,0
11.108928571428573,10.198360655737705,0.9180327868852459,0,-0.5548391081762568,0,0.4251063829787234,0.4875,0.43936605316973415,0.3974093264248705,0
26.675126050420168,109.46000000000001,4.103448275862069,0,-0.7555641980305776,1,0.42025495750708214,0.41236559139784945,0.42504725897920603,0.4277777777777778,1
15.949960784313724,184.87454545454545,11.590909090909092,0,-0.7380587411715924,0,0.4251063829787234,0.41850000000000004,0.42504725897920603,0.42169312169312173,0
9.436562499999999,21.569285714285712,2.2857142857142856,0,-0.9000718099608317,1,0.42025495750708214,0.41236559139784945,0.43936605316973415,0.4317919075144509,1
113.32023255813955,113.32023255813955,1.0,1,1.6425287858511146,0,0.4251063829787234,0.3842105263157895,0.4222753346080306,0.41350000000000003,0
165.09946428571428,115.569625,0.7,0,1.4252902075597875,0,0.42025495750708214,0.4223809523809524,0.45460921843687374,0.43526315789473685,0
16.019842931937173,87.42257142857143,5.457142857142857,0,-0.6511183765859487,1,0.4771641791044776,0.5011428571428571,0.45460921843687374,0.49812500000000004,1
10.699450980392157,129.92190476190476,12.142857142857142,1,-1.0047167979238503,1,0.42815126050420166,0.42923076923076925,0.43936605316973415,0.44792899408284026,1
43.1666081871345,335.5222727272727,7.7727272727272725,0,-0.1297410389337984,0,0.42815126050420166,0.4191256830601093,0.45460921843687374,0.4381642512077295,0
38.7293063583815,478.5835714285714,12.357142857142858,0,-0.422089380863623,0,0.4251063829787234,0.41285714285714287,0.42504725897920603,0.42169312169312173,0
36.535722543352605,526.7233333333334,14.416666666666666,1,-0.5335669711661913,0,0.42815126050420166,0.38846153846153847,0.42504725897920603,0.3806282722513089,0
12.399640718562873,39.82192307692307,3.2115384615384617,1,-0.47715341114119414,0,0.4771641791044776,0.49819277108433735,0.43936605316973415,0.47803468208092487,0
87.07754716981131,83.9110909090909,0.9636363636363636,0,0.05259132456066187,0,0.419634703196347,0.48418079096045197,0.43936605316973415,0.39441624365482236,1
31.38372781065089,196.4388888888889,6.2592592592592595,1,-0.40652459291498955,0,0.419634703196347,0.4452127659574468,0.43936605316973415,0.39441624365482236,1
697.4100000000001,105.66818181818182,0.15151515151515152,1,0.7156049867802596,0,0.4771641791044776,0.44292929292929295,0.4222753346080306,0.43333333333333335,0
16.244927536231884,22.418000000000003,1.38,1,-0.6933165265161998,0,0.419634703196347,0.37540983606557377,0.4222753346080306,0.41345029239766085,1
36.2769140625,111.89024096385542,3.0843373493975905,0,1.4956098472108597,0,0.4251063829787234,0.41850000000000004,0.45460921843687374,0.4737704918032787,1
110.64017857142858,114.73796296296297,1.037037037037037,1,0.3218181678031262,0,0.42815126050420166,0.42923076923076925,0.42504725897920603,0.3806282722513089,0
28.024504504504502,42.03675675675675,1.5,1,0.17379131276074355,0,0.42025495750708214,0.438860103626943,0.42504725897920603,0.4277777777777778,0
81.94828571428572,187.0558695652174,2.282608695652174,0,0.596634654302923,0,0.4251063829787234,0.41285714285714287,0.42504725897920603,0.42169312169312173,0
27.617971014492756,113.76955223880597,4.119402985074627,0,0.855539136772612,0,0.44116766467065865,0.47210526315789475,0.45460921843687374,0.4108247422680413,0
36.208,171.5115789473684,4.7368421052631575,1,-0.9491949580744818,0,0.4771641791044776,0.4591623036649215,0.45460921843687374,0.49812500000000004,0
51.23047619047619,134.48,2.625,0,0.9734423642229388,0,0.4251063829787234,0.41850000000000004,0.4222753346080306,0.41350000000000003,0
126.27971014492752,414.9190476190476,3.2857142857142856,0,0.09379567060781213,0,0.419634703196347,0.48418079096045197,0.4222753346080306,0.41345029239766085,0
30.206734693877554,44.85242424242425,1.4848484848484849,1,-0.02111974006597922,0,0.419634703196347,0.37540983606557377,0.45460921843687374,0.4737804878048781,0
25.881452282157678,127.29448979591837,4.918367346938775,0,0.2248908246527544,0,0.419634703196347,0.48418079096045197,0.42504725897920603,0.40918918918918923,0
12.132773109243697,60.15833333333333,4.958333333333333,0,-0.41086928635464187,0,0.4771641791044776,0.5011428571428571,0.4222753346080306,0.43333333333333335,1
14.802550607287449,48.74973333333333,3.2933333333333334,1,0.29482939050586615,0,0.419634703196347,0.37540983606557377,0.42504725897920603,0.40918918918918923,0
125.81215384615385,127.77796875,1.015625,0,0.8947139303326601,0,0.44116766467065865,0.47210526315789475,0.43936605316973415,0.4953757225433526,1
34.48953191489362,1013.13,29.375,0,-0.2897019828614781,0,0.419634703196347,0.48418079096045197,0.45460921843687374,0.4737804878048781,1
36.49913043478261,53.13164556962025,1.4556962025316456,0,0.4778063924206766,0,0.42025495750708214,0.4223809523809524,0.4222753346080306,0.39365853658536587,1
163.82235294117646,126.59,0.7727272727272727,0,-0.002179889327128731,0,0.42025495750708214,0.41236559139784945,0.4222753346080306,0.39365853658536587,1
31.765043103448274,294.7796,9.28,0,-0.06920807798328266,0,0.42815126050420166,0.47056074766355144,0.45460921843687374,0.4381642512077295,0
38.78756302521008,59.17589743589744,1.5256410256410255,0,0.5336755639620754,0,0.419634703196347,0.3769230769230769,0.45460921843687374,0.4737804878048781,0
17.775734597156397,468.835,26.375,1,-1.0889278318216231,1,0.4771641791044776,0.4591623036649215,0.43936605316973415,0.47803468208092487,1
17.41306818181818,170.2611111111111,9.777777777777779,0,-1.4751818407183968,1,0.44116766467065865,0.43273809523809526,0.42504725897920603,0.42114285714285715,1
138.944,75.985,0.546875,1,0.2863044550387844,0,0.4771641791044776,0.49819277108433735,0.43936605316973415,0.47803468208092487,1
11.605,51.72514285714286,4.457142857142857,1,-0.8804427245841149,1,0.419634703196347,0.4452127659574468,0.42504725897920603,0.40918918918918923,1
18.852179487179487,93.85978723404256,4.9787234042553195,0,-0.15209172327764425,1,0.42025495750708214,0.41236559139784945,0.42504725897920603,0.4277777777777778,1
78.97976744186047,271.6904,3.44,0,-0.17515640030740476,0,0.4771641791044776,0.5011428571428571,0.4222753346080306,0.43333333333333335,0
167.03,94.85654320987655,0.5679012345679012,1,1.1594681446979558,0,0.42815126050420166,0.42923076923076925,0.45460921843687374,0.4381642512077295,0
84.7884090909091,41.91786516853933,0.4943820224719101,0,0.6012619674011198,0,0.42025495750708214,0.41236559139784945,0.45460921843687374,0.43526315789473685,1
2.616076923076923,11.150491803278687,4.262295081967213,0,-0.5441787499818023,0,0.44116766467065865,0.47210526315789475,0.42504725897920603,0.42114285714285715,0
51.344248704663215,202.23346938775512,3.938775510204082,1,0.898873983978153,0,0.4771641791044776,0.4591623036649215,0.42504725897920603,0.485,0
28.969457627118643,449.788947368421,15.526315789473685,1,0.021262894384089792,0,0.4771641791044776,0.49819277108433735,0.4222753346080306,0.43333333333333335,1
22.961644736842107,47.81054794520548,2.0821917808219177,0,0.22252604692234806,0,0.44116766467065865,0.40481283422459896,0.43936605316973415,0.4953757225433526,1
35.944736842105264,69.0623595505618,1.9213483146067416,0,1.0446836779323703,0,0.4771641791044776,0.5011428571428571,0.43936605316973415,0.47803468208092487,0
18.441714285714287,118.90052631578948,6.447368421052632,0,-0.3206937059268958,1,0.44116766467065865,0.47210526315789475,0.4222753346080306,0.439247311827957,1
23.36305882352941,64.06,2.7419354838709675,1,0.08088245814758496,0,0.42815126050420166,0.42923076923076925,0.4222753346080306,0.44782608695652176,1
67.44540540540541,43.02551724137931,0.6379310344827587,1,-0.27372300686792517,0,0.42025495750708214,0.41073446327683616,0.42504725897920603,0.4277777777777778,1
45.6029347826087,524.43375,11.5,1,-0.06993144460333423,0,0.42815126050420166,0.38846153846153847,0.42504725897920603,0.3806282722513089,0
7.730542986425339,71.18541666666667,9.208333333333334,1,-1.1291817988840218,1,0.4771641791044776,0.4591623036649215,0.43936605316973415,0.47803468208092487,1
11.41872852233677,77.27558139534884,6.767441860465116,0,-0.4355400315296188,0,0.44116766467065865,0.43273809523809526,0.42504725897920603,0.42114285714285715,0
21.77582089552239,69.4752380952381,3.1904761904761907,0,0.8831095586169013,0,0.44116766467065865,0.43273809523809526,0.42504725897920603,0.42114285714285715,0
65.91825503355705,161.0134426229508,2.442622950819672,1,1.133733730816299,0,0.42815126050420166,0.38846153846153847,0.45460921843687374,0.4381642512077295,1
4.037368421052632,11.090602409638555,2.746987951807229,0,-0.0400048392102651,0,0.419634703196347,0.48418079096045197,0.45460921843687374,0.4737804878048781,0
13.001386861313868,71.2476,5.48,1,-1.0949188165864248,1,0.419634703196347,0.37540983606557377,0.43936605316973415,0.39441624365482236,1
61.65768656716417,243.00382352941173,3.9411764705882355,0,0.282839066467753,0,0.42025495750708214,0.41236559139784945,0.43936605316973415,0.4317919075144509,0
236.697,182.07461538461538,0.7692307692307693,1,0.17426084059541283,0,0.42025495750708214,0.41073446327683616,0.45460921843687374,0.43526315789473685,0
30.60223880597015,41.007,1.34,1,-0.5227195925658589,0,0.419634703196347,0.37540983606557377,0.4222753346080306,0.41345029239766085,1
206.90931818181818,1011.5566666666667,4.888888888888889,1,-0.08543308509470637,0,0.42815126050420166,0.38846153846153847,0.43936605316973415,0.44792899408284026,1
61.11961783439491,1199.4725,19.625,1,-0.016082451614900628,0,0.4771641791044776,0.49819277108433735,0.4222753346080306,0.43333333333333335,1
22.201687763713082,210.472,9.48,0,-0.4560663831291153,1,0.44116766467065865,0.43273809523809526,0.42504725897920603,0.42114285714285715,1
63.18076923076923,373.34090909090907,5.909090909090909,1,-0.9608370533670973,0,0.42025495750708214,0.41073446327683616,0.42504725897920603,0.4277777777777778,0
11.991534653465346,96.8916,8.08,1,-0.9772474040784216,0,0.42815126050420166,0.38846153846153847,0.43936605316973415,0.44792899408284026,0
69.61081967213116,242.6434285714286,3.4857142857142858,0,0.3460380933479219,0,0.4251063829787234,0.41285714285714287,0.42504725897920603,0.42169312169312173,0
63.46233870967742,140.52375,2.2142857142857144,1,0.6708025917841084,0,0.4771641791044776,0.4591623036649215,0.42504725897920603,0.485,1
242.54823529411763,89.63739130434782,0.3695652173913043,0,-0.22588136082964533,0,0.4251063829787234,0.41285714285714287,0.45460921843687374,0.4737704918032787,1
42.15875,56.211666666666666,1.3333333333333333,1,-1.382518391054539,0,0.4771641791044776,0.4591623036649215,0.45460921843687374,0.49812500000000004,0
8.955140845070423,20.846393442622954,2.3278688524590163,0,-0.43562040194271556,0,0.4251063829787234,0.41285714285714287,0.43936605316973415,0.3974093264248705,0
185.01755102040818,1007.3177777777778,5.444444444444445,0,-0.09243536927374285,0,0.44116766467065865,0.43273809523809526,0.45460921843687374,0.4108247422680413,0
124.17575342465753,394.12304347826085,3.1739130434782608,0,0.20014131161428983,0,0.44116766467065865,0.43273809523809526,0.43936605316973415,0.4953757225433526,1
22.298911917098444,71.72816666666667,3.216666666666667,1,0.09999058480484183,0,0.42025495750708214,0.438860103626943,0.43936605316973415,0.4317919075144509,1
83.36805970149254,87.2759375,1.046875,0,0.418938546610354,0,0.44116766467065865,0.43273809523809526,0.42504725897920603,0.42114285714285715,0
238.2255555555556,58.740547945205485,0.2465753424657534,1,0.36897565435646246,0,0.4771641791044776,0.49819277108433735,0.42504725897920603,0.485,0
19.901818181818182,109.46000000000001,5.5,1,0.26950569037541444,0,0.42025495750708214,0.438860103626943,0.45460921843687374,0.43526315789473685,0
14.155709219858155,72.58018181818181,5.127272727272727,0,-0.06179461253961513,0,0.419634703196347,0.48418079096045197,0.42504725897920603,0.40918918918918923,0
25.579551569506727,98.34896551724138,3.8448275862068964,0,0.3152324159977439,0,0.4771641791044776,0.5011428571428571,0.4222753346080306,0.43333333333333335,1
87.4966037735849,618.3093333333333,7.066666666666666,0,0.07135641661670178,0,0.42025495750708214,0.4223809523809524,0.43936605316973415,0.4317919075144509,1
25.755943060498222,114.87968253968253,4.4603174603174605,0,0.7012008347386682,0,0.42815126050420166,0.4191256830601093,0.45460921843687374,0.4381642512077295,1
70.84959459459459,436.9058333333333,6.166666666666667,1,-0.7313948063171054,0,0.4771641791044776,0.44292929292929295,0.43936605316973415,0.47803468208092487,0
29.92909090909091,69.83454545454545,2.3333333333333335,0,0.28151476059140007,0,0.44116766467065865,0.45191256830601095,0.43936605316973415,0.4953757225433526,1
30.70667844522968,321.85148148148147,10.481481481481481,0,0.21498823932623656,0,0.44116766467065865,0.40481283422459896,0.45460921843687374,0.4108247422680413,1
8.194240506329114,15.59867469879518,1.9036144578313252,1,0.028672609577942043,0,0.42815126050420166,0.38846153846153847,0.4222753346080306,0.44782608695652176,1
7.274169611307421,23.130224719101125,3.1797752808988764,1,0.2943545132525748,0,0.419634703196347,0.4452127659574468,0.42504725897920603,0.40918918918918923,1
28.994137931034484,135.13339285714287,4.660714285714286,1,0.6153973623664422,0,0.4771641791044776,0.49819277108433735,0.42504725897920603,0.485,1
23.503604651162792,866.2757142857143,36.857142857142854,1,-0.6852516259582924,0,0.4771641791044776,0.49819277108433735,0.42504725897920603,0.485,1
14.290194552529183,166.93545454545455,11.681818181818182,1,-0.8104970497980291,1,0.4771641791044776,0.44292929292929295,0.43936605316973415,0.47803468208092487,1
3.6042272727272726,16.182244897959183,4.489795918367347,1,-0.7744259830212802,0,0.419634703196347,0.4452127659574468,0.4222753346080306,0.41345029239766085,0
46.452619047619045,45.37232558139535,0.9767441860465116,1,-0.6873359300399591,1,0.42815126050420166,0.42923076923076925,0.45460921843687374,0.4381642512077295,1
19.01594696969697,57.04784090909091,3.0,0,0.8170365118593371,0,0.44116766467065865,0.47210526315789475,0.45460921843687374,0.4108247422680413,0
20.34059925093633,362.06266666666664,17.8,1,-0.6341397747060435,0,0.419634703196347,0.4452127659574468,0.43936605316973415,0.39441624365482236,1
6.87651376146789,49.96933333333333,7.266666666666667,0,-1.0421398197947336,1,0.42025495750708214,0.4223809523809524,0.43936605316973415,0.4317919075144509,1
67.32425531914893,37.226352941176465,0.5529411764705883,0,0.4136449197708166,0,0.42815126050420166,0.47056074766355144,0.4222753346080306,0.44782608695652176,0
69.57419642857143,410.12157894736845,5.894736842105263,1,-0.11707213943127726,0,0.4771641791044776,0.4591623036649215,0.45460921843687374,0.49812500000000004,1
76.7022972972973,709.49625,9.25,1,-0.7355483375344081,0,0.419634703196347,0.4452127659574468,0.45460921843687374,0.4737804878048781,1
102.90085106382979,122.43898734177216,1.1898734177215189,1,1.482772749427103,0,0.419634703196347,0.37540983606557377,0.43936605316973415,0.39441624365482236,0
73.7208,317.76206896551724,4.310344827586207,0,0.3531938144820501,0,0.44116766467065865,0.45191256830601095,0.4222753346080306,0.439247311827957,1
56.85208633093525,88.79146067415729,1.5617977528089888,1,1.3669704608190927,0,0.42025495750708214,0.41073446327683616,0.45460921843687374,0.43526315789473685,0
33.21743243243243,109.24844444444444,3.2888888888888888,1,-0.10126682843853896,1,0.4771641791044776,0.49819277108433735,0.43936605316973415,0.47803468208092487,1
64.01311111111112,70.25829268292684,1.0975609756097562,1,-0.5585388112926885,0,0.42025495750708214,0.41073446327683616,0.42504725897920603,0.4277777777777778,0
11.323534482758621,218.92166666666665,19.333333333333332,1,-1.2115165619754427,0,0.42025495750708214,0.438860103626943,0.4222753346080306,0.39365853658536587,0
18.04534965034965,469.1790909090909,26.0,1,-0.7673390710021197,0,0.4251063829787234,0.3842105263157895,0.43936605316973415,0.3974093264248705,0
29.067638888888887,25.8379012345679,0.8888888888888888,0,0.13335176918693215,0,0.4251063829787234,0.4875,0.42504725897920603,0.42169312169312173,0
38.87428571428571,30.806037735849056,0.7924528301886793,0,-0.5366384410922131,0,0.4251063829787234,0.41850000000000004,0.42504725897920603,0.42169312169312173,0
29.843762886597936,74.22679487179487,2.4871794871794872,0,0.7491531932586288,0,0.4251063829787234,0.4875,0.42504725897920603,0.42169312169312173,0
235.6142857142857,95.61159420289854,0.4057971014492754,1,0.7091619714023236,0,0.4251063829787234,0.3842105263157895,0.45460921843687374,0.4737704918032787,0
4.911438356164384,17.926750000000002,3.65,1,-0.9765563339794339,1,0.4251063829787234,0.3842105263157895,0.45460921843687374,0.4737704918032787,0
157.58695652173913,278.8076923076923,1.7692307692307692,0,-0.07041171093903381,0,0.42025495750708214,0.4223809523809524,0.43936605316973415,0.4317919075144509,0
31.40937823834197,74.83962962962963,2.382716049382716,0,0.8618719848194638,0,0.419634703196347,0.3769230769230769,0.4222753346080306,0.41345029239766085,0
13.181024390243904,31.789529411764708,2.411764705882353,1,0.3288227549567104,0,0.4771641791044776,0.49819277108433735,0.45460921843687374,0.49812500000000004,0
21.349533898305083,66.29592105263157,3.1052631578947367,1,0.5694496776037756,0,0.4251063829787234,0.3842105263157895,0.45460921843687374,0.4737704918032787,0
5.465865384615385,13.219767441860466,2.4186046511627906,1,-0.9410994428726919,1,0.4771641791044776,0.4591623036649215,0.43936605316973415,0.47803468208092487,1
3.9509157509157506,49.027272727272724,12.409090909090908,0,-1.2866119938278375,0,0.4771641791044776,0.5011428571428571,0.4222753346080306,0.43333333333333335,0
26.20988505747127,27.145952380952384,1.0357142857142858,1,0.23048198944172305,0,0.4771641791044776,0.44292929292929295,0.4222753346080306,0.43333333333333335,0
33.1086432160804,346.76947368421054,10.473684210526315,1,-0.3380047591813295,0,0.42025495750708214,0.438860103626943,0.42504725897920603,0.4277777777777778,0
89.41134146341463,166.63022727272727,1.8636363636363635,0,0.32118614469911494,0,0.4771641791044776,0.5011428571428571,0.43936605316973415,0.47803468208092487,0
60.59318181818182,34.18076923076923,0.5641025641025641,0,0.17583039276592294,0,0.419634703196347,0.3769230769230769,0.43936605316973415,0.39441624365482236,0
38.46343137254902,49.040875,1.275,0,0.44840273479212933,0,0.44116766467065865,0.40481283422459896,0.42504725897920603,0.42114285714285715,1
224.51350000000002,89.8054,0.4,0,-0.07488176257595514,0,0.419634703196347,0.48418079096045197,0.43936605316973415,0.39441624365482236,0
33.24,113.96571428571428,3.4285714285714284,1,-1.3590280423189012,1,0.42815126050420166,0.38846153846153847,0.45460921843687374,0.4381642512077295,1
4.378133802816902,155.42375,35.5,0,-1.54913116338798,1,0.4251063829787234,0.41850000000000004,0.42504725897920603,0.42169312169312173,1
63.62025641025641,130.58894736842106,2.0526315789473686,1,-1.0919075666649478,1,0.4771641791044776,0.49819277108433735,0.43936605316973415,0.47803468208092487,1
188.75863636363636,138.42299999999997,0.7333333333333333,0,-0.5550800210966171,0,0.4251063829787234,0.41850000000000004,0.45460921843687374,0.4737704918032787,0
15.705736040609137,281.2754545454546,17.90909090909091,0,-1.1467178720772908,0,0.44116766467065865,0.40481283422459896,0.4222753346080306,0.439247311827957,0
39.63526717557252,58.33955056179776,1.4719101123595506,0,0.8695201167114022,0,0.419634703196347,0.3769230769230769,0.42504725897920603,0.40918918918918923,0
10.69564814814815,13.27735632183908,1.2413793103448276,1,0.08670426655971075,0,0.4771641791044776,0.49819277108433735,0.43936605316973415,0.47803468208092487,0
40.43781659388647,370.4104,9.16,0,0.2778354045120493,0,0.419634703196347,0.3769230769230769,0.42504725897920603,0.40918918918918923,0
31.124048582995954,123.9941935483871,3.9838709677419355,0,0.7629251272580817,0,0.44116766467065865,0.43273809523809526,0.43936605316973415,0.4953757225433526,1
39.27461956521739,176.25682926829268,4.487804878048781,0,0.23914157940304004,0,0.42025495750708214,0.4223809523809524,0.42504725897920603,0.4277777777777778,0
32.473,32.0720987654321,0.9876543209876543,1,0.22603704944612174,0,0.42025495750708214,0.41073446327683616,0.45460921843687374,0.43526315789473685,1
7.123359073359073,73.798,10.36,0,-1.0832159164748818,1,0.42815126050420166,0.4191256830601093,0.43936605316973415,0.44792899408284026,1
66.11435483870967,73.19803571428572,1.1071428571428572,0,-0.0212103021391081,0,0.42025495750708214,0.4223809523809524,0.45460921843687374,0.43526315789473685,1
63.10487500000001,186.9774074074074,2.962962962962963,1,-0.45341328272827064,1,0.42025495750708214,0.438860103626943,0.42504725897920603,0.4277777777777778,1
119.18641791044776,96.21072289156626,0.8072289156626506,0,1.2567429368413143,0,0.42025495750708214,0.4223809523809524,0.42504725897920603,0.4277777777777778,1
4.314945652173913,9.451785714285714,2.1904761904761907,0,-0.042324432527970246,0,0.4251063829787234,0.41285714285714287,0.45460921843687374,0.4737704918032787,0
18.91618705035971,187.81071428571428,9.928571428571429,0,-1.1692725651809366,0,0.4251063829787234,0.41285714285714287,0.42504725897920603,0.42169312169312173,0
46.78665048543689,229.47738095238094,4.904761904761905,1,0.7026785379063268,0,0.42815126050420166,0.38846153846153847,0.45460921843687374,0.4381642512077295,0
13.873870967741937,150.5315,10.85,1,-0.9738190749422924,0,0.419634703196347,0.37540983606557377,0.4222753346080306,0.41345029239766085,0
47.26353535353535,143.972,3.046153846153846,0,1.132281763768129,0,0.4251063829787234,0.41285714285714287,0.45460921843687374,0.4737704918032787,0
27.81864341085271,276.0465384615385,9.923076923076923,0,-0.0835884863312496,0,0.44116766467065865,0.40481283422459896,0.4222753346080306,0.439247311827957,1
30.68071038251366,95.16220338983051,3.1016949152542375,0,0.31968567421887095,0,0.419634703196347,0.3769230769230769,0.42504725897920603,0.40918918918918923,0
28.461916666666664,46.78671232876712,1.643835616438356,0,0.20880781049924996,0,0.44116766467065865,0.43273809523809526,0.45460921843687374,0.4108247422680413,0
36.265263157894736,74.89565217391304,2.0652173913043477,1,-0.35034765040994037,1,0.42025495750708214,0.41073446327683616,0.4222753346080306,0.39365853658536587,1
125.36492063492064,146.25907407407408,1.1666666666666667,0,0.6342393471610619,0,0.44116766467065865,0.43273809523809526,0.43936605316973415,0.4953757225433526,0
74.39959349593495,157.77844827586208,2.1206896551724137,0,0.9478993454751443,0,0.44116766467065865,0.45191256830601095,0.45460921843687374,0.4108247422680413,0
32.88835714285714,107.07837209302325,3.255813953488372,1,-0.20032201786988352,1,0.4771641791044776,0.44292929292929295,0.42504725897920603,0.485,1
53.431888888888885,109.2925,2.0454545454545454,0,-0.14187499983362725,1,0.419634703196347,0.3769230769230769,0.43936605316973415,0.39441624365482236,0
86.17235294117647,125.56542857142857,1.457142857142857,0,-0.40608431684771085,0,0.4251063829787234,0.41285714285714287,0.4222753346080306,0.41350000000000003,0
34.283040293040294,107.57781609195403,3.1379310344827585,0,1.5925422672045553,0,0.44116766467065865,0.43273809523809526,0.45460921843687374,0.4108247422680413,1
10.59509090909091,66.59771428571429,6.285714285714286,1,-0.7848996313585401,0,0.4771641791044776,0.4591623036649215,0.42504725897920603,0.485,0
9.264093959731543,32.86547619047619,3.5476190476190474,1,-0.812990192505993,0,0.419634703196347,0.37540983606557377,0.43936605316973415,0.39441624365482236,0
36.55808429118774,477.08299999999997,13.05,0,0.22492608998072183,0,0.44116766467065865,0.47210526315789475,0.4222753346080306,0.439247311827957,0
99.9209756097561,64.011875,0.640625,1,0.14565674021015748,0,0.42815126050420166,0.38846153846153847,0.42504725897920603,0.3806282722513089,0
67.43013698630136,115.82117647058823,1.7176470588235293,0,1.639835734845635,0,0.44116766467065865,0.40481283422459896,0.45460921843687374,0.4108247422680413,0
89.04799999999999,50.02696629213483,0.5617977528089888,0,0.7337290320106207,0,0.42815126050420166,0.4191256830601093,0.45460921843687374,0.4381642512077295,0
25.17433898305085,158.00914893617022,6.276595744680851,0,0.4013034758174735,0,0.42025495750708214,0.4223809523809524,0.4222753346080306,0.39365853658536587,1
56.360604026845635,215.32641025641024,3.8205128205128207,1,0.41228710977124916,0,0.4251063829787234,0.3842105263157895,0.42504725897920603,0.42169312169312173,1
354.9326923076923,485.69736842105266,1.368421052631579,1,0.14648906486874158,0,0.419634703196347,0.37540983606557377,0.4222753346080306,0.41345029239766085,0
8.01188524590164,25.722368421052632,3.210526315789474,1,0.0034687215976085817,0,0.42815126050420166,0.38846153846153847,0.4222753346080306,0.44782608695652176,0
19.917857142857144,193.05,9.692307692307692,1,-0.47966447722993194,0,0.4771641791044776,0.44292929292929295,0.43936605316973415,0.47803468208092487,0
146.37027777777777,60.567011494252874,0.41379310344827586,0,0.8418496812226759,0,0.42815126050420166,0.4191256830601093,0.4222753346080306,0.44782608695652176,0
32.74982142857143,666.9054545454545,20.363636363636363,0,-0.36812811250768523,0,0.419634703196347,0.48418079096045197,0.4222753346080306,0.41345029239766085,1
16.82292929292929,97.96882352941176,5.823529411764706,0,-1.2834534774765884,0,0.419634703196347,0.3769230769230769,0.43936605316973415,0.39441624365482236,0
14.5118345323741,139.11344827586205,9.586206896551724,1,-0.5977237188755982,1,0.419634703196347,0.37540983606557377,0.45460921843687374,0.4737804878048781,1
60.884390243902445,184.90814814814817,3.037037037037037,1,-0.46366800401484387,0,0.4251063829787234,0.3842105263157895,0.43936605316973415,0.3974093264248705,0
11.42175925925926,15.043292682926829,1.3170731707317074,0,-0.00346123781855856,0,0.4771641791044776,0.5011428571428571,0.4222753346080306,0.43333333333333335,0
16.735085714285713,33.28,1.9886363636363635,0,0.4331369700415796,0,0.42025495750708214,0.4223809523809524,0.4222753346080306,0.39365853658536587,0
273.6446153846154,80.84954545454546,0.29545454545454547,0,1.2014830210913419,0,0.4251063829787234,0.4875,0.4222753346080306,0.41350000000000003,1
41.3663829787234,182.270625,4.40625,0,-0.20490438284769386,0,0.42815126050420166,0.4191256830601093,0.43936605316973415,0.44792899408284026,1
7.276596858638743,27.796599999999998,3.82,1,-0.6439554705720768,0,0.419634703196347,0.4452127659574468,0.45460921843687374,0.4737804878048781,1
45.79990654205608,72.0675,1.5735294117647058,0,0.3768439639458261,0,0.4251063829787234,0.4875,0.43936605316973415,0.3974093264248705,1
12.436103896103896,28.5844776119403,2.298507462686567,0,-0.1920319437892002,0,0.4251063829787234,0.41285714285714287,0.42504725897920603,0.42169312169312173,0
21.66317757009346,49.31829787234042,2.276595744680851,0,-0.536336331786269,0,0.42815126050420166,0.4191256830601093,0.43936605316973415,0.44792899408284026,1
57.3332,325.7568181818182,5.681818181818182,1,-0.16917408567099923,0,0.42815126050420166,0.38846153846153847,0.45460921843687374,0.4381642512077295,0
12.689431279620852,31.874642857142856,2.511904761904762,0,0.30338834065417647,0,0.44116766467065865,0.45191256830601095,0.4222753346080306,0.439247311827957,0
35.84154811715481,125.97249999999998,3.514705882352941,0,1.0496395799255267,0,0.44116766467065865,0.40481283422459896,0.45460921843687374,0.4108247422680413,1
402.88916666666665,96.6934,0.24,0,-0.01166848154685473,0,0.419634703196347,0.48418079096045197,0.4222753346080306,0.41345029239766085,0
31.228791946308725,157.73186440677966,5.0508474576271185,0,0.9972663373426737,0,0.4771641791044776,0.5011428571428571,0.42504725897920603,0.485,0
8.041046511627906,18.4408,2.2933333333333334,0,-0.1224021252807782,0,0.42815126050420166,0.4191256830601093,0.43936605316973415,0.44792899408284026,0
41.92371428571428,34.52541176470588,0.8235294117647058,1,0.3715064033403262,0,0.4771641791044776,0.49819277108433735,0.43936605316973415,0.47803468208092487,0
174.12315789473686,254.48769230769233,1.4615384615384615,0,-1.065558428581885,0,0.42815126050420166,0.47056074766355144,0.4222753346080306,0.44782608695652176,0
24.26155477031802,343.30100000000004,14.15,1,-0.2661772295683559,0,0.42025495750708214,0.41073446327683616,0.43936605316973415,0.4317919075144509,1
522.9126315789474,903.2127272727273,1.7272727272727273,1,0.10897798052780605,0,0.419634703196347,0.37540983606557377,0.45460921843687374,0.4737804878048781,1
17.55242957746479,101.73244897959184,5.795918367346939,0,-0.005008022676483412,0,0.42815126050420166,0.47056074766355144,0.45460921843687374,0.4381642512077295,1
34.54197628458498,113.49506493506495,3.2857142857142856,1,1.2695977647581187,0,0.4771641791044776,0.44292929292929295,0.45460921843687374,0.49812500000000004,0
170.62473684210525,270.1558333333333,1.5833333333333333,0,-1.098670576756217,0,0.44116766467065865,0.47210526315789475,0.4222753346080306,0.439247311827957,0
101.44701298701298,710.1290909090909,7.0,1,-0.28085927801843985,0,0.4771641791044776,0.44292929292929295,0.4222753346080306,0.43333333333333335,1
20.76419463087248,206.25766666666667,9.933333333333334,1,-0.1815563409994608,0,0.42815126050420166,0.42923076923076925,0.43936605316973415,0.44792899408284026,0
55.4862893081761,176.44639999999998,3.18,1,0.7202491726218226,0,0.419634703196347,0.4452127659574468,0.42504725897920603,0.40918918918918923,0
26.245720164609054,797.21375,30.375,1,-0.6067466887848117,0,0.419634703196347,0.4452127659574468,0.4222753346080306,0.41345029239766085,1
110.41597222222222,361.36136363636365,3.272727272727273,0,-0.025402416013349916,0,0.42815126050420166,0.4191256830601093,0.4222753346080306,0.44782608695652176,0
82.58654761904762,154.16155555555557,1.8666666666666667,0,0.2696963833939369,0,0.44116766467065865,0.45191256830601095,0.43936605316973415,0.4953757225433526,0
39.30634361233481,469.6073684210527,11.947368421052632,0,0.09037718291924612,0,0.42815126050420166,0.47056074766355144,0.45460921843687374,0.4381642512077295,0
14.241659751037343,79.81953488372092,5.604651162790698,1,-0.4154619223200564,0,0.4771641791044776,0.44292929292929295,0.4222753346080306,0.43333333333333335,0
277.66903225806453,391.2609090909091,1.4090909090909092,1,0.09533238110666165,0,0.42025495750708214,0.41073446327683616,0.4222753346080306,0.39365853658536587,1
40.10885714285714,37.43493333333333,0.9333333333333333,0,0.1390703242628204,0,0.44116766467065865,0.40481283422459896,0.4222753346080306,0.439247311827957,0
5.484875000000001,17.207450980392156,3.1372549019607843,0,-0.7170651284289906,0,0.44116766467065865,0.47210526315789475,0.4222753346080306,0.439247311827957,1
28.818490566037735,93.13292682926829,3.231707317073171,0,1.171848759503423,0,0.419634703196347,0.3769230769230769,0.45460921843687374,0.4737804878048781,0
12.872983870967742,38.00595238095238,2.9523809523809526,1,-0.7733625868898989,1,0.42025495750708214,0.41073446327683616,0.4222753346080306,0.39365853658536587,1
23.91688118811881,69.01728571428572,2.8857142857142857,0,0.40593321088157586,0,0.44116766467065865,0.45191256830601095,0.45460921843687374,0.4108247422680413,0
30.66223076923077,92.69976744186047,3.0232558139534884,0,-0.31380490809831624,0,0.4251063829787234,0.41850000000000004,0.4222753346080306,0.41350000000000003,0
61.713956043956046,193.65413793103448,3.1379310344827585,0,-0.30741250418887445,0,0.44116766467065865,0.45191256830601095,0.4222753346080306,0.439247311827957,1
44.68725806451613,369.4146666666667,8.266666666666667,0,-0.6138983094566555,0,0.44116766467065865,0.40481283422459896,0.43936605316973415,0.4953757225433526,1
98.3460294117647,743.0588888888889,7.555555555555555,1,-0.5289685942154984,0,0.42025495750708214,0.41073446327683616,0.42504725897920603,0.4277777777777778,1
11.537831325301205,12.436883116883116,1.077922077922078,1,-0.15866263611971176,0,0.42815126050420166,0.42923076923076925,0.42504725897920603,0.3806282722513089,0
58.21632530120482,140.05666666666667,2.4057971014492754,0,1.2720446690351712,0,0.419634703196347,0.3769230769230769,0.43936605316973415,0.39441624365482236,1
16.700547945205482,541.84,32.44444444444444,0,-0.8613650969601849,0,0.44116766467065865,0.47210526315789475,0.42504725897920603,0.42114285714285715,0
21.15065989847716,297.62,14.071428571428571,0,-0.8871016205686629,1,0.42815126050420166,0.4191256830601093,0.45460921843687374,0.4381642512077295,1
20.645405405405405,198.04296296296295,9.592592592592593,0,-0.39857521079718955,0,0.42815126050420166,0.47056074766355144,0.42504725897920603,0.3806282722513089,0
3.2826449275362317,25.166944444444443,7.666666666666667,0,-1.0255244839425701,1,0.4771641791044776,0.5011428571428571,0.42504725897920603,0.485,1
28.04909090909091,77.135,2.75,0,0.7206494584206807,0,0.42025495750708214,0.41236559139784945,0.42504725897920603,0.4277777777777778,0
65.65902255639098,136.44765625,2.078125,1,0.9965563261276853,0,0.4251063829787234,0.3842105263157895,0.4222753346080306,0.41350000000000003,0
15.204553191489362,43.574024390243906,2.8658536585365852,1,0.42594856251013236,0,0.42025495750708214,0.438860103626943,0.45460921843687374,0.43526315789473685,0
10.641719298245613,101.09633333333333,9.5,1,-0.7606149574972754,0,0.42815126050420166,0.42923076923076925,0.45460921843687374,0.4381642512077295,0
38.70614678899083,117.19361111111112,3.0277777777777777,0,-0.41744355618946705,1,0.42815126050420166,0.47056074766355144,0.43936605316973415,0.44792899408284026,1
280.99875,561.9975,2.0,0,-0.9521309144261859,0,0.44116766467065865,0.45191256830601095,0.4222753346080306,0.439247311827957,0
39.21297435897436,166.22891304347826,4.239130434782608,0,0.4207901370058282,0,0.42815126050420166,0.47056074766355144,0.42504725897920603,0.3806282722513089,0
67.10676190476191,176.15525,2.625,0,0.18513270635889667,0,0.44116766467065865,0.47210526315789475,0.43936605316973415,0.4953757225433526,1
96.9186274509804,581.5117647058823,6.0,0,0.22533778011296624,0,0.44116766467065865,0.43273809523809526,0.4222753346080306,0.439247311827957,0
79.70714285714286,113.48135593220339,1.423728813559322,1,0.5180678186285186,0,0.4251063829787234,0.3842105263157895,0.43936605316973415,0.3974093264248705,1
7.72793893129771,77.87384615384616,10.076923076923077,0,-1.4869766311869785,1,0.419634703196347,0.48418079096045197,0.45460921843687374,0.4737804878048781,1
96.26347368421054,169.3524074074074,1.7592592592592593,0,0.8631286908734007,0,0.4251063829787234,0.41850000000000004,0.42504725897920603,0.42169312169312173,1
22.020932642487047,57.43297297297297,2.608108108108108,0,0.3829090692708329,0,0.44116766467065865,0.47210526315789475,0.43936605316973415,0.4953757225433526,0
32.73643776824034,89.73635294117648,2.7411764705882353,1,1.2328754594956588,0,0.419634703196347,0.4452127659574468,0.42504725897920603,0.40918918918918923,0
58.723706896551725,340.59749999999997,5.8,0,-0.276101567853035,0,0.42815126050420166,0.4191256830601093,0.43936605316973415,0.44792899408284026,0
67.01125874125874,383.30440000000004,5.72,0,0.33700149376794525,0,0.42815126050420166,0.47056074766355144,0.43936605316973415,0.44792899408284026,1
126.45083333333334,126.45083333333334,1.0,0,0.1731817843940193,0,0.4251063829787234,0.41285714285714287,0.42504725897920603,0.42169312169312173,0
31.9264527027027,145.38815384615384,4.553846153846154,0,1.1491771833927769,0,0.42025495750708214,0.41236559139784945,0.4222753346080306,0.39365853658536587,0
37.12172413793104,569.9276470588236,15.352941176470589,1,0.18919204424461322,0,0.419634703196347,0.4452127659574468,0.42504725897920603,0.40918918918918923,0
52.621280487804874,958.8766666666666,18.22222222222222,0,-0.1724559677936529,0,0.42025495750708214,0.41236559139784945,0.43936605316973415,0.4317919075144509,0
48.086503067484664,356.27727272727276,7.409090909090909,0,-0.045932048658834435,0,0.42815126050420166,0.47056074766355144,0.43936605316973415,0.44792899408284026,0
220.93473684210528,95.40363636363637,0.4318181818181818,0,-0.2540418644378478,1,0.4251063829787234,0.4875,0.42504725897920603,0.42169312169312173,1
16.39490099009901,52.56777777777778,3.2063492063492065,0,-0.019336960475873854,0,0.42025495750708214,0.41236559139784945,0.42504725897920603,0.4277777777777778,1
33.910790513833994,953.27,28.11111111111111,0,-0.18171770461342163,0,0.419634703196347,0.3769230769230769,0.4222753346080306,0.41345029239766085,0
28.214517241379312,204.55525,7.25,1,0.3936410897766032,0,0.42815126050420166,0.42923076923076925,0.45460921843687374,0.4381642512077295,0
26.655442176870746,206.22894736842105,7.7368421052631575,0,0.28840039636534964,0,0.419634703196347,0.3769230769230769,0.42504725897920603,0.40918918918918923,0
3.9153875968992247,20.2034,5.16,0,-0.7136405875160613,0,0.419634703196347,0.48418079096045197,0.42504725897920603,0.40918918918918923,1
397.9633333333333,74.61812499999999,0.1875,1,0.8239711185787868,0,0.42815126050420166,0.42923076923076925,0.42504725897920603,0.3806282722513089,0
83.48931818181819,244.90200000000002,2.933333333333333,0,0.031234173215019756,0,0.4251063829787234,0.4875,0.42504725897920603,0.42169312169312173,1
84.73574257425742,225.2186842105263,2.6578947368421053,0,0.42084910636363404,0,0.44116766467065865,0.40481283422459896,0.43936605316973415,0.4953757225433526,0
217.50116279069766,374.102,1.72,0,0.29477487520361617,0,0.4251063829787234,0.41285714285714287,0.4222753346080306,0.41350000000000003,0
49.3687573964497,379.2418181818182,7.681818181818182,0,0.04679911812839588,0,0.42025495750708214,0.41236559139784945,0.43936605316973415,0.4317919075144509,0
49.52538461538462,112.4147619047619,2.2698412698412698,0,0.6726979589808023,0,0.419634703196347,0.48418079096045197,0.43936605316973415,0.39441624365482236,0
19.076140350877193,155.3342857142857,8.142857142857142,0,-1.2527254759983033,0,0.44116766467065865,0.45191256830601095,0.43936605316973415,0.4953757225433526,0
21.905094339622643,178.61076923076922,8.153846153846153,1,-1.246608313619936,0,0.42025495750708214,0.41073446327683616,0.42504725897920603,0.4277777777777778,0
7.972934782608696,9.780133333333334,1.2266666666666666,1,-0.24162450243656275,0,0.4251063829787234,0.3842105263157895,0.42504725897920603,0.42169312169312173,0
185.32717391304345,167.1578431372549,0.9019607843137255,1,0.6865982579578125,0,0.419634703196347,0.37540983606557377,0.42504725897920603,0.40918918918918923,1
38.880102040816325,119.0703125,3.0625,0,0.7924255174850776,0,0.4771641791044776,0.5011428571428571,0.42504725897920603,0.485,1
126.59115384615384,64.53666666666666,0.5098039215686274,0,-0.2740233583499185,0,0.44116766467065865,0.40481283422459896,0.42504725897920603,0.42114285714285715,0
14.055369127516778,73.48245614035088,5.228070175438597,1,0.016112393848253886,0,0.4771641791044776,0.44292929292929295,0.4222753346080306,0.43333333333333335,0
3.426556291390728,7.087808219178082,2.0684931506849313,0,-0.3231124934727412,0,0.44116766467065865,0.43273809523809526,0.45460921843687374,0.4108247422680413,1
86.63505617977529,183.58380952380952,2.119047619047619,0,0.34888790032786576,0,0.44116766467065865,0.43273809523809526,0.4222753346080306,0.439247311827957,1
4.040425531914894,18.678688524590164,4.622950819672131,0,-0.45989070435409174,0,0.44116766467065865,0.45191256830601095,0.42504725897920603,0.42114285714285715,0
522.8774999999999,123.03,0.23529411764705882,1,0.2735240616116708,0,0.42815126050420166,0.38846153846153847,0.42504725897920603,0.3806282722513089,1
34.08243589743589,253.18380952380951,7.428571428571429,1,-0.5296076865886977,0,0.42815126050420166,0.42923076923076925,0.43936605316973415,0.44792899408284026,1
15.03010101010101,371.995,24.75,1,-1.2311246758369099,0,0.419634703196347,0.4452127659574468,0.43936605316973415,0.39441624365482236,0
26.63287162162162,303.205,11.384615384615385,0,0.046017094389622704,0,0.4771641791044776,0.5011428571428571,0.43936605316973415,0.47803468208092487,0
35.625441860465116,333.02043478260873,9.347826086956522,1,-0.05780705257577001,0,0.419634703196347,0.4452127659574468,0.42504725897920603,0.40918918918918923,0
4.158268398268398,87.32363636363635,21.0,1,-1.538307995994698,0,0.42815126050420166,0.42923076923076925,0.4222753346080306,0.44782608695652176,0
7.306778523489933,38.20035087719298,5.228070175438597,0,-0.3530135214014655,0,0.4251063829787234,0.41850000000000004,0.45460921843687374,0.4737704918032787,1
43.54093220338983,642.22875,14.75,1,-0.83432184233406,1,0.42025495750708214,0.41073446327683616,0.42504725897920603,0.4277777777777778,0
39.885263157894734,151.564,3.8,0,1.2228580991985603,0,0.4771641791044776,0.5011428571428571,0.45460921843687374,0.49812500000000004,1
40.65266666666666,419.230625,10.3125,0,-0.3788854379025022,0,0.4251063829787234,0.41285714285714287,0.4222753346080306,0.41350000000000003,0
21.016019900497515,281.61466666666666,13.4,0,-0.8556285391759508,0,0.4251063829787234,0.41850000000000004,0.42504725897920603,0.42169312169312173,0
190.01233333333332,87.698,0.46153846153846156,0,0.46090495923545194,0,0.42815126050420166,0.4191256830601093,0.4222753346080306,0.44782608695652176,0
47.877628205128204,143.63288461538463,3.0,0,0.5136597051563068,0,0.42025495750708214,0.4223809523809524,0.43936605316973415,0.4317919075144509,0
14.53476923076923,50.3872,3.466666666666667,1,0.3173706885406624,0,0.42815126050420166,0.38846153846153847,0.43936605316973415,0.44792899408284026,0
23.91072874493927,123.04062499999999,5.145833333333333,0,0.14313712129398012,0,0.42025495750708214,0.41236559139784945,0.42504725897920603,0.4277777777777778,0
91.236875,72.98949999999999,0.8,1,-1.2584697275298944,0,0.4771641791044776,0.44292929292929295,0.43936605316973415,0.47803468208092487,0
20.173846153846156,221.9123076923077,11.0,1,-0.3419278037402177,0,0.4771641791044776,0.44292929292929295,0.4222753346080306,0.43333333333333335,0
31.619914893617022,135.10327272727272,4.2727272727272725,0,0.5693782515847747,0,0.42025495750708214,0.4223809523809524,0.4222753346080306,0.39365853658536587,0
158.175625,316.35125,2.0,1,-1.3128302276664803,1,0.42025495750708214,0.41073446327683616,0.45460921843687374,0.43526315789473685,1
120.16084507042254,341.2568,2.84,1,0.14405965612282284,0,0.4251063829787234,0.3842105263157895,0.45460921843687374,0.4737704918032787,0
31.255503355704697,232.8535,7.45,1,-0.6716214140318622,1,0.42025495750708214,0.438860103626943,0.4222753346080306,0.39365853658536587,1
14.237899543378996,35.034831460674155,2.460674157303371,1,0.4888234545508972,0,0.4771641791044776,0.44292929292929295,0.4222753346080306,0.43333333333333335,1
46.93962732919255,121.8916129032258,2.596774193548387,1,0.7389980560764511,0,0.4771641791044776,0.49819277108433735,0.43936605316973415,0.47803468208092487,0
30.18385964912281,245.78285714285715,8.142857142857142,0,-1.482474986834734,0,0.44116766467065865,0.43273809523809526,0.4222753346080306,0.439247311827957,0
113.22072289156627,223.74571428571429,1.9761904761904763,0,0.6584934823252138,0,0.419634703196347,0.48418079096045197,0.4222753346080306,0.41345029239766085,1
56.51724637681159,91.75741176470588,1.6235294117647059,0,1.264406846104222,0,0.42025495750708214,0.41236559139784945,0.42504725897920603,0.4277777777777778,0
170.6478787878788,130.96232558139536,0.7674418604651163,0,-0.01181832521687394,0,0.44116766467065865,0.40481283422459896,0.45460921843687374,0.4108247422680413,1
130.21115384615385,73.59760869565217,0.5652173913043478,0,-0.3613071887672214,0,0.42815126050420166,0.4191256830601093,0.45460921843687374,0.4381642512077295,1
9.51030303030303,30.371612903225806,3.193548387096774,0,-1.1235659519937744,1,0.4771641791044776,0.5011428571428571,0.45460921843687374,0.49812500000000004,1
72.70759689922481,191.41387755102042,2.63265306122449,0,0.8015651771535656,0,0.419634703196347,0.48418079096045197,0.43936605316973415,0.39441624365482236,1
12.98764192139738,76.26076923076923,5.871794871794871,0,-0.5831862423140822,0,0.4251063829787234,0.4875,0.45460921843687374,0.4737704918032787,0
90.19314814814815,137.19521126760563,1.5211267605633803,0,1.3279922185638025,0,0.44116766467065865,0.43273809523809526,0.45460921843687374,0.4108247422680413,0
7.371486486486487,7.1775,0.9736842105263158,0,-0.2552230043467135,0,0.4771641791044776,0.5011428571428571,0.43936605316973415,0.47803468208092487,1
22.02196911196911,300.19421052631577,13.631578947368421,0,-0.5004302202181526,0,0.42025495750708214,0.4223809523809524,0.42504725897920603,0.4277777777777778,1
37.094545454545454,122.41199999999999,3.3,0,-1.0770435729619086,1,0.44116766467065865,0.47210526315789475,0.43936605316973415,0.4953757225433526,1
73.3085393258427,81.55575,1.1125,1,0.9258410462906366,0,0.4771641791044776,0.44292929292929295,0.42504725897920603,0.485,0
38.58409302325581,180.33869565217393,4.673913043478261,1,0.5399207411055311,0,0.4251063829787234,0.3842105263157895,0.42504725897920603,0.42169312169312173,0
48.20854166666666,534.0023076923077,11.076923076923077,1,-0.398608756274591,0,0.42815126050420166,0.42923076923076925,0.43936605316973415,0.44792899408284026,1
227.5262857142857,419.1273684210526,1.8421052631578947,1,-0.0856655641789853,0,0.419634703196347,0.37540983606557377,0.45460921843687374,0.4737804878048781,0
26.91,30.015,1.1153846153846154,0,-1.2576999275408038,1,0.419634703196347,0.48418079096045197,0.4222753346080306,0.41345029239766085,1
47.600641025641025,135.01272727272726,2.8363636363636364,0,0.5684641919462006,0,0.419634703196347,0.3769230769230769,0.43936605316973415,0.39441624365482236,0
26.299791666666668,56.10622222222223,2.1333333333333333,0,-0.540199001066271,1,0.419634703196347,0.3769230769230769,0.4222753346080306,0.41345029239766085,1
15.561940928270042,83.82227272727272,5.386363636363637,0,-0.34757329227411105,1,0.44116766467065865,0.45191256830601095,0.42504725897920603,0.42114285714285715,1
25.625993265993266,345.9509090909091,13.5,0,-0.0876300544201325,0,0.44116766467065865,0.45191256830601095,0.45460921843687374,0.4108247422680413,0
3.173791208791209,38.50866666666666,12.133333333333333,0,-1.524945956330154,1,0.4251063829787234,0.41285714285714287,0.42504725897920603,0.42169312169312173,1
3.742097902097902,133.78,35.75,0,-1.5809121727090858,1,0.4251063829787234,0.41850000000000004,0.45460921843687374,0.4737704918032787,1
26.799823321554772,291.70576923076925,10.884615384615385,0,-0.00885952222501274,0,0.42025495750708214,0.41236559139784945,0.45460921843687374,0.43526315789473685,0
196.14024999999998,124.53349206349206,0.6349206349206349,1,0.8128317446953714,0,0.42025495750708214,0.438860103626943,0.45460921843687374,0.43526315789473685,1
21.44553633217993,281.71636363636367,13.136363636363637,1,-0.3470100782850675,0,0.4771641791044776,0.44292929292929295,0.4222753346080306,0.43333333333333335,1
20.770108695652176,102.36696428571429,4.928571428571429,0,0.2786049302354403,0,0.44116766467065865,0.40481283422459896,0.4222753346080306,0.439247311827957,0
41.05484444444445,108.67458823529412,2.6470588235294117,0,1.5283388135508111,0,0.419634703196347,0.3769230769230769,0.42504725897920603,0.40918918918918923,0
15.544140350877193,60.686027397260276,3.904109589041096,1,0.39504287320591897,0,0.419634703196347,0.37540983606557377,0.4222753346080306,0.41345029239766085,0
17.23321608040201,77.94113636363636,4.5227272727272725,0,-0.39506951971865323,1,0.4251063829787234,0.41285714285714287,0.42504725897920603,0.42169312169312173,1
18.41901185770751,582.50125,31.625,0,-0.9220238456480112,0,0.44116766467065865,0.40481283422459896,0.4222753346080306,0.439247311827957,0
120.85473684210525,95.67666666666666,0.7916666666666666,0,-0.09794519064937822,0,0.44116766467065865,0.43273809523809526,0.4222753346080306,0.439247311827957,1
22.299320388349514,306.24399999999997,13.733333333333333,0,-0.787819263498277,0,0.42815126050420166,0.4191256830601093,0.4222753346080306,0.44782608695652176,0
36.05355731225296,570.096875,15.8125,1,0.06416918040442132,0,0.419634703196347,0.37540983606557377,0.42504725897920603,0.40918918918918923,0
70.6335606060606,104.75988764044943,1.4831460674157304,1,1.6278243599647004,0,0.4771641791044776,0.44292929292929295,0.42504725897920603,0.485,0
65.88028846153847,145.7776595744681,2.2127659574468086,1,0.2957864868569355,0,0.4251063829787234,0.3842105263157895,0.42504725897920603,0.42169312169312173,1
22.900234375,88.82515151515152,3.878787878787879,0,0.5115677866548552,0,0.44116766467065865,0.45191256830601095,0.43936605316973415,0.4953757225433526,1
36.02982035928144,111.42555555555555,3.0925925925925926,0,0.2889872747204455,0,0.44116766467065865,0.45191256830601095,0.45460921843687374,0.4108247422680413,1
33.1687012987013,156.36673469387756,4.714285714285714,0,0.48635960327410976,0,0.42815126050420166,0.4191256830601093,0.42504725897920603,0.3806282722513089,1
8.41910447761194,30.084266666666668,3.5733333333333333,1,0.03788135262709713,0,0.4251063829787234,0.3842105263157895,0.42504725897920603,0.42169312169312173,0
65.25662337662338,65.25662337662338,1.0,1,0.5878414275825969,0,0.42025495750708214,0.438860103626943,0.4222753346080306,0.39365853658536587,1
192.48958333333334,271.75,1.411764705882353,1,-0.7412068692342803,0,0.42025495750708214,0.41073446327683616,0.4222753346080306,0.39365853658536587,0
26.26253472222222,222.4591176470588,8.470588235294118,0,0.1546284361993232,0,0.4251063829787234,0.41285714285714287,0.43936605316973415,0.3974093264248705,0
19.594066390041494,262.34277777777777,13.38888888888889,0,-0.7014962383276715,1,0.42815126050420166,0.4191256830601093,0.4222753346080306,0.44782608695652176,1
524.1223076923077,79.22779069767442,0.1511627906976744,0,1.1043807622934165,0,0.4251063829787234,0.41285714285714287,0.4222753346080306,0.41350000000000003,0
25.741520270270268,107.31676056338029,4.169014084507042,0,0.9386230026035731,0,0.44116766467065865,0.45191256830601095,0.43936605316973415,0.4953757225433526,1
24.88685314685315,60.31898305084746,2.4237288135593222,0,-0.05763924586119082,0,0.419634703196347,0.48418079096045197,0.43936605316973415,0.39441624365482236,0
25.99898936170213,59.607439024390246,2.292682926829268,0,0.6672639780159383,0,0.4251063829787234,0.41285714285714287,0.43936605316973415,0.3974093264248705,1
32.955615384615385,612.0328571428571,18.571428571428573,0,-0.07917201496972615,0,0.44116766467065865,0.40481283422459896,0.42504725897920603,0.42114285714285715,1
30.902032520325204,95.02374999999999,3.075,1,-0.4105221496007393,1,0.42815126050420166,0.38846153846153847,0.45460921843687374,0.4381642512077295,1
39.173846153846156,44.010123456790126,1.123456790123457,1,0.4035224689859579,0,0.419634703196347,0.37540983606557377,0.4222753346080306,0.41345029239766085,0
27.444180327868853,393.90470588235297,14.352941176470589,0,-0.3600495063322451,0,0.42815126050420166,0.47056074766355144,0.43936605316973415,0.44792899408284026,1
40.37542635658915,400.64846153846156,9.923076923076923,0,-0.7168042963211896,0,0.4251063829787234,0.41850000000000004,0.4222753346080306,0.41350000000000003,0
42.37085106382979,398.286,9.4,0,-0.5344099946620198,0,0.42025495750708214,0.4223809523809524,0.42504725897920603,0.4277777777777778,0
43.012520325203255,112.56468085106383,2.617021276595745,1,0.009269170308630757,1,0.42025495750708214,0.438860103626943,0.45460921843687374,0.43526315789473685,1
20.221785714285716,161.77428571428572,8.0,0,-1.2361769585256446,0,0.4251063829787234,0.41285714285714287,0.45460921843687374,0.4737704918032787,0
39.0252736318408,170.52347826086955,4.369565217391305,0,0.45704967146372255,0,0.4251063829787234,0.4875,0.45460921843687374,0.4737704918032787,1
7.882678571428571,29.826351351351352,3.7837837837837838,0,0.007944552193193344,0,0.42815126050420166,0.4191256830601093,0.4222753346080306,0.44782608695652176,0
23.737857142857145,21.67369565217391,0.9130434782608695,0,-0.7997070776696793,0,0.44116766467065865,0.43273809523809526,0.4222753346080306,0.439247311827957,0
17.229237668161435,182.95809523809524,10.619047619047619,1,-0.8002904800406595,0,0.42815126050420166,0.38846153846153847,0.45460921843687374,0.4381642512077295,0
38.57807692307693,1289.6100000000001,33.42857142857143,1,-0.14134208993978314,0,0.4771641791044776,0.44292929292929295,0.45460921843687374,0.49812500000000004,0
51.977482517482514,151.68938775510205,2.9183673469387754,0,0.44429266982736304,0,0.44116766467065865,0.45191256830601095,0.45460921843687374,0.4108247422680413,0
25.696067415730337,84.70185185185184,3.2962962962962963,0,0.02411555117957931,0,0.4251063829787234,0.4875,0.43936605316973415,0.3974093264248705,1
65.58840579710146,55.87160493827161,0.8518518518518519,0,0.5798699026303806,0,0.4771641791044776,0.5011428571428571,0.4222753346080306,0.43333333333333335,0
59.01637583892618,99.92545454545456,1.6931818181818181,0,1.5095982086579225,0,0.4251063829787234,0.4875,0.43936605316973415,0.3974093264248705,0
26.252868217054264,49.08144927536232,1.8695652173913044,0,0.11987249461251698,0,0.4251063829787234,0.41285714285714287,0.42504725897920603,0.42169312169312173,0
23.445494505494505,32.823692307692305,1.4,0,-0.19377282001259238,0,0.4251063829787234,0.41850000000000004,0.4222753346080306,0.41350000000000003,0
110.53884057971015,847.4644444444444,7.666666666666667,0,-0.3564994899210899,0,0.44116766467065865,0.45191256830601095,0.43936605316973415,0.4953757225433526,1
31.96554347826087,226.2176923076923,7.076923076923077,1,0.49025015637380653,0,0.419634703196347,0.4452127659574468,0.4222753346080306,0.41345029239766085,0
10.926724137931034,51.108870967741936,4.67741935483871,0,-0.0664995635363198,0,0.42025495750708214,0.41236559139784945,0.45460921843687374,0.43526315789473685,1
22.40621212121212,173.97764705882352,7.764705882352941,0,-1.0462843686445555,0,0.44116766467065865,0.40481283422459896,0.4222753346080306,0.439247311827957,0
16.039380530973453,258.9214285714286,16.142857142857142,0,-0.98654323321659,1,0.419634703196347,0.48418079096045197,0.45460921843687374,0.4737804878048781,1
38.120875576036866,121.65044117647058,3.1911764705882355,0,0.9956953775606817,0,0.44116766467065865,0.45191256830601095,0.45460921843687374,0.4108247422680413,1
62.60978571428572,168.5648076923077,2.6923076923076925,0,0.7516198977317646,0,0.42025495750708214,0.4223809523809524,0.45460921843687374,0.43526315789473685,0
32.567837837837835,178.52,5.481481481481482,0,0.9539931936999285,0,0.42815126050420166,0.47056074766355144,0.43936605316973415,0.44792899408284026,1
34.39489655172414,453.3872727272728,13.181818181818182,0,0.3461995362894549,0,0.42025495750708214,0.41236559139784945,0.4222753346080306,0.39365853658536587,1
143.38153846153847,29.124375,0.203125,0,-0.2641650190284475,0,0.44116766467065865,0.47210526315789475,0.42504725897920603,0.42114285714285715,1
4.693693693693693,20.431372549019606,4.352941176470588,0,-0.6868864766670721,0,0.42025495750708214,0.41236559139784945,0.4222753346080306,0.39365853658536587,0
54.466737588652485,225.87676470588235,4.147058823529412,0,0.175956494432719,0,0.419634703196347,0.3769230769230769,0.42504725897920603,0.40918918918918923,1
17.90191919191919,80.55863636363637,4.5,0,-0.3739305139807859,1,0.44116766467065865,0.47210526315789475,0.42504725897920603,0.42114285714285715,1
19.5425,168.68263157894737,8.631578947368421,0,-0.9590605616032686,1,0.4251063829787234,0.41850000000000004,0.42504725897920603,0.42169312169312173,0
130.7956896551724,344.825,2.6363636363636362,0,-0.09217649161842184,0,0.419634703196347,0.3769230769230769,0.43936605316973415,0.39441624365482236,1
47.18023391812865,806.7819999999999,17.1,1,-0.25470989295855095,0,0.419634703196347,0.37540983606557377,0.42504725897920603,0.40918918918918923,0
30.057191011235957,86.29322580645162,2.870967741935484,0,-0.8053759183305405,0,0.44116766467065865,0.45191256830601095,0.4222753346080306,0.439247311827957,0
71.62268292682927,44.492878787878794,0.6212121212121212,0,-0.025475289307618443,0,0.419634703196347,0.48418079096045197,0.4222753346080306,0.41345029239766085,0
67.71009090909091,240.2616129032258,3.5483870967741935,0,0.07069334594796456,0,0.44116766467065865,0.43273809523809526,0.42504725897920603,0.42114285714285715,0
242.95333333333332,194.36266666666666,0.8,0,0.6017404776032695,0,0.42815126050420166,0.47056074766355144,0.43936605316973415,0.44792899408284026,1
379.68480000000005,120.15341772151899,0.31645569620253167,1,1.4496316634148663,0,0.419634703196347,0.4452127659574468,0.43936605316973415,0.39441624365482236,0
29.705217391304345,125.48938775510203,4.224489795918367,1,0.208656171031895,0,0.419634703196347,0.37540983606557377,0.45460921843687374,0.4737804878048781,1
36.3057,315.7017391304348,8.695652173913043,0,-0.13091897543384662,0,0.42025495750708214,0.41236559139784945,0.45460921843687374,0.43526315789473685,1
26.31098265895954,119.78421052631579,4.552631578947368,1,-0.31453022748044634,0,0.42025495750708214,0.438860103626943,0.45460921843687374,0.43526315789473685,0
36.925226130653265,86.4484705882353,2.3411764705882354,1,1.1815798275293325,0,0.4771641791044776,0.4591623036649215,0.42504725897920603,0.485,0
4.648354430379747,18.060000000000002,3.8852459016393444,1,-0.46681773462714127,0,0.419634703196347,0.37540983606557377,0.43936605316973415,0.39441624365482236,0
29.518100775193798,100.20618421052632,3.3947368421052633,0,1.0424810469492378,0,0.419634703196347,0.48418079096045197,0.45460921843687374,0.4737804878048781,1
10.680206896551725,442.46571428571434,41.42857142857143,1,-1.229772370530306,0,0.4251063829787234,0.3842105263157895,0.42504725897920603,0.42169312169312173,0
27.71627659574468,148.876,5.371428571428571,0,-0.2563345503168973,0,0.4771641791044776,0.5011428571428571,0.42504725897920603,0.485,1
64.10276923076924,52.0835,0.8125,1,0.49307969395384066,0,0.4771641791044776,0.44292929292929295,0.4222753346080306,0.43333333333333335,0
13.415141700404858,51.7740625,3.859375,1,0.0018997542414812552,0,0.42025495750708214,0.41073446327683616,0.4222753346080306,0.39365853658536587,1
18.00022304832714,166.96758620689656,9.275862068965518,0,-0.4494606758533086,1,0.44116766467065865,0.47210526315789475,0.45460921843687374,0.4108247422680413,1
49.59669491525423,731.55125,14.75,0,-0.7031634615042848,0,0.4771641791044776,0.5011428571428571,0.4222753346080306,0.43333333333333335,1
8.907049808429118,80.16344827586207,9.0,0,-0.9115049749246653,0,0.44116766467065865,0.43273809523809526,0.43936605316973415,0.4953757225433526,0
18.57633898305085,195.715,10.535714285714286,0,-0.35327743623632446,0,0.44116766467065865,0.45191256830601095,0.45460921843687374,0.4108247422680413,1
559.0729411764705,633.616,1.1333333333333333,1,0.11349860396943545,0,0.4251063829787234,0.3842105263157895,0.45460921843687374,0.4737704918032787,1
38.64897435897436,107.665,2.7857142857142856,1,0.9024878499619089,0,0.42025495750708214,0.41073446327683616,0.45460921843687374,0.43526315789473685,0
46.82931677018634,87.66883720930232,1.872093023255814,0,1.2376223914962474,0,0.419634703196347,0.48418079096045197,0.42504725897920603,0.40918918918918923,0
43.90426086956521,91.79981818181818,2.090909090909091,0,0.13222831170615004,0,0.419634703196347,0.3769230769230769,0.42504725897920603,0.40918918918918923,0
16.878837209302326,63.11217391304348,3.739130434782609,0,-0.44983698504702985,0,0.4771641791044776,0.5011428571428571,0.4222753346080306,0.43333333333333335,0
21.796042402826853,96.379375,4.421875,0,0.5258761824790372,0,0.44116766467065865,0.47210526315789475,0.42504725897920603,0.42114285714285715,0
302.7155,110.07836363636365,0.36363636363636365,0,0.31675088918633393,0,0.42025495750708214,0.4223809523809524,0.42504725897920603,0.4277777777777778,0
2.572112676056338,7.94,3.0869565217391304,0,-0.4011708667526668,0,0.4251063829787234,0.41850000000000004,0.43936605316973415,0.3974093264248705,1
40.964999999999996,136.00379999999998,3.32,1,0.34909507283269675,0,0.42025495750708214,0.41073446327683616,0.43936605316973415,0.4317919075144509,0
30.328939393939393,46.01632183908046,1.5172413793103448,0,0.6094968223738124,0,0.4251063829787234,0.4875,0.43936605316973415,0.3974093264248705,0
43.47839285714286,114.57835294117646,2.635294117647059,0,1.6204459235566855,0,0.44116766467065865,0.43273809523809526,0.4222753346080306,0.439247311827957,1
23.713866666666664,80.84272727272727,3.409090909090909,0,0.41486835292265056,0,0.4251063829787234,0.41285714285714287,0.45460921843687374,0.4737704918032787,0
26.484754716981133,111.40412698412699,4.2063492063492065,1,0.661011578019354,0,0.42815126050420166,0.38846153846153847,0.43936605316973415,0.44792899408284026,0
63.8819587628866,79.44294871794872,1.2435897435897436,0,0.82383076445346,0,0.419634703196347,0.3769230769230769,0.42504725897920603,0.40918918918918923,0
54.242196531791905,132.16760563380282,2.436619718309859,1,1.2624735983659285,0,0.419634703196347,0.4452127659574468,0.42504725897920603,0.40918918918918923,0
49.58853260869566,198.35413043478263,4.0,0,0.6920272397165239,0,0.44116766467065865,0.47210526315789475,0.45460921843687374,0.4108247422680413,0
17.711721311475408,48.01844444444444,2.7111111111111112,1,-0.6070006085881674,0,0.42025495750708214,0.438860103626943,0.45460921843687374,0.43526315789473685,0
92.83833333333334,91.74611764705882,0.9882352941176471,0,1.264230641836545,0,0.44116766467065865,0.40481283422459896,0.42504725897920603,0.42114285714285715,1
19.655179282868524,205.56041666666667,10.458333333333334,0,-0.5372455871568179,0,0.44116766467065865,0.47210526315789475,0.42504725897920603,0.42114285714285715,0
20.747249999999998,414.945,20.0,0,-0.5856179540345487,0,0.419634703196347,0.48418079096045197,0.43936605316973415,0.39441624365482236,1
6.270764331210191,28.956176470588236,4.617647058823529,1,-1.052939790335389,0,0.42815126050420166,0.42923076923076925,0.45460921843687374,0.4381642512077295,0
13.347343173431735,200.95166666666668,15.055555555555555,0,-0.9043220341127969,0,0.42815126050420166,0.4191256830601093,0.45460921843687374,0.4381642512077295,0
12.615949367088607,32.15032258064516,2.5483870967741935,0,-1.1134452193690803,1,0.4251063829787234,0.4875,0.45460921843687374,0.4737704918032787,1
13.896501901140685,84.99488372093023,6.116279069767442,0,-0.3746155705191968,1,0.419634703196347,0.3769230769230769,0.4222753346080306,0.41345029239766085,0
29.797398843930633,184.10535714285714,6.178571428571429,1,-0.41294277091730514,1,0.4771641791044776,0.44292929292929295,0.45460921843687374,0.49812500000000004,1
80.80354166666667,138.52035714285714,1.7142857142857142,0,0.6502105534604883,0,0.42025495750708214,0.4223809523809524,0.43936605316973415,0.4317919075144509,0
33.08756521739131,57.65257575757576,1.7424242424242424,1,0.13394185095084532,0,0.419634703196347,0.4452127659574468,0.42504725897920603,0.40918918918918923,1
8.555289855072465,36.32707692307692,4.246153846153846,0,-0.15197569935072602,0,0.44116766467065865,0.45191256830601095,0.42504725897920603,0.42114285714285715,0
39.81600806451613,161.8749180327869,4.065573770491803,1,1.1433790790104896,0,0.42025495750708214,0.438860103626943,0.43936605316973415,0.4317919075144509,1
11.420692307692308,69.05534883720931,6.046511627906977,0,-0.500418075796042,1,0.44116766467065865,0.43273809523809526,0.4222753346080306,0.439247311827957,1
34.352583333333335,85.88145833333334,2.5,1,-0.1842430662052787,0,0.4771641791044776,0.49819277108433735,0.45460921843687374,0.49812500000000004,0
41.625620915032684,107.94440677966102,2.593220338983051,1,0.45810697470695505,0,0.419634703196347,0.37540983606557377,0.45460921843687374,0.4737804878048781,1
15.280859375,30.091538461538462,1.9692307692307693,1,-0.2263687740717037,0,0.4251063829787234,0.3842105263157895,0.45460921843687374,0.4737704918032787,1
181.10595238095237,271.6589285714286,1.5,1,0.03702052305145159,0,0.419634703196347,0.37540983606557377,0.45460921843687374,0.4737804878048781,0
19.52939534883721,99.97190476190475,5.119047619047619,1,-0.2956709817566063,0,0.4771641791044776,0.4591623036649215,0.42504725897920603,0.485,0
236.58175,126.17693333333334,0.5333333333333333,0,1.3606890056836467,0,0.4251063829787234,0.4875,0.43936605316973415,0.3974093264248705,0
30.152307692307694,43.02219512195122,1.4268292682926829,0,0.41764310093473517,0,0.4251063829787234,0.4875,0.45460921843687374,0.4737704918032787,0
13.123416149068323,24.857294117647058,1.8941176470588235,0,0.2206700438255048,0,0.44116766467065865,0.40481283422459896,0.4222753346080306,0.439247311827957,0
104.75978021978021,307.5206451612903,2.935483870967742,0,0.45339249619217287,0,0.44116766467065865,0.43273809523809526,0.45460921843687374,0.4108247422680413,1
35.4424060150376,269.36228571428575,7.6,0,0.5176830755987163,0,0.42815126050420166,0.47056074766355144,0.43936605316973415,0.44792899408284026,0
8.99126213592233,63.86896551724138,7.103448275862069,1,-0.9982378547663934,0,0.4771641791044776,0.44292929292929295,0.43936605316973415,0.47803468208092487,0
58.95242236024845,338.9764285714286,5.75,0,0.3829847544072623,0,0.419634703196347,0.3769230769230769,0.45460921843687374,0.4737804878048781,0
21.683275862068967,96.74076923076925,4.461538461538462,0,0.06610270071801337,0,0.4251063829787234,0.41850000000000004,0.42504725897920603,0.42169312169312173,0
42.7795045045045,271.3442857142857,6.3428571428571425,1,0.5304156693994964,0,0.42025495750708214,0.438860103626943,0.43936605316973415,0.4317919075144509,1
4.376935483870968,15.07611111111111,3.4444444444444446,0,-0.23975729163486226,0,0.42815126050420166,0.4191256830601093,0.45460921843687374,0.4381642512077295,1
48.33548192771084,445.7605555555555,9.222222222222221,1,-0.09551507809771853,0,0.42815126050420166,0.42923076923076925,0.4222753346080306,0.44782608695652176,1
7.1202958579881654,100.27749999999999,14.083333333333334,0,-1.4728366682459455,1,0.419634703196347,0.48418079096045197,0.45460921843687374,0.4737804878048781,1
31.969333333333335,127.87733333333334,4.0,1,0.718348259377978,0,0.4771641791044776,0.4591623036649215,0.42504725897920603,0.485,0
12.7109375,34.470338983050844,2.711864406779661,0,-0.33755991513834027,0,0.42815126050420166,0.4191256830601093,0.4222753346080306,0.44782608695652176,1
14.342075471698113,28.684150943396226,2.0,1,-0.5572800368661174,0,0.4771641791044776,0.4591623036649215,0.45460921843687374,0.49812500000000004,1
17.194027777777777,28.13568181818182,1.6363636363636365,0,-0.7972998117581768,1,0.44116766467065865,0.47210526315789475,0.42504725897920603,0.42114285714285715,1
180.368,20.731954022988507,0.11494252873563218,1,0.20574309760333198,0,0.419634703196347,0.4452127659574468,0.43936605316973415,0.39441624365482236,1
13.291077844311378,51.61883720930233,3.883720930232558,1,-0.6380354443128499,1,0.42815126050420166,0.38846153846153847,0.45460921843687374,0.4381642512077295,1
33.47423580786026,766.5600000000001,22.9,0,-0.32853581019294337,0,0.44116766467065865,0.47210526315789475,0.45460921843687374,0.4108247422680413,0
27.289929824561405,777.763,28.5,0,-0.30797313924726943,0,0.4771641791044776,0.5011428571428571,0.42504725897920603,0.485,1
43.486666666666665,60.57071428571429,1.3928571428571428,0,-1.0478232665073972,1,0.44116766467065865,0.43273809523809526,0.43936605316973415,0.4953757225433526,1
20.756470588235295,71.8788888888889,3.462962962962963,1,-0.1029791187268966,0,0.4251063829787234,0.3842105263157895,0.4222753346080306,0.41350000000000003,0
8.616136363636363,23.994303797468355,2.7848101265822787,0,0.05531077413718377,0,0.4251063829787234,0.41285714285714287,0.42504725897920603,0.42169312169312173,1
62.1795652173913,446.915625,7.1875,0,-0.2975818520585697,0,0.44116766467065865,0.45191256830601095,0.4222753346080306,0.439247311827957,1
53.49016574585635,440.0781818181818,8.227272727272727,0,0.29245723464798945,0,0.4251063829787234,0.41850000000000004,0.4222753346080306,0.41350000000000003,0
53.83791044776119,53.83791044776119,1.0,0,0.11852440706915468,0,0.44116766467065865,0.43273809523809526,0.43936605316973415,0.4953757225433526,0
37.221513513513514,215.186875,5.78125,1,-0.011571591983663365,0,0.42815126050420166,0.42923076923076925,0.45460921843687374,0.4381642512077295,0
21.579096989966555,268.83958333333334,12.458333333333334,1,-0.25849410661414984,0,0.4251063829787234,0.3842105263157895,0.4222753346080306,0.41350000000000003,0
191.55125,278.62,1.4545454545454546,1,-1.1520792540135858,1,0.4771641791044776,0.4591623036649215,0.4222753346080306,0.43333333333333335,1
14.747488789237668,117.45321428571428,7.964285714285714,1,-0.7554875382035102,1,0.4771641791044776,0.4591623036649215,0.43936605316973415,0.47803468208092487,1
27.3331640625,79.51465909090909,2.909090909090909,0,1.1799218592954985,0,0.419634703196347,0.3769230769230769,0.42504725897920603,0.40918918918918923,1
162.12983050847458,183.95499999999998,1.1346153846153846,0,0.8985100158350712,0,0.419634703196347,0.48418079096045197,0.4222753346080306,0.41345029239766085,0
52.11128712871287,125.31523809523809,2.4047619047619047,0,-0.10030082904756117,0,0.419634703196347,0.48418079096045197,0.42504725897920603,0.40918918918918923,0
60.5041095890411,124.41690140845071,2.056338028169014,1,1.1614681728423688,0,0.4771641791044776,0.44292929292929295,0.43936605316973415,0.47803468208092487,1
40.72512820512821,42.92648648648649,1.054054054054054,1,0.1858759887855867,0,0.4771641791044776,0.44292929292929295,0.4222753346080306,0.43333333333333335,1
10.738512110726644,46.319850746268656,4.313432835820896,0,0.02607039491129115,0,0.4251063829787234,0.4875,0.45460921843687374,0.4737704918032787,1
26.49855,103.91588235294118,3.9215686274509802,1,0.09459964055247308,0,0.419634703196347,0.37540983606557377,0.45460921843687374,0.4737804878048781,0
24.014827586206895,8.493048780487804,0.35365853658536583,0,-0.1020475255838037,0,0.4771641791044776,0.5011428571428571,0.42504725897920603,0.485,0
17.370939597315434,126.2570731707317,7.2682926829268295,0,-0.13712611507096018,1,0.42025495750708214,0.4223809523809524,0.45460921843687374,0.43526315789473685,1
58.01499999999999,679.6042857142857,11.714285714285714,1,0.09446260713692034,0,0.4771641791044776,0.4591623036649215,0.45460921843687374,0.49812500000000004,0
32.984212454212454,130.50275362318843,3.9565217391304346,0,1.151047400974766,0,0.44116766467065865,0.45191256830601095,0.4222753346080306,0.439247311827957,1
254.7624,96.50090909090909,0.3787878787878788,1,0.6045522470768713,0,0.419634703196347,0.37540983606557377,0.4222753346080306,0.41345029239766085,1
22.04359375,17.858101265822786,0.810126582278481,0,-0.033665039195181934,0,0.44116766467065865,0.40481283422459896,0.43936605316973415,0.4953757225433526,0
69.1159375,35.10650793650794,0.5079365079365079,0,-0.22124869662242513,0,0.419634703196347,0.48418079096045197,0.45460921843687374,0.4737804878048781,0
89.14290322580645,32.51094117647059,0.36470588235294116,0,0.34007780255457454,0,0.419634703196347,0.3769230769230769,0.42504725897920603,0.40918918918918923,0
9.363418803418803,42.96156862745098,4.588235294117647,1,-0.4759846519467539,0,0.4771641791044776,0.49819277108433735,0.4222753346080306,0.43333333333333335,1
29.835608465608466,84.16313432835821,2.8208955223880596,0,0.4914515623017798,0,0.44116766467065865,0.47210526315789475,0.43936605316973415,0.4953757225433526,0
35.621263736263735,498.6976923076923,14.0,1,-0.4828490799131391,0,0.42815126050420166,0.42923076923076925,0.45460921843687374,0.4381642512077295,1
13.138316326530614,29.598965517241382,2.2528735632183907,1,0.3473360749096007,0,0.419634703196347,0.4452127659574468,0.43936605316973415,0.39441624365482236,0
18.802122448979592,64.8805633802817,3.4507042253521125,0,0.3856040730383908,0,0.42025495750708214,0.41236559139784945,0.45460921843687374,0.43526315789473685,0
71.83224,427.5728571428572,5.9523809523809526,1,0.14256937899301236,0,0.42815126050420166,0.42923076923076925,0.43936605316973415,0.44792899408284026,1
23.077142857142857,260.9492307692308,11.307692307692308,1,-0.15563584173877804,0,0.4771641791044776,0.4591623036649215,0.45460921843687374,0.49812500000000004,1
8.053368421052632,14.435283018867926,1.7924528301886793,1,-0.6958922253108515,0,0.419634703196347,0.4452127659574468,0.4222753346080306,0.41345029239766085,1
22.138550724637682,226.30518518518517,10.222222222222221,0,-0.25851484352748577,0,0.42025495750708214,0.4223809523809524,0.43936605316973415,0.4317919075144509,1
181.79574074074074,138.26718309859154,0.7605633802816901,0,1.3419619131605642,0,0.4251063829787234,0.41850000000000004,0.42504725897920603,0.42169312169312173,0
11.516515151515152,45.37850746268657,3.9402985074626864,0,0.01449414161714091,0,0.419634703196347,0.48418079096045197,0.43936605316973415,0.39441624365482236,0
33.48140893470791,1217.88625,36.375,0,0.010955726167900637,0,0.4251063829787234,0.41850000000000004,0.43936605316973415,0.3974093264248705,0
12.016229508196721,23.64483870967742,1.967741935483871,0,-1.1618408227632235,1,0.4251063829787234,0.41850000000000004,0.42504725897920603,0.42169312169312173,1
201.513488372093,184.36340425531915,0.9148936170212766,0,0.6286528676487606,0,0.44116766467065865,0.45191256830601095,0.43936605316973415,0.4953757225433526,0
51.93535714285714,242.365,4.666666666666667,0,-1.1598813697016142,0,0.419634703196347,0.3769230769230769,0.42504725897920603,0.40918918918918923,0
8.362228571428572,28.142115384615387,3.3653846153846154,0,-0.5886301423636799,0,0.419634703196347,0.48418079096045197,0.45460921843687374,0.4737804878048781,0
35.900408163265304,32.57629629629629,0.9074074074074074,1,-0.4925263744159243,0,0.419634703196347,0.37540983606557377,0.42504725897920603,0.40918918918918923,1
30.676724137931036,410.59615384615387,13.384615384615385,1,-0.6930681130962092,0,0.4771641791044776,0.44292929292929295,0.42504725897920603,0.485,1
22.453925619834713,129.37738095238097,5.761904761904762,0,-0.06898602685135075,0,0.42025495750708214,0.41236559139784945,0.4222753346080306,0.39365853658536587,1
5.933624454148472,135.88,22.9,1,-1.4861244303855417,0,0.419634703196347,0.37540983606557377,0.43936605316973415,0.39441624365482236,0
41.913505154639175,135.52033333333333,3.2333333333333334,0,0.8025188354939039,0,0.42025495750708214,0.41236559139784945,0.43936605316973415,0.4317919075144509,1
45.19769230769231,176.27100000000002,3.9,0,-1.4119883202215928,1,0.42025495750708214,0.4223809523809524,0.43936605316973415,0.4317919075144509,1
65.34392857142858,85.09906976744186,1.302325581395349,0,-0.3737932839367044,1,0.44116766467065865,0.47210526315789475,0.42504725897920603,0.42114285714285715,1
50.422399999999996,756.336,15.0,1,-0.3473015647005371,0,0.419634703196347,0.37540983606557377,0.45460921843687374,0.4737804878048781,1
18.473919597989948,61.27183333333333,3.316666666666667,1,-0.015162575044278481,0,0.4771641791044776,0.4591623036649215,0.45460921843687374,0.49812500000000004,1
18.36112676056338,44.44227272727273,2.4204545454545454,0,0.613430645097517,0,0.42025495750708214,0.4223809523809524,0.43936605316973415,0.4317919075144509,0
7.04755868544601,30.0226,4.26,0,-0.6235267882882821,0,0.44116766467065865,0.47210526315789475,0.42504725897920603,0.42114285714285715,1
33.76521739130435,79.425,2.352272727272727,1,1.1784736804705287,0,0.42815126050420166,0.42923076923076925,0.43936605316973415,0.44792899408284026,0
15.543542857142857,32.38238095238095,2.0833333333333335,1,0.3112165823379487,0,0.42025495750708214,0.41073446327683616,0.42504725897920603,0.4277777777777778,0
7.4403389830508475,28.505194805194808,3.831168831168831,1,0.06843162661566815,0,0.4771641791044776,0.49819277108433735,0.45460921843687374,0.49812500000000004,0
23.732129963898917,121.73703703703704,5.12962962962963,1,0.3911894208953112,0,0.419634703196347,0.37540983606557377,0.4222753346080306,0.41345029239766085,1
14.277941176470588,60.68125,4.25,0,-0.6626594438797035,0,0.4251063829787234,0.41285714285714287,0.43936605316973415,0.3974093264248705,0
34.297160000000005,122.48985714285716,3.5714285714285716,0,1.0929609923984325,0,0.42815126050420166,0.4191256830601093,0.4222753346080306,0.44782608695652176,0
65.34138211382114,206.07666666666665,3.1538461538461537,0,0.34607468526939766,0,0.4251063829787234,0.41285714285714287,0.43936605316973415,0.3974093264248705,1
100.75,92.58108108108108,0.918918918918919,1,-0.5421700517089931,0,0.419634703196347,0.4452127659574468,0.43936605316973415,0.39441624365482236,0
15.102600732600733,49.08345238095238,3.25,0,0.568711587630965,0,0.44116766467065865,0.45191256830601095,0.45460921843687374,0.4108247422680413,0
108.1139393939394,113.26222222222223,1.0476190476190477,0,0.6824974859092103,0,0.419634703196347,0.3769230769230769,0.45460921843687374,0.4737804878048781,0
122.37521739130435,201.04500000000002,1.6428571428571428,1,-1.1352651415192883,1,0.42815126050420166,0.42923076923076925,0.4222753346080306,0.44782608695652176,1
32.60095477386935,540.6325,16.583333333333332,0,-0.5029312895849859,0,0.44116766467065865,0.45191256830601095,0.42504725897920603,0.42114285714285715,1
28.375652173913043,22.123389830508476,0.7796610169491526,0,-0.47126775146606625,0,0.44116766467065865,0.40481283422459896,0.4222753346080306,0.439247311827957,0
37.9735593220339,128.02514285714287,3.3714285714285714,0,-0.39028283205155734,1,0.419634703196347,0.3769230769230769,0.43936605316973415,0.39441624365482236,1
21.955933014354066,95.59979166666666,4.354166666666667,0,-0.09862247580326138,0,0.44116766467065865,0.43273809523809526,0.43936605316973415,0.4953757225433526,1
40.74781420765027,116.51328125,2.859375,0,0.7623881962295251,0,0.44116766467065865,0.40481283422459896,0.43936605316973415,0.4953757225433526,1
14.333295454545453,30.393493975903613,2.1204819277108435,1,0.2540617289313233,0,0.42815126050420166,0.38846153846153847,0.42504725897920603,0.3806282722513089,0
22.4777027027027,87.54473684210525,3.8947368421052633,1,-1.2420189190367235,1,0.419634703196347,0.37540983606557377,0.43936605316973415,0.39441624365482236,0
46.56504761904762,651.9106666666667,14.0,1,0.16386732806933613,0,0.4771641791044776,0.4591623036649215,0.43936605316973415,0.47803468208092487,1
28.18005263157895,172.71645161290323,6.129032258064516,0,-0.3136338583111338,0,0.4251063829787234,0.41285714285714287,0.42504725897920603,0.42169312169312173,0
25.035841584158415,67.42986666666667,2.6933333333333334,0,0.551979329108015,0,0.419634703196347,0.48418079096045197,0.45460921843687374,0.4737804878048781,0
43.96495327102804,184.48039215686273,4.196078431372549,0,0.8487520707486338,0,0.4251063829787234,0.41285714285714287,0.4222753346080306,0.41350000000000003,0
65.28440677966103,334.93739130434784,5.130434782608695,1,-0.049714504490482425,0,0.42025495750708214,0.438860103626943,0.45460921843687374,0.43526315789473685,1
39.142975206611574,236.815,6.05,0,0.6304871574512285,0,0.4251063829787234,0.41850000000000004,0.42504725897920603,0.42169312169312173,0
30.344739884393064,149.98971428571429,4.942857142857143,1,-0.24917992286476498,0,0.4251063829787234,0.3842105263157895,0.42504725897920603,0.42169312169312173,0
2.845242718446602,6.815348837209302,2.395348837209302,0,-0.03864714482125342,0,0.419634703196347,0.3769230769230769,0.45460921843687374,0.4737804878048781,1
33.49775510204082,273.565,8.166666666666666,1,0.18906363960326955,0,0.4771641791044776,0.4591623036649215,0.42504725897920603,0.485,0
34.3846875,26.197857142857142,0.7619047619047619,1,-0.8643904457562522,1,0.419634703196347,0.4452127659574468,0.45460921843687374,0.4737804878048781,1
98.76506329113924,185.77238095238096,1.880952380952381,1,0.36575945895793216,0,0.419634703196347,0.37540983606557377,0.43936605316973415,0.39441624365482236,0
52.07716216216216,142.73,2.740740740740741,0,-0.6726921520077299,0,0.42025495750708214,0.4223809523809524,0.4222753346080306,0.39365853658536587,0
17.668715596330276,53.496944444444445,3.0277777777777777,0,-0.8383294750692861,1,0.419634703196347,0.3769230769230769,0.4222753346080306,0.41345029239766085,0
19.41077319587629,62.7615,3.2333333333333334,1,0.0012427764608928804,0,0.4771641791044776,0.44292929292929295,0.4222753346080306,0.43333333333333335,0
105.05483870967741,57.13508771929824,0.543859649122807,1,-0.15491587346567132,0,0.4771641791044776,0.44292929292929295,0.42504725897920603,0.485,0
39.88913978494624,97.62342105263158,2.4473684210526314,0,1.0064527805926695,0,0.42815126050420166,0.4191256830601093,0.42504725897920603,0.3806282722513089,0
59.16893617021277,94.26915254237288,1.5932203389830508,0,0.3100146295689776,0,0.4251063829787234,0.41285714285714287,0.4222753346080306,0.41350000000000003,0
13.362368421052631,92.32181818181817,6.909090909090909,0,-1.5282166307479501,0,0.4251063829787234,0.41285714285714287,0.45460921843687374,0.4737704918032787,0
61.95492753623189,1068.7225,17.25,0,-0.20807168493789452,0,0.42025495750708214,0.4223809523809524,0.45460921843687374,0.43526315789473685,1
90.04936507936507,96.15440677966102,1.0677966101694916,0,0.3304304636249207,0,0.42815126050420166,0.47056074766355144,0.43936605316973415,0.44792899408284026,0
13.313934426229507,59.42560975609756,4.463414634146342,0,-0.6400589815489739,1,0.44116766467065865,0.47210526315789475,0.43936605316973415,0.4953757225433526,1
33.407363636363634,141.33884615384616,4.230769230769231,0,-0.7264403895726013,1,0.44116766467065865,0.40481283422459896,0.4222753346080306,0.439247311827957,1
43.32941964285715,210.99543478260873,4.869565217391305,0,0.798759303939584,0,0.419634703196347,0.3769230769230769,0.45460921843687374,0.4737804878048781,0
38.65203125,570.8607692307692,14.76923076923077,0,-0.31066080117034084,0,0.42815126050420166,0.4191256830601093,0.43936605316973415,0.44792899408284026,1
27.22263358778626,891.54125,32.75,0,-0.468239121624011,0,0.44116766467065865,0.43273809523809526,0.42504725897920603,0.42114285714285715,0
34.700114285714285,289.16761904761904,8.333333333333334,0,-0.3909092314712468,0,0.4251063829787234,0.41285714285714287,0.45460921843687374,0.4737704918032787,1
104.84805970149253,146.35041666666666,1.3958333333333333,0,0.34850135981032637,0,0.4771641791044776,0.5011428571428571,0.4222753346080306,0.43333333333333335,1
38.1258,847.24,22.22222222222222,0,-0.3568702530676601,0,0.42815126050420166,0.4191256830601093,0.43936605316973415,0.44792899408284026,1
184.51511627906976,396.7075,2.15,0,-0.07012612078318448,0,0.42815126050420166,0.47056074766355144,0.4222753346080306,0.44782608695652176,1
90.299375,131.34454545454545,1.4545454545454546,1,-1.449429462101779,1,0.42025495750708214,0.41073446327683616,0.45460921843687374,0.43526315789473685,1
33.60213675213675,88.34719101123595,2.6292134831460676,0,1.359713047544149,0,0.4251063829787234,0.41285714285714287,0.4222753346080306,0.41350000000000003,0
33.72232472324723,140.59615384615384,4.1692307692307695,1,1.092006240376098,0,0.419634703196347,0.37540983606557377,0.43936605316973415,0.39441624365482236,0
102.62479452054794,356.74333333333334,3.4761904761904763,0,-0.13044077916118246,0,0.4771641791044776,0.5011428571428571,0.45460921843687374,0.49812500000000004,0
13.512209944751381,78.89387096774193,5.838709677419355,0,-0.8474777255385981,0,0.4251063829787234,0.41850000000000004,0.45460921843687374,0.4737704918032787,0
16.723372093023258,89.888125,5.375,1,-1.3460780050256855,1,0.4251063829787234,0.3842105263157895,0.45460921843687374,0.4737704918032787,0
43.558815789473684,73.566,1.6888888888888889,0,-0.395988656200551,0,0.44116766467065865,0.43273809523809526,0.42504725897920603,0.42114285714285715,0
14.860827586206897,116.47675675675677,7.837837837837838,0,-0.379889592100779,1,0.42815126050420166,0.4191256830601093,0.45460921843687374,0.4381642512077295,1
25.576406926406925,82.05763888888889,3.2083333333333335,0,0.6454250371125592,0,0.44116766467065865,0.43273809523809526,0.42504725897920603,0.42114285714285715,1
33.129999999999995,135.28083333333333,4.083333333333333,0,-0.8468346500040713,1,0.4251063829787234,0.41850000000000004,0.4222753346080306,0.41350000000000003,1
5.449677419354839,18.77111111111111,3.4444444444444446,1,-0.8485711531898805,0,0.4771641791044776,0.44292929292929295,0.43936605316973415,0.47803468208092487,0
123.57064935064936,125.19657894736842,1.013157894736842,1,1.3910846713979592,0,0.4771641791044776,0.4591623036649215,0.45460921843687374,0.49812500000000004,1
21.000253164556963,207.3775,9.875,0,-1.4728438927894754,1,0.44116766467065865,0.47210526315789475,0.45460921843687374,0.4108247422680413,1
114.01730769230768,98.815,0.8666666666666667,0,0.39829156175404157,0,0.42025495750708214,0.4223809523809524,0.42504725897920603,0.4277777777777778,0
174.80136363636365,213.6461111111111,1.2222222222222223,0,-0.862381747483443,0,0.4251063829787234,0.4875,0.45460921843687374,0.4737704918032787,0
27.97462585034014,52.0540506329114,1.860759493670886,0,0.4621811118922001,0,0.44116766467065865,0.47210526315789475,0.42504725897920603,0.42114285714285715,1
9.22887323943662,151.21153846153845,16.384615384615383,1,-1.3119856033114439,0,0.42815126050420166,0.42923076923076925,0.45460921843687374,0.4381642512077295,0
38.1859633027523,134.2667741935484,3.5161290322580645,1,-0.532409811243265,0,0.42025495750708214,0.438860103626943,0.45460921843687374,0.43526315789473685,0
56.1862987012987,141.84737704918032,2.5245901639344264,1,0.9191444647026166,0,0.42815126050420166,0.42923076923076925,0.43936605316973415,0.44792899408284026,0
371.847,137.7211111111111,0.37037037037037035,1,-0.6975149282167181,0,0.4771641791044776,0.49819277108433735,0.42504725897920603,0.485,0
34.736033519553075,182.875,5.264705882352941,0,-0.09239893431700999,0,0.42025495750708214,0.4223809523809524,0.43936605316973415,0.4317919075144509,1
35.468818897637796,109.86682926829268,3.097560975609756,0,1.4237070636918991,0,0.4251063829787234,0.4875,0.42504725897920603,0.42169312169312173,0
49.30978494623656,229.2905,4.65,0,0.5752434486122662,0,0.4251063829787234,0.41285714285714287,0.42504725897920603,0.42169312169312173,0
5.325117056856187,72.37318181818182,13.590909090909092,1,-1.1923408751595557,1,0.419634703196347,0.4452127659574468,0.4222753346080306,0.41345029239766085,0
8.257880434782608,37.05975609756098,4.487804878048781,1,-0.8083707664028796,0,0.419634703196347,0.37540983606557377,0.4222753346080306,0.41345029239766085,0
114.06717948717949,247.14555555555555,2.1666666666666665,1,0.4412347139615488,0,0.4251063829787234,0.3842105263157895,0.45460921843687374,0.4737704918032787,0
88.88403846153847,342.3681481481482,3.8518518518518516,0,0.31666360815919314,0,0.419634703196347,0.48418079096045197,0.4222753346080306,0.41345029239766085,0
24.2275,359.95142857142855,14.857142857142858,0,-0.726931941250329,1,0.4251063829787234,0.41850000000000004,0.43936605316973415,0.3974093264248705,1
27.335425531914897,30.58964285714286,1.119047619047619,1,0.28357637330725116,0,0.42025495750708214,0.438860103626943,0.4222753346080306,0.39365853658536587,0
12.248194444444445,51.87470588235294,4.235294117647059,1,-0.39255009574060346,0,0.419634703196347,0.37540983606557377,0.4222753346080306,0.41345029239766085,0
11.318501742160278,129.9364,11.48,0,-0.8256162898979325,1,0.42025495750708214,0.4223809523809524,0.45460921843687374,0.43526315789473685,1
12.412421524663676,65.90404761904762,5.309523809523809,1,-0.5582979363457131,1,0.42025495750708214,0.438860103626943,0.45460921843687374,0.43526315789473685,1
45.94233532934132,196.7274358974359,4.282051282051282,1,0.2791501018523518,0,0.42025495750708214,0.438860103626943,0.43936605316973415,0.4317919075144509,0
4.93259649122807,37.994324324324324,7.702702702702703,1,-0.9128799699066833,1,0.42815126050420166,0.38846153846153847,0.42504725897920603,0.3806282722513089,1
39.52184738955823,281.1697142857143,7.114285714285714,1,0.5935353419113937,0,0.42025495750708214,0.41073446327683616,0.42504725897920603,0.4277777777777778,0
857.329090909091,294.706875,0.34375,0,0.45548718687199957,0,0.4251063829787234,0.41285714285714287,0.42504725897920603,0.42169312169312173,0
53.57323353293413,745.5608333333333,13.916666666666666,1,-0.05156570331930033,0,0.42025495750708214,0.438860103626943,0.4222753346080306,0.39365853658536587,0
42.73940886699508,188.6108695652174,4.413043478260869,0,0.6097637077059763,0,0.4771641791044776,0.5011428571428571,0.42504725897920603,0.485,1
156.623,47.46151515151515,0.30303030303030304,1,-0.9670791840664787,0,0.4771641791044776,0.44292929292929295,0.42504725897920603,0.485,0
26.929,89.76333333333334,3.3333333333333335,0,0.7472582556019762,0,0.4251063829787234,0.41850000000000004,0.42504725897920603,0.42169312169312173,0
36.851506849315065,149.45333333333332,4.055555555555555,1,-1.0744637737049725,1,0.4771641791044776,0.49819277108433735,0.42504725897920603,0.485,1
26.037222222222223,340.8509090909091,13.090909090909092,1,-1.0264345983932013,0,0.4771641791044776,0.4591623036649215,0.43936605316973415,0.47803468208092487,0
21.998576779026216,71.62951219512195,3.2560975609756095,0,0.8482055708478127,0,0.4251063829787234,0.4875,0.4222753346080306,0.41350000000000003,0
34.380980392156864,22.195316455696204,0.6455696202531646,0,0.02922520067651091,0,0.4251063829787234,0.4875,0.43936605316973415,0.3974093264248705,1
13.39459074733096,91.8019512195122,6.853658536585366,1,-0.39641436587981344,1,0.4771641791044776,0.44292929292929295,0.42504725897920603,0.485,1
3.471023622047244,24.49,7.055555555555555,0,-1.029997502695994,0,0.42815126050420166,0.47056074766355144,0.45460921843687374,0.4381642512077295,0
11.890636363636364,79.27090909090909,6.666666666666667,1,-0.7744089946673584,0,0.4771641791044776,0.44292929292929295,0.43936605316973415,0.47803468208092487,0
17.82869198312236,84.508,4.74,0,-0.12349762130469466,0,0.4251063829787234,0.41850000000000004,0.4222753346080306,0.41350000000000003,0
50.8930890052356,571.7988235294117,11.235294117647058,1,0.19503064607253318,0,0.42815126050420166,0.42923076923076925,0.4222753346080306,0.44782608695652176,0
48.39066225165563,128.19280701754386,2.6491228070175437,1,0.5884991091689262,0,0.4771641791044776,0.49819277108433735,0.45460921843687374,0.49812500000000004,0
71.18333333333334,97.62285714285714,1.3714285714285714,0,-0.5855905790824669,0,0.4771641791044776,0.5011428571428571,0.43936605316973415,0.47803468208092487,0
248.24758620689656,82.74919540229885,0.3333333333333333,1,1.1960661457813564,0,0.4251063829787234,0.3842105263157895,0.43936605316973415,0.3974093264248705,0
22.503279352226723,163.47970588235296,7.264705882352941,0,-0.21343658252209127,0,0.4251063829787234,0.41850000000000004,0.43936605316973415,0.3974093264248705,0
25.529861111111114,490.17333333333335,19.2,1,-0.2814265528059818,0,0.4771641791044776,0.49819277108433735,0.4222753346080306,0.43333333333333335,1
31.5845,161.97179487179486,5.128205128205129,1,0.030358853198127478,0,0.42815126050420166,0.42923076923076925,0.45460921843687374,0.4381642512077295,1
197.26115384615383,104.66918367346939,0.5306122448979592,1,0.021404262863840444,0,0.4251063829787234,0.3842105263157895,0.45460921843687374,0.4737704918032787,0
165.39731707317074,138.39367346938775,0.8367346938775511,0,0.32471421321398136,0,0.42025495750708214,0.41236559139784945,0.43936605316973415,0.4317919075144509,0
55.75842105263158,325.9723076923077,5.846153846153846,0,-0.8949890265483686,0,0.42815126050420166,0.47056074766355144,0.42504725897920603,0.3806282722513089,0
22.135656565656564,75.56655172413794,3.413793103448276,0,1.081370015751523,0,0.4251063829787234,0.4875,0.45460921843687374,0.4737704918032787,1
76.84,342.8246153846154,4.461538461538462,1,-0.8547777442955947,0,0.42025495750708214,0.438860103626943,0.4222753346080306,0.39365853658536587,0
3.4374324324324323,16.958000000000002,4.933333333333334,0,-1.2239128765147085,0,0.4251063829787234,0.41850000000000004,0.4222753346080306,0.41350000000000003,0
17.862246376811594,88.03535714285714,4.928571428571429,1,0.13129632699640076,0,0.42025495750708214,0.438860103626943,0.4222753346080306,0.39365853658536587,1
34.34454183266932,862.048,25.1,1,-0.15327129861028532,0,0.4251063829787234,0.3842105263157895,0.4222753346080306,0.41350000000000003,1
69.32543859649122,75.99134615384615,1.0961538461538463,0,-0.1319380479230103,0,0.44116766467065865,0.45191256830601095,0.45460921843687374,0.4108247422680413,0
82.73078947368421,174.6538888888889,2.111111111111111,0,-0.03776557495146948,0,0.4251063829787234,0.4875,0.43936605316973415,0.3974093264248705,0
9.403615384615385,34.43577464788733,3.6619718309859155,0,-0.011145532091931643,0,0.419634703196347,0.3769230769230769,0.42504725897920603,0.40918918918918923,1
152.6176923076923,496.0075,3.25,0,-1.0490285779595272,0,0.4251063829787234,0.4875,0.42504725897920603,0.42169312169312173,0
17.77574358974359,78.77886363636364,4.431818181818182,0,-0.38830401002430753,1,0.44116766467065865,0.47210526315789475,0.43936605316973415,0.4953757225433526,1
47.774201183431956,91.74818181818182,1.9204545454545454,0,1.3775184263450866,0,0.4771641791044776,0.5011428571428571,0.43936605316973415,0.47803468208092487,0
8.505260416666667,30.811509433962264,3.6226415094339623,0,-0.5365852127196857,0,0.4251063829787234,0.41850000000000004,0.4222753346080306,0.41350000000000003,1
27.616666666666667,71.01428571428572,2.5714285714285716,1,-0.9941507123885539,1,0.4771641791044776,0.4591623036649215,0.4222753346080306,0.43333333333333335,1
8.375,11.28804347826087,1.3478260869565217,1,-0.8873943972946573,0,0.4251063829787234,0.3842105263157895,0.45460921843687374,0.4737704918032787,1
9.241216216216218,39.45288461538462,4.269230769230769,1,-0.48067566103361103,0,0.42025495750708214,0.41073446327683616,0.45460921843687374,0.43526315789473685,0
5.972157676348548,28.7858,4.82,0,-0.6348772798644714,0,0.4251063829787234,0.41850000000000004,0.42504725897920603,0.42169312169312173,0
5.271614173228347,40.57545454545455,7.696969696969697,1,-1.0087882025945067,0,0.42815126050420166,0.42923076923076925,0.43936605316973415,0.44792899408284026,0
16.274065934065934,67.31545454545454,4.136363636363637,1,-1.2127640510599855,1,0.42815126050420166,0.38846153846153847,0.42504725897920603,0.3806282722513089,1
44.25560975609756,75.60333333333334,1.7083333333333333,0,-1.1097204046113287,1,0.4251063829787234,0.4875,0.43936605316973415,0.3974093264248705,1
19.464594594594598,83.09884615384615,4.269230769230769,1,-1.0043732544550203,1,0.42025495750708214,0.438860103626943,0.45460921843687374,0.43526315789473685,1
14.55047619047619,25.46333333333333,1.75,0,-0.10248682527004338,0,0.4251063829787234,0.41285714285714287,0.43936605316973415,0.3974093264248705,1
62.05567567567568,222.1993548387097,3.5806451612903225,0,-0.032079628635729385,0,0.44116766467065865,0.47210526315789475,0.45460921843687374,0.4108247422680413,1
227.68699999999998,683.0609999999999,3.0,1,-0.48179497838832275,0,0.4771641791044776,0.49819277108433735,0.4222753346080306,0.43333333333333335,1
19.863913043478263,247.47125000000003,12.458333333333334,0,-0.3526238947760657,0,0.42815126050420166,0.47056074766355144,0.45460921843687374,0.4381642512077295,0
12.248983050847459,24.08966666666667,1.9666666666666666,0,-1.1846431858173332,0,0.419634703196347,0.48418079096045197,0.42504725897920603,0.40918918918918923,0
29.901287128712873,163.24486486486487,5.45945945945946,0,-0.06227772869086018,0,0.42815126050420166,0.4191256830601093,0.43936605316973415,0.44792899408284026,0
37.98762295081967,100.74978260869565,2.652173913043478,0,-0.13205809467504226,1,0.4771641791044776,0.5011428571428571,0.42504725897920603,0.485,1
60.20510204081633,33.146629213483145,0.550561797752809,0,0.4579785304018254,0,0.42815126050420166,0.47056074766355144,0.45460921843687374,0.4381642512077295,0
202.90225806451613,251.5988,1.24,1,-0.26734977698599616,0,0.4771641791044776,0.44292929292929295,0.4222753346080306,0.43333333333333335,0
125.61791044776119,210.41,1.675,1,0.4366257537841672,0,0.419634703196347,0.37540983606557377,0.45460921843687374,0.4737804878048781,0
8.886322314049586,44.801874999999995,5.041666666666667,0,-0.5461629610914603,0,0.44116766467065865,0.40481283422459896,0.45460921843687374,0.4108247422680413,0
13.025820105820106,273.5422222222222,21.0,1,-1.3045702230790825,0,0.42815126050420166,0.42923076923076925,0.42504725897920603,0.3806282722513089,0
79.221,66.81289156626507,0.8433734939759037,0,0.8088867522401945,0,0.42815126050420166,0.4191256830601093,0.4222753346080306,0.44782608695652176,1
343.7707142857143,740.4292307692308,2.1538461538461537,0,0.09394641302169993,0,0.44116766467065865,0.40481283422459896,0.45460921843687374,0.4108247422680413,0
17.363730158730156,273.47875,15.75,0,-1.3757828732163087,1,0.44116766467065865,0.47210526315789475,0.43936605316973415,0.4953757225433526,1
15.452115384615386,114.78714285714287,7.428571428571429,1,-0.4753252522002598,1,0.4771641791044776,0.44292929292929295,0.43936605316973415,0.47803468208092487,1
78.67642276422765,111.23218390804598,1.4137931034482758,1,1.6508970826446885,0,0.4771641791044776,0.44292929292929295,0.42504725897920603,0.485,1
384.17923076923074,454.03,1.1818181818181819,0,-0.797925195133041,1,0.4251063829787234,0.41850000000000004,0.45460921843687374,0.4737704918032787,1
54.65423312883435,123.7311111111111,2.263888888888889,1,1.1961533111979414,0,0.4251063829787234,0.3842105263157895,0.42504725897920603,0.42169312169312173,0
43.0648275862069,131.46105263157895,3.0526315789473686,0,-1.088866207586399,0,0.4251063829787234,0.41285714285714287,0.45460921843687374,0.4737704918032787,0
30.909036144578312,95.01666666666667,3.074074074074074,1,-0.909147266463447,0,0.419634703196347,0.37540983606557377,0.4222753346080306,0.41345029239766085,0
36.65775510204082,390.48478260869564,10.652173913043478,0,0.18478217294845034,0,0.42025495750708214,0.41236559139784945,0.43936605316973415,0.4317919075144509,0
42.14156756756756,181.3067441860465,4.3023255813953485,0,0.3855241338557363,0,0.4251063829787234,0.4875,0.43936605316973415,0.3974093264248705,0
19.79321167883212,67.79175000000001,3.425,1,0.7237347512651919,0,0.4771641791044776,0.44292929292929295,0.42504725897920603,0.485,0
39.02307142857143,188.38724137931032,4.827586206896552,1,-0.3354473373607236,0,0.4771641791044776,0.49819277108433735,0.42504725897920603,0.485,1
36.02181818181818,112.268,3.1166666666666667,0,0.5464463125701546,0,0.44116766467065865,0.45191256830601095,0.43936605316973415,0.4953757225433526,0
2.781003344481605,11.390684931506849,4.095890410958904,1,-0.2654588241810725,0,0.42815126050420166,0.38846153846153847,0.43936605316973415,0.44792899408284026,1
58.092625,56.67573170731707,0.975609756097561,0,0.6231394926518391,0,0.42025495750708214,0.41236559139784945,0.4222753346080306,0.39365853658536587,0
61.7026119402985,150.32999999999998,2.4363636363636365,0,0.7230926141383193,0,0.44116766467065865,0.45191256830601095,0.45460921843687374,0.4108247422680413,0
30.299402985074625,101.503,3.35,0,1.2187402611588651,0,0.4251063829787234,0.4875,0.4222753346080306,0.41350000000000003,1
28.602028985507246,40.276326530612245,1.4081632653061225,0,-0.5577296075399611,0,0.42815126050420166,0.47056074766355144,0.45460921843687374,0.4381642512077295,0
7.210476190476191,100.94666666666667,14.0,0,-1.116400936253081,1,0.44116766467065865,0.45191256830601095,0.4222753346080306,0.439247311827957,0
7.769473684210527,19.423684210526318,2.5,1,-1.0145200354382875,1,0.419634703196347,0.4452127659574468,0.45460921843687374,0.4737804878048781,1
100.96683544303798,145.02509090909092,1.4363636363636363,0,0.6695393649923824,0,0.419634703196347,0.3769230769230769,0.4222753346080306,0.41345029239766085,1
13.226260869565218,74.1960975609756,5.609756097560975,0,-0.5289052914838956,0,0.4251063829787234,0.4875,0.4222753346080306,0.41350000000000003,0
28.872538860103624,428.6461538461538,14.846153846153847,0,-0.6499990178770501,0,0.42815126050420166,0.47056074766355144,0.4222753346080306,0.44782608695652176,0
22.48024691358025,98.42702702702704,4.378378378378378,0,-0.5024690276480336,1,0.44116766467065865,0.45191256830601095,0.45460921843687374,0.4108247422680413,1
22.950813953488375,72.21109756097562,3.1463414634146343,0,0.8569588849368888,0,0.42815126050420166,0.47056074766355144,0.43936605316973415,0.44792899408284026,0
804.27,215.77975609756095,0.2682926829268293,0,0.5365670413972199,0,0.44116766467065865,0.47210526315789475,0.45460921843687374,0.4108247422680413,0
26.1181,111.14085106382979,4.25531914893617,0,-0.0030137355173489415,0,0.42815126050420166,0.47056074766355144,0.42504725897920603,0.3806282722513089,0
34.95112244897959,171.2605,4.9,0,-0.8977245277615593,0,0.4251063829787234,0.41850000000000004,0.45460921843687374,0.4737704918032787,0
140.1805357142857,461.7711764705882,3.2941176470588234,0,-0.14828685034588018,0,0.42025495750708214,0.41236559139784945,0.42504725897920603,0.4277777777777778,0
22.060454545454544,49.96044117647059,2.264705882352941,0,0.10092276445271875,0,0.44116766467065865,0.43273809523809526,0.4222753346080306,0.439247311827957,0
104.96071428571429,293.89,2.8,1,-0.4475611685305443,0,0.42025495750708214,0.41073446327683616,0.45460921843687374,0.43526315789473685,0
5.989516728624536,94.77529411764706,15.823529411764707,0,-1.2934181959059434,0,0.419634703196347,0.3769230769230769,0.4222753346080306,0.41345029239766085,0
20.20457627118644,39.73566666666667,1.9666666666666666,0,-0.25233535479855485,0,0.419634703196347,0.48418079096045197,0.42504725897920603,0.40918918918918923,0
140.0222222222222,42.961363636363636,0.3068181818181818,0,0.589510915760373,0,0.42025495750708214,0.4223809523809524,0.45460921843687374,0.43526315789473685,0
37.262267441860466,83.2351948051948,2.2337662337662336,0,0.8419334879561022,0,0.42025495750708214,0.41236559139784945,0.45460921843687374,0.43526315789473685,1
10.35710843373494,83.19096774193548,8.03225806451613,1,-0.8230275479373017,0,0.419634703196347,0.4452127659574468,0.43936605316973415,0.39441624365482236,0
162.3218,93.2883908045977,0.5747126436781609,0,1.3643614114851674,0,0.419634703196347,0.48418079096045197,0.42504725897920603,0.40918918918918923,1
74.52411764705883,150.82261904761904,2.0238095238095237,0,0.09633395637429032,0,0.4251063829787234,0.41850000000000004,0.45460921843687374,0.4737704918032787,0
17.820365853658537,52.18821428571429,2.9285714285714284,0,0.6165804136831989,0,0.44116766467065865,0.47210526315789475,0.4222753346080306,0.439247311827957,1
4.9252,13.681111111111111,2.7777777777777777,1,-0.8906123901809243,1,0.4251063829787234,0.3842105263157895,0.45460921843687374,0.4737704918032787,1
562.3005882352942,125.77776315789474,0.2236842105263158,1,1.39919190317222,0,0.42815126050420166,0.38846153846153847,0.45460921843687374,0.4381642512077295,1
44.61478723404255,47.12123595505618,1.0561797752808988,0,0.6862621719440246,0,0.4251063829787234,0.41850000000000004,0.4222753346080306,0.41350000000000003,1
21.728709677419353,102.0590909090909,4.696969696969697,1,-0.6363804828593043,1,0.4771641791044776,0.44292929292929295,0.45460921843687374,0.49812500000000004,1
41.671657754010695,108.23055555555555,2.5972222222222223,0,0.991308508179018,0,0.44116766467065865,0.45191256830601095,0.43936605316973415,0.4953757225433526,0
72.69888888888889,25.491818181818182,0.35064935064935066,0,0.025843422210377276,0,0.42815126050420166,0.47056074766355144,0.42504725897920603,0.3806282722513089,0
10.891475409836065,110.73,10.166666666666666,1,-1.449814479397281,0,0.4251063829787234,0.3842105263157895,0.42504725897920603,0.42169312169312173,0
77.38336538461539,167.66395833333334,2.1666666666666665,1,0.5362782098591685,0,0.4771641791044776,0.49819277108433735,0.42504725897920603,0.485,1
59.28324675324676,134.25911764705884,2.264705882352941,1,-0.39578964495650276,1,0.42815126050420166,0.42923076923076925,0.42504725897920603,0.3806282722513089,1
60.56203539823009,342.1755,5.65,0,-0.27030885255315573,0,0.44116766467065865,0.40481283422459896,0.42504725897920603,0.42114285714285715,0
3.5294300518134714,8.307073170731707,2.3536585365853657,1,-0.10484660379429667,0,0.42025495750708214,0.438860103626943,0.45460921843687374,0.43526315789473685,1
30.487614678899085,949.4714285714286,31.142857142857142,1,-0.5783598766176501,0,0.4771641791044776,0.44292929292929295,0.4222753346080306,0.43333333333333335,0
24.702972972972972,87.04857142857142,3.5238095238095237,0,-0.3952961405166967,1,0.4251063829787234,0.4875,0.4222753346080306,0.41350000000000003,1
8.33007662835249,30.621830985915494,3.676056338028169,0,-0.06084798380467876,0,0.42815126050420166,0.47056074766355144,0.43936605316973415,0.44792899408284026,1
310.4436,158.3895918367347,0.5102040816326531,0,0.5045526939117534,0,0.44116766467065865,0.40481283422459896,0.42504725897920603,0.42114285714285715,1
9.262459893048128,21.92506329113924,2.367088607594937,0,0.0253064911818206,0,0.4251063829787234,0.41285714285714287,0.45460921843687374,0.4737704918032787,1
33.582,129.16153846153847,3.8461538461538463,0,0.9555855925105958,0,0.42815126050420166,0.47056074766355144,0.45460921843687374,0.4381642512077295,1
121.09791666666666,113.23441558441557,0.935064935064935,1,1.2659139942869975,0,0.4251063829787234,0.3842105263157895,0.43936605316973415,0.3974093264248705,1
4.3973818181818185,14.74731707317073,3.3536585365853657,0,-0.00791590196076608,0,0.419634703196347,0.48418079096045197,0.45460921843687374,0.4737804878048781,0
13.368297101449276,83.85568181818182,6.2727272727272725,0,-0.3473034794892307,1,0.4251063829787234,0.41850000000000004,0.45460921843687374,0.4737704918032787,1
5.7283333333333335,32.733333333333334,5.714285714285714,0,-0.8140088734285003,1,0.42815126050420166,0.47056074766355144,0.43936605316973415,0.44792899408284026,1
47.01764285714286,193.60205882352943,4.117647058823529,1,-0.025455996288747673,0,0.4771641791044776,0.4591623036649215,0.43936605316973415,0.47803468208092487,0
36.25813559322034,186.02,5.130434782608695,0,-0.6783782932615976,1,0.4251063829787234,0.4875,0.42504725897920603,0.42169312169312173,0
44.4494358974359,127.46529411764705,2.8676470588235294,0,1.0682713457712412,0,0.44116766467065865,0.40481283422459896,0.43936605316973415,0.4953757225433526,0
57.06717948717949,166.92149999999998,2.925,0,0.11733994983131746,0,0.44116766467065865,0.47210526315789475,0.4222753346080306,0.439247311827957,0
136.8301923076923,273.6603846153846,2.0,1,-0.09497568712987153,0,0.4251063829787234,0.3842105263157895,0.43936605316973415,0.3974093264248705,0
945.073,138.98132352941175,0.14705882352941177,1,1.212004470745336,0,0.419634703196347,0.37540983606557377,0.45460921843687374,0.4737804878048781,0
166.84188679245284,210.53857142857146,1.2619047619047619,1,0.5566804539081349,0,0.4771641791044776,0.44292929292929295,0.45460921843687374,0.49812500000000004,0
167.2578947368421,41.27142857142857,0.24675324675324675,1,0.24885745487236322,0,0.42025495750708214,0.438860103626943,0.42504725897920603,0.4277777777777778,1
62.25771929824562,43.81098765432099,0.7037037037037037,0,0.40056187019676104,0,0.4771641791044776,0.5011428571428571,0.45460921843687374,0.49812500000000004,1
28.84889261744966,1074.62125,37.25,0,-0.19941014390490042,0,0.44116766467065865,0.43273809523809526,0.4222753346080306,0.439247311827957,1
26.401075949367087,67.28016129032258,2.5483870967741935,0,0.11752743944102259,0,0.4251063829787234,0.41850000000000004,0.42504725897920603,0.42169312169312173,1
36.528275862068966,12.176091954022988,0.3333333333333333,0,0.06911871355332833,0,0.42025495750708214,0.4223809523809524,0.45460921843687374,0.43526315789473685,0
24.844065934065934,118.99000000000001,4.7894736842105265,0,0.49221816057245427,0,0.44116766467065865,0.40481283422459896,0.45460921843687374,0.4108247422680413,0
127.01166666666667,207.83727272727273,1.6363636363636365,0,-1.2949900924051885,1,0.44116766467065865,0.40481283422459896,0.4222753346080306,0.439247311827957,1
17.53219123505976,51.16953488372093,2.9186046511627906,0,0.661482158181832,0,0.4251063829787234,0.41285714285714287,0.43936605316973415,0.3974093264248705,0
19.246392857142855,134.72475,7.0,0,-0.11904358164065593,0,0.419634703196347,0.48418079096045197,0.45460921843687374,0.4737804878048781,1
47.60138888888889,27.63951612903226,0.5806451612903226,0,-0.33357751134539093,0,0.419634703196347,0.48418079096045197,0.42504725897920603,0.40918918918918923,1
70.00047058823529,165.2788888888889,2.361111111111111,1,-0.09971238780664199,0,0.4771641791044776,0.44292929292929295,0.45460921843687374,0.49812500000000004,1
35.545266272189345,193.77903225806452,5.451612903225806,0,-0.19378925983511508,0,0.4251063829787234,0.41285714285714287,0.45460921843687374,0.4737704918032787,1
64.7014705882353,140.4159574468085,2.1702127659574466,1,0.24953286659173998,0,0.42815126050420166,0.42923076923076925,0.4222753346080306,0.44782608695652176,0
24.256830601092897,177.56,7.32,1,-0.6070881242172218,0,0.419634703196347,0.4452127659574468,0.42504725897920603,0.40918918918918923,0
59.92790697674419,322.1125,5.375,1,-1.3043705873568658,0,0.4771641791044776,0.44292929292929295,0.45460921843687374,0.49812500000000004,0
28.439950495049505,108.39377358490566,3.811320754716981,1,0.2181307040408168,0,0.4771641791044776,0.4591623036649215,0.45460921843687374,0.49812500000000004,1
19.76289256198347,140.66529411764705,7.117647058823529,0,-1.1502283674238525,1,0.44116766467065865,0.40481283422459896,0.43936605316973415,0.4953757225433526,1
68.63109090909091,193.5748717948718,2.8205128205128207,1,0.25658310736185264,0,0.42815126050420166,0.38846153846153847,0.45460921843687374,0.4381642512077295,1
2.69095406360424,10.432054794520548,3.8767123287671232,0,-0.2783033811102723,0,0.44116766467065865,0.45191256830601095,0.45460921843687374,0.4108247422680413,1
90.9636,81.2175,0.8928571428571429,1,0.06121842137238649,0,0.4251063829787234,0.3842105263157895,0.45460921843687374,0.4737704918032787,0
42.22965853658537,346.2832,8.2,0,0.16712406057728496,0,0.44116766467065865,0.40481283422459896,0.42504725897920603,0.42114285714285715,0
17.433670886075948,39.92057971014493,2.289855072463768,1,0.0038529971139850128,0,0.419634703196347,0.4452127659574468,0.42504725897920603,0.40918918918918923,1
145.5049090909091,129.07693548387098,0.8870967741935484,0,0.8207660135841574,0,0.44116766467065865,0.47210526315789475,0.43936605316973415,0.4953757225433526,0
26.343170731707318,82.0306329113924,3.1139240506329116,1,0.8968458374121312,0,0.4251063829787234,0.3842105263157895,0.4222753346080306,0.41350000000000003,0
42.59301310043668,443.3545454545454,10.409090909090908,1,0.3056872384127327,0,0.42815126050420166,0.42923076923076925,0.42504725897920603,0.3806282722513089,0
141.44672413793103,745.81,5.2727272727272725,0,-0.2088192644553979,0,0.4251063829787234,0.41285714285714287,0.42504725897920603,0.42169312169312173,1
59.10126582278481,172.92592592592592,2.925925925925926,0,0.8985475841375863,0,0.42025495750708214,0.4223809523809524,0.43936605316973415,0.4317919075144509,1
13.096031746031747,154.696875,11.8125,1,-1.1557516994788926,0,0.42815126050420166,0.42923076923076925,0.4222753346080306,0.44782608695652176,0
81.50223684210526,326.00894736842105,4.0,0,-0.41040452312421183,0,0.4251063829787234,0.4875,0.43936605316973415,0.3974093264248705,0
11.176,106.35225806451614,9.516129032258064,1,-0.6912414394039275,0,0.42815126050420166,0.42923076923076925,0.4222753346080306,0.44782608695652176,0
66.39948717948718,32.779493670886076,0.4936708860759494,0,0.18269728236199967,0,0.44116766467065865,0.43273809523809526,0.45460921843687374,0.4108247422680413,1
13.957969348659004,75.89645833333334,5.4375,0,-0.2722130468429886,0,0.42815126050420166,0.47056074766355144,0.43936605316973415,0.44792899408284026,1
39.204,145.4341935483871,3.7096774193548385,0,-0.468867982673392,1,0.4251063829787234,0.41850000000000004,0.45460921843687374,0.4737704918032787,1
73.42508771929823,465.0255555555555,6.333333333333333,1,-0.9882560306821596,0,0.4771641791044776,0.49819277108433735,0.4222753346080306,0.43333333333333335,0
65.75207207207207,608.2066666666666,9.25,1,-0.35409558269274655,0,0.4771641791044776,0.49819277108433735,0.42504725897920603,0.485,0
29.14317391304348,558.5775,19.166666666666668,1,-0.4634064697917034,0,0.4771641791044776,0.44292929292929295,0.45460921843687374,0.49812500000000004,1
5.789872881355932,25.303888888888892,4.37037037037037,1,-0.5646067681236422,0,0.42815126050420166,0.42923076923076925,0.43936605316973415,0.44792899408284026,0
35.94130177514793,132.04521739130433,3.6739130434782608,0,0.13217305293437343,0,0.42815126050420166,0.47056074766355144,0.45460921843687374,0.4381642512077295,1
10.625034482758622,110.045,10.357142857142858,0,-0.7935605082495796,1,0.4771641791044776,0.5011428571428571,0.42504725897920603,0.485,1
30.145551020408163,84.89264367816092,2.8160919540229883,1,1.230293824777601,0,0.42025495750708214,0.41073446327683616,0.4222753346080306,0.39365853658536587,1
5.506254826254826,21.285373134328356,3.8656716417910446,0,-0.2817933344816256,0,0.44116766467065865,0.47210526315789475,0.43936605316973415,0.4953757225433526,1
28.096635514018693,136.6518181818182,4.863636363636363,0,-0.932782811565822,1,0.4251063829787234,0.41850000000000004,0.43936605316973415,0.3974093264248705,1
32.909285714285716,100.7846875,3.0625,0,-0.6835100476195606,0,0.42815126050420166,0.47056074766355144,0.42504725897920603,0.3806282722513089,0
19.281304347826087,49.27444444444445,2.5555555555555554,0,-0.8662303195792559,0,0.42025495750708214,0.41236559139784945,0.42504725897920603,0.4277777777777778,0
5.458394648829431,18.977441860465117,3.4767441860465116,0,0.1533310757350107,0,0.419634703196347,0.48418079096045197,0.43936605316973415,0.39441624365482236,0
49.40410596026491,100.81108108108108,2.0405405405405403,0,0.9720884183933416,0,0.44116766467065865,0.45191256830601095,0.42504725897920603,0.42114285714285715,0
22.302524271844657,183.7728,8.24,0,-0.578579742075991,0,0.44116766467065865,0.40481283422459896,0.42504725897920603,0.42114285714285715,0
32.611978021978025,40.653287671232874,1.2465753424657535,1,0.12662687423917612,0,0.42025495750708214,0.438860103626943,0.45460921843687374,0.43526315789473685,0
5.948324022346369,12.099431818181818,2.034090909090909,0,0.09102720704120193,0,0.42025495750708214,0.4223809523809524,0.4222753346080306,0.39365853658536587,1
142.33205128205128,82.85,0.582089552238806,1,0.47530317535363725,0,0.4251063829787234,0.3842105263157895,0.43936605316973415,0.3974093264248705,0
235.86964285714288,300.19772727272726,1.2727272727272727,1,-0.27238206454052055,0,0.42815126050420166,0.42923076923076925,0.42504725897920603,0.3806282722513089,0
23.815481171548115,167.40882352941176,7.029411764705882,1,-0.1889166573981729,0,0.419634703196347,0.4452127659574468,0.42504725897920603,0.40918918918918923,0
51.89596153846154,43.52564516129033,0.8387096774193549,1,-0.15279560363109873,0,0.4771641791044776,0.44292929292929295,0.43936605316973415,0.47803468208092487,0
38.94691860465116,101.4980303030303,2.606060606060606,1,0.6650875903295066,0,0.42815126050420166,0.38846153846153847,0.43936605316973415,0.44792899408284026,0
78.25970297029703,105.38973333333333,1.3466666666666667,1,1.074533274976304,0,0.42815126050420166,0.42923076923076925,0.45460921843687374,0.4381642512077295,1
167.11877551020407,190.43767441860464,1.1395348837209303,0,0.4575898438744812,0,0.42815126050420166,0.47056074766355144,0.4222753346080306,0.44782608695652176,0
29.71808035714286,475.48928571428576,16.0,1,-0.43004059844254466,0,0.419634703196347,0.4452127659574468,0.43936605316973415,0.39441624365482236,0
88.89744680851065,144.07517241379313,1.6206896551724137,0,-0.5713132687963958,1,0.419634703196347,0.48418079096045197,0.4222753346080306,0.41345029239766085,1
177.259,393.9088888888889,2.2222222222222223,1,-1.1057347197723912,1,0.42815126050420166,0.42923076923076925,0.43936605316973415,0.44792899408284026,1
38.614399999999996,413.7257142857143,10.714285714285714,1,-0.5887510861691791,0,0.419634703196347,0.37540983606557377,0.42504725897920603,0.40918918918918923,1
43.83211055276382,145.3765,3.316666666666667,0,0.9110624998440175,0,0.4251063829787234,0.41285714285714287,0.4222753346080306,0.41350000000000003,1
24.19289962825279,241.03296296296298,9.962962962962964,1,-0.18552773202568018,0,0.4251063829787234,0.3842105263157895,0.43936605316973415,0.3974093264248705,0
7.6454615384615385,32.06161290322581,4.193548387096774,0,-1.1139499711775298,1,0.42025495750708214,0.41236559139784945,0.43936605316973415,0.4317919075144509,1
27.667443609022556,114.9928125,4.15625,0,0.7445273240548974,0,0.4251063829787234,0.41850000000000004,0.43936605316973415,0.3974093264248705,1
12.434044943820224,92.21916666666667,7.416666666666667,1,-0.5824661947134033,1,0.42025495750708214,0.41073446327683616,0.45460921843687374,0.43526315789473685,1
43.30057851239669,72.76902777777778,1.6805555555555556,1,0.522673068219871,0,0.4771641791044776,0.44292929292929295,0.45460921843687374,0.49812500000000004,0
35.98441558441558,124.06567164179104,3.4477611940298507,0,0.9821565867874628,0,0.44116766467065865,0.45191256830601095,0.4222753346080306,0.439247311827957,1
42.60597826086956,104.52666666666667,2.453333333333333,0,1.0626523351359625,0,0.44116766467065865,0.40481283422459896,0.45460921843687374,0.4108247422680413,0
34.5553125,62.59075471698113,1.8113207547169812,0,-0.22743849600274635,0,0.44116766467065865,0.45191256830601095,0.45460921843687374,0.4108247422680413,1
54.41682926829269,120.59945945945947,2.2162162162162162,0,-0.3518914681513627,0,0.44116766467065865,0.47210526315789475,0.45460921843687374,0.4108247422680413,0
54.79050955414013,103.63987951807229,1.891566265060241,0,1.369921140523556,0,0.44116766467065865,0.43273809523809526,0.42504725897920603,0.42114285714285715,0
51.80226666666667,105.0045945945946,2.027027027027027,1,1.0290464479199106,0,0.4771641791044776,0.44292929292929295,0.42504725897920603,0.485,1
85.7461224489796,72.44068965517242,0.8448275862068966,0,0.03942134417193474,0,0.42815126050420166,0.47056074766355144,0.42504725897920603,0.3806282722513089,1
341.9036363636364,300.8752,0.88,0,-0.041237485950690767,0,0.42815126050420166,0.4191256830601093,0.42504725897920603,0.3806282722513089,0
29.663957597173145,220.91842105263157,7.447368421052632,0,0.39085583617500075,0,0.44116766467065865,0.40481283422459896,0.45460921843687374,0.4108247422680413,0
36.09930693069307,61.7971186440678,1.7118644067796611,0,-0.04163218941941424,0,0.44116766467065865,0.40481283422459896,0.43936605316973415,0.4953757225433526,0
32.348313253012044,191.7792857142857,5.928571428571429,1,-1.159074743189134,0,0.419634703196347,0.37540983606557377,0.43936605316973415,0.39441624365482236,0
37.14973568281938,383.31772727272727,10.318181818181818,1,0.0632576980060946,0,0.42815126050420166,0.38846153846153847,0.45460921843687374,0.4381642512077295,0
49.61136612021858,113.48599999999999,2.2875,0,1.3946949061232579,0,0.42025495750708214,0.4223809523809524,0.42504725897920603,0.4277777777777778,0
55.15658536585366,77.09386363636364,1.3977272727272727,0,1.1408210310213136,0,0.419634703196347,0.48418079096045197,0.4222753346080306,0.41345029239766085,1
73.89914285714285,517.294,7.0,0,-0.7860538621383488,0,0.4251063829787234,0.41850000000000004,0.4222753346080306,0.41350000000000003,0
11.783790322580646,49.53186440677966,4.203389830508475,1,-0.1744553334865123,0,0.4771641791044776,0.4591623036649215,0.43936605316973415,0.47803468208092487,0
18.23005347593583,43.152151898734175,2.367088607594937,0,0.3331023085132369,0,0.44116766467065865,0.40481283422459896,0.42504725897920603,0.42114285714285715,0
45.92848484848485,126.30333333333334,2.75,1,-0.8863814953308133,1,0.4251063829787234,0.3842105263157895,0.45460921843687374,0.4737704918032787,1
41.31761363636363,250.7551724137931,6.068965517241379,0,-0.00347299067401291,0,0.42815126050420166,0.47056074766355144,0.43936605316973415,0.44792899408284026,1
78.43392,118.1233734939759,1.5060240963855422,1,1.590567428338633,0,0.4771641791044776,0.4591623036649215,0.45460921843687374,0.49812500000000004,0
75.85734042553192,165.82767441860466,2.186046511627907,0,0.2633558415997281,0,0.42815126050420166,0.4191256830601093,0.45460921843687374,0.4381642512077295,1
174.97555555555556,590.5425,3.375,0,0.12421262007645872,0,0.42815126050420166,0.4191256830601093,0.45460921843687374,0.4381642512077295,0
73.98044943820224,506.4815384615385,6.846153846153846,1,-0.4642760488233171,0,0.4771641791044776,0.4591623036649215,0.4222753346080306,0.43333333333333335,0
40.466829268292685,172.82708333333335,4.270833333333333,0,0.5817664428366425,0,0.42815126050420166,0.47056074766355144,0.43936605316973415,0.44792899408284026,0
14.530903614457833,28.715833333333336,1.9761904761904763,0,0.2546862152527203,0,0.4251063829787234,0.41285714285714287,0.4222753346080306,0.41350000000000003,0
44.45969696969697,66.68954545454545,1.5,1,-1.2152914810244764,1,0.42815126050420166,0.42923076923076925,0.42504725897920603,0.3806282722513089,1
39.67331658291457,89.71579545454546,2.2613636363636362,0,1.344691204184649,0,0.419634703196347,0.48418079096045197,0.4222753346080306,0.41345029239766085,0
106.3878947368421,89.17808823529411,0.8382352941176471,1,0.5904035363702713,0,0.4251063829787234,0.3842105263157895,0.42504725897920603,0.42169312169312173,1
41.111785714285716,45.142352941176476,1.0980392156862746,1,-0.45557065335193225,0,0.4771641791044776,0.4591623036649215,0.42504725897920603,0.485,1
30.61672,225.1229411764706,7.352941176470588,0,0.17125220757796916,0,0.42025495750708214,0.4223809523809524,0.4222753346080306,0.39365853658536587,0
89.16757575757576,420.3614285714286,4.714285714285714,1,0.11477315576697578,0,0.4771641791044776,0.4591623036649215,0.4222753346080306,0.43333333333333335,1
11.901518987341772,21.865581395348837,1.8372093023255813,0,0.19892025907417443,0,0.4771641791044776,0.5011428571428571,0.4222753346080306,0.43333333333333335,1
41.306121495327105,119.45283783783785,2.891891891891892,1,1.2252884446617323,0,0.42025495750708214,0.41073446327683616,0.42504725897920603,0.4277777777777778,1
40.85238888888889,565.6484615384616,13.846153846153847,0,-0.3230978857305377,0,0.44116766467065865,0.47210526315789475,0.42504725897920603,0.42114285714285715,0
6.0633513513513515,140.215,23.125,0,-1.5714632188549098,0,0.42815126050420166,0.47056074766355144,0.45460921843687374,0.4381642512077295,0
16.430743243243242,85.32456140350877,5.192982456140351,1,0.14000601955859887,0,0.4771641791044776,0.44292929292929295,0.4222753346080306,0.43333333333333335,1
2.112350597609562,15.594117647058825,7.382352941176471,0,-1.136326624552377,0,0.42815126050420166,0.47056074766355144,0.43936605316973415,0.44792899408284026,0
197.01977777777776,121.45054794520547,0.6164383561643836,1,1.209218553001779,0,0.419634703196347,0.4452127659574468,0.43936605316973415,0.39441624365482236,1
51.43402684563758,125.63393442622952,2.442622950819672,1,0.7376136888506974,0,0.419634703196347,0.37540983606557377,0.43936605316973415,0.39441624365482236,0
2.969563106796117,18.53727272727273,6.242424242424242,0,-1.1422739481265147,1,0.42025495750708214,0.4223809523809524,0.42504725897920603,0.4277777777777778,1
33.451285140562256,193.70627906976745,5.790697674418604,1,0.4833872499390577,0,0.42025495750708214,0.41073446327683616,0.45460921843687374,0.43526315789473685,0
13.184260563380281,78.006875,5.916666666666667,1,-0.2536198256808287,0,0.42815126050420166,0.42923076923076925,0.43936605316973415,0.44792899408284026,1
38.383674698795176,910.2414285714285,23.714285714285715,1,-0.6287634744788617,0,0.42025495750708214,0.438860103626943,0.45460921843687374,0.43526315789473685,1
185.28710526315788,1005.8442857142857,5.428571428571429,0,-0.5059307452968216,0,0.4251063829787234,0.41850000000000004,0.4222753346080306,0.41350000000000003,1
23.398433734939758,46.239761904761906,1.9761904761904763,0,0.5248679278184758,0,0.44116766467065865,0.43273809523809526,0.42504725897920603,0.42114285714285715,0
35.94231404958678,99.97747126436782,2.781609195402299,1,1.4711760714587012,0,0.4771641791044776,0.4591623036649215,0.42504725897920603,0.485,0
57.372749999999996,131.13771428571428,2.2857142857142856,0,1.2040706313965912,0,0.419634703196347,0.3769230769230769,0.4222753346080306,0.41345029239766085,1
26.478173076923078,250.3390909090909,9.454545454545455,1,-0.47371195951151374,0,0.42815126050420166,0.38846153846153847,0.42504725897920603,0.3806282722513089,0
40.112258064516126,90.98634146341463,2.268292682926829,1,-0.40255214787056004,0,0.419634703196347,0.4452127659574468,0.45460921843687374,0.4737804878048781,0
22.439371727748693,56.39368421052632,2.513157894736842,0,0.43131837997290995,0,0.4251063829787234,0.4875,0.42504725897920603,0.42169312169312173,1
12.430625000000001,32.37744186046512,2.604651162790698,1,0.36484961539219823,0,0.42025495750708214,0.41073446327683616,0.43936605316973415,0.4317919075144509,0
27.73036036036036,45.26573529411765,1.6323529411764706,1,0.042327503605651295,0,0.419634703196347,0.4452127659574468,0.42504725897920603,0.40918918918918923,0
45.339569892473115,47.91568181818182,1.0568181818181819,0,0.6695333497414044,0,0.4251063829787234,0.4875,0.45460921843687374,0.4737704918032787,1
20.75641304347826,65.84793103448277,3.1724137931034484,1,0.9261781069950625,0,0.4251063829787234,0.3842105263157895,0.42504725897920603,0.42169312169312173,0
60.526394557823124,386.84260869565213,6.391304347826087,0,0.16940651513251603,0,0.44116766467065865,0.47210526315789475,0.43936605316973415,0.4953757225433526,1
11.438322147651006,113.62066666666666,9.933333333333334,0,-0.6916511767740932,1,0.4251063829787234,0.41285714285714287,0.42504725897920603,0.42169312169312173,1
4.688138528138528,83.30461538461539,17.76923076923077,0,-1.4740182756682372,1,0.42025495750708214,0.4223809523809524,0.4222753346080306,0.39365853658536587,1
47.64237037037037,321.586,6.75,1,-0.34589130608095275,0,0.4771641791044776,0.49819277108433735,0.42504725897920603,0.485,1
5.054660194174757,5.984252873563219,1.1839080459770115,0,-0.02975574160801353,0,0.42025495750708214,0.41236559139784945,0.43936605316973415,0.4317919075144509,0
6.536777777777777,20.642456140350877,3.1578947368421053,0,-0.5367064704546705,0,0.44116766467065865,0.43273809523809526,0.45460921843687374,0.4108247422680413,0
17.91130281690141,69.6823287671233,3.8904109589041096,1,0.5155831114470374,0,0.42815126050420166,0.42923076923076925,0.42504725897920603,0.3806282722513089,1
7.434014869888476,38.45673076923077,5.173076923076923,0,-0.49018334964367904,0,0.4771641791044776,0.5011428571428571,0.4222753346080306,0.43333333333333335,0
32.522851851851854,878.117,27.0,1,-0.12377727384673665,0,0.4771641791044776,0.49819277108433735,0.42504725897920603,0.485,1
3.333385826771653,13.879999999999999,4.163934426229508,0,-0.5136183223065838,0,0.419634703196347,0.48418079096045197,0.45460921843687374,0.4737804878048781,0
48.687943262411345,137.3,2.82,1,0.3609906963620116,0,0.42815126050420166,0.38846153846153847,0.45460921843687374,0.4381642512077295,1
2.9952364864864864,25.331142857142858,8.457142857142857,0,-1.0500007875396107,1,0.4251063829787234,0.41850000000000004,0.45460921843687374,0.4737704918032787,1
11.809525547445256,179.76722222222222,15.222222222222221,0,-0.9743118376029729,1,0.4251063829787234,0.4875,0.43936605316973415,0.3974093264248705,1
56.56410256410256,45.02040816326531,0.7959183673469388,0,-0.5150624783064399,0,0.42025495750708214,0.4223809523809524,0.4222753346080306,0.39365853658536587,0
95.0821,306.7164516129032,3.225806451612903,0,0.44881669161593746,0,0.419634703196347,0.48418079096045197,0.42504725897920603,0.40918918918918923,1
43.01315789473684,209.55128205128204,4.871794871794871,1,0.37094701892867,0,0.4771641791044776,0.49819277108433735,0.4222753346080306,0.43333333333333335,1
23.382450592885377,173.9929411764706,7.4411764705882355,0,-0.1478280247292575,0,0.4771641791044776,0.5011428571428571,0.45460921843687374,0.49812500000000004,0
36.161808510638295,194.24057142857143,5.371428571428571,1,0.035092624731780375,0,0.4771641791044776,0.44292929292929295,0.42504725897920603,0.485,0
28.674292452830187,173.68428571428572,6.057142857142857,1,-0.09696329658647437,0,0.4771641791044776,0.4591623036649215,0.43936605316973415,0.47803468208092487,0
19.98833333333333,53.30222222222222,2.6666666666666665,0,0.5416702857669182,0,0.42815126050420166,0.4191256830601093,0.4222753346080306,0.44782608695652176,0
55.64553398058252,110.22096153846154,1.9807692307692308,1,0.19476301896124368,0,0.42025495750708214,0.438860103626943,0.4222753346080306,0.39365853658536587,0
14.223796296296298,33.395,2.347826086956522,0,-0.7007426849133772,0,0.419634703196347,0.3769230769230769,0.43936605316973415,0.39441624365482236,0
94.0638144329897,829.4718181818182,8.818181818181818,0,-0.039905448353595885,0,0.44116766467065865,0.45191256830601095,0.43936605316973415,0.4953757225433526,1
40.559324894514766,356.02074074074073,8.777777777777779,1,0.3843223760248927,0,0.4771641791044776,0.49819277108433735,0.45460921843687374,0.49812500000000004,1
43.773594771241825,80.6910843373494,1.8433734939759037,0,1.0203116833801786,0,0.44116766467065865,0.47210526315789475,0.43936605316973415,0.4953757225433526,1
32.420036101083035,427.6357142857143,13.19047619047619,0,0.14281165986106803,0,0.44116766467065865,0.43273809523809526,0.4222753346080306,0.439247311827957,0
35.808,64.27076923076923,1.794871794871795,1,-0.6690142398228444,1,0.419634703196347,0.4452127659574468,0.42504725897920603,0.40918918918918923,1
11.779591836734696,19.903448275862072,1.6896551724137931,0,-1.2322591477748228,1,0.42815126050420166,0.47056074766355144,0.45460921843687374,0.4381642512077295,1
272.26685714285713,128.77486486486487,0.47297297297297297,0,1.3519040592154616,0,0.44116766467065865,0.45191256830601095,0.42504725897920603,0.42114285714285715,1
34.878722466960355,108.45849315068493,3.1095890410958904,0,1.035139749303697,0,0.44116766467065865,0.40481283422459896,0.4222753346080306,0.439247311827957,0
7.733930348258706,25.072903225806453,3.2419354838709675,1,-0.36278520417396454,0,0.42815126050420166,0.38846153846153847,0.42504725897920603,0.3806282722513089,1
29.045150214592276,322.2628571428572,11.095238095238095,1,-0.2633446835176323,0,0.42025495750708214,0.438860103626943,0.42504725897920603,0.4277777777777778,1
24.60044776119403,85.25327586206896,3.4655172413793105,0,0.1758199665039771,0,0.419634703196347,0.3769230769230769,0.45460921843687374,0.4737804878048781,0
18.872441860465116,55.96655172413793,2.9655172413793105,1,-0.13595696600026483,0,0.4771641791044776,0.49819277108433735,0.4222753346080306,0.43333333333333335,1
36.51619718309859,30.864880952380954,0.8452380952380952,0,0.2878199594204707,0,0.419634703196347,0.48418079096045197,0.4222753346080306,0.41345029239766085,1
70.777,32.17136363636364,0.45454545454545453,1,-1.3546763986014188,1,0.42815126050420166,0.42923076923076925,0.4222753346080306,0.44782608695652176,0
162.51870370370372,105.73506024096386,0.6506024096385542,1,1.401839809428784,0,0.4771641791044776,0.4591623036649215,0.43936605316973415,0.47803468208092487,1
48.56385869565217,159.56696428571428,3.2857142857142856,0,0.8665398367174804,0,0.42025495750708214,0.41236559139784945,0.43936605316973415,0.4317919075144509,0
51.80008333333333,79.6924358974359,1.5384615384615385,0,0.8274025717961613,0,0.44116766467065865,0.45191256830601095,0.45460921843687374,0.4108247422680413,1
19.507899159663864,52.76,2.7045454545454546,1,-0.5984331056124176,0,0.419634703196347,0.37540983606557377,0.4222753346080306,0.41345029239766085,0
22.01142857142857,37.58048780487805,1.7073170731707317,1,0.3357411547651497,0,0.4771641791044776,0.44292929292929295,0.4222753346080306,0.43333333333333335,1
55.93324786324786,100.67984615384614,1.8,0,0.6157848396012345,0,0.4251063829787234,0.41850000000000004,0.4222753346080306,0.41350000000000003,1
23.056028708133972,240.9355,10.45,0,-0.6419530204617581,1,0.44116766467065865,0.47210526315789475,0.43936605316973415,0.4953757225433526,0
49.77412213740458,82.53683544303797,1.6582278481012658,1,0.9041858464375485,0,0.42025495750708214,0.438860103626943,0.4222753346080306,0.39365853658536587,1
208.61552631578948,203.26641025641027,0.9743589743589743,0,0.325958031376281,0,0.44116766467065865,0.40481283422459896,0.42504725897920603,0.42114285714285715,0
98.56317073170732,1010.2725,10.25,0,-0.293897846985535,0,0.4251063829787234,0.41850000000000004,0.4222753346080306,0.41350000000000003,0
51.19482014388489,790.6755555555555,15.444444444444445,1,-0.45030990784784153,0,0.4771641791044776,0.4591623036649215,0.45460921843687374,0.49812500000000004,1
28.707448275862067,277.50533333333334,9.666666666666666,1,0.21076062552211372,0,0.42815126050420166,0.42923076923076925,0.43936605316973415,0.44792899408284026,1
264.01162162162166,976.8430000000001,3.7,0,0.05743046084777481,0,0.44116766467065865,0.45191256830601095,0.43936605316973415,0.4953757225433526,0
31.073006535947712,54.02465909090909,1.7386363636363635,0,0.7682059041793665,0,0.44116766467065865,0.40481283422459896,0.43936605316973415,0.4953757225433526,1
13.821223776223777,188.23190476190476,13.619047619047619,1,-0.7799627481185547,0,0.419634703196347,0.4452127659574468,0.42504725897920603,0.40918918918918923,0
146.33953125,120.07346153846153,0.8205128205128205,0,1.4055214321996987,0,0.42025495750708214,0.4223809523809524,0.42504725897920603,0.4277777777777778,1
43.75943661971831,67.54173913043478,1.5434782608695652,1,-0.41243762923260036,0,0.4771641791044776,0.4591623036649215,0.4222753346080306,0.43333333333333335,0
26.490153846153845,95.65888888888888,3.611111111111111,1,0.13271611482446372,0,0.42815126050420166,0.38846153846153847,0.4222753346080306,0.44782608695652176,0
86.54728070175437,186.15830188679243,2.150943396226415,0,0.9746196762448184,0,0.42815126050420166,0.4191256830601093,0.45460921843687374,0.4381642512077295,0
40.685112781954885,122.98,3.022727272727273,0,-0.03133435378317498,0,0.42025495750708214,0.4223809523809524,0.4222753346080306,0.39365853658536587,0
79.01191919191919,434.5655555555556,5.5,0,-0.13250145515978012,0,0.4251063829787234,0.41850000000000004,0.45460921843687374,0.4737704918032787,0
10.023696682464456,33.046875,3.296875,1,-0.21808760303092894,0,0.42815126050420166,0.42923076923076925,0.45460921843687374,0.4381642512077295,0
45.39078125,103.75035714285715,2.2857142857142856,0,1.4115590056078813,0,0.44116766467065865,0.47210526315789475,0.45460921843687374,0.4108247422680413,1
44.23025316455696,94.43756756756757,2.135135135135135,1,0.8855207300525605,0,0.42025495750708214,0.438860103626943,0.42504725897920603,0.4277777777777778,0
62.77130081300813,122.55349206349206,1.9523809523809523,0,0.7899362026640997,0,0.42025495750708214,0.4223809523809524,0.4222753346080306,0.39365853658536587,0
15.770036900369005,48.56454545454546,3.0795454545454546,0,0.6800138327459389,0,0.44116766467065865,0.47210526315789475,0.4222753346080306,0.439247311827957,1
85.56831460674157,692.3254545454546,8.090909090909092,1,-0.3168049486245346,0,0.42815126050420166,0.42923076923076925,0.45460921843687374,0.4381642512077295,1
44.320517241379314,82.92225806451613,1.8709677419354838,1,-0.8245564870516235,0,0.419634703196347,0.37540983606557377,0.43936605316973415,0.39441624365482236,0
356.434,209.66705882352943,0.5882352941176471,0,0.07479872563606349,0,0.4251063829787234,0.41285714285714287,0.4222753346080306,0.41350000000000003,1
68.8446875,110.1515,1.6,1,0.5231377917865151,0,0.4771641791044776,0.4591623036649215,0.45460921843687374,0.49812500000000004,0
45.63183574879228,108.57229885057473,2.3793103448275863,1,1.6084226768289391,0,0.42025495750708214,0.438860103626943,0.4222753346080306,0.39365853658536587,0
12.350984848484847,45.92478873239436,3.7183098591549295,0,0.13857670252205745,0,0.419634703196347,0.3769230769230769,0.43936605316973415,0.39441624365482236,1
23.46985815602837,43.54276315789474,1.855263157894737,0,0.2520543986062097,0,0.42025495750708214,0.41236559139784945,0.42504725897920603,0.4277777777777778,0
30.086573426573427,1229.2514285714285,40.857142857142854,0,-0.21889215778997262,0,0.4251063829787234,0.4875,0.43936605316973415,0.3974093264248705,0
37.29881773399015,140.21592592592592,3.759259259259259,0,0.5743427443787554,0,0.44116766467065865,0.40481283422459896,0.42504725897920603,0.42114285714285715,0
59.606171875,99.08558441558442,1.6623376623376624,0,1.065947846929379,0,0.44116766467065865,0.43273809523809526,0.4222753346080306,0.439247311827957,1
57.25678571428572,21.094605263157895,0.3684210526315789,1,-0.06108628151140694,0,0.419634703196347,0.4452127659574468,0.43936605316973415,0.39441624365482236,0
24.58293233082707,148.615,6.045454545454546,0,-0.8844753103055172,0,0.4771641791044776,0.5011428571428571,0.4222753346080306,0.43333333333333335,0
11.139421487603306,31.34581395348837,2.813953488372093,1,0.34856540432105476,0,0.42025495750708214,0.438860103626943,0.43936605316973415,0.4317919075144509,1
14.129845360824742,31.149886363636366,2.2045454545454546,0,0.3987312513165364,0,0.4771641791044776,0.5011428571428571,0.42504725897920603,0.485,0
17.0665,126.77971428571429,7.428571428571429,1,-0.3982836070807632,0,0.4771641791044776,0.4591623036649215,0.43936605316973415,0.47803468208092487,0
262.024,79.88536585365854,0.3048780487804878,0,0.9724626178602414,0,0.42815126050420166,0.4191256830601093,0.45460921843687374,0.4381642512077295,0
74.19093023255813,319.02099999999996,4.3,1,0.4393618018383556,0,0.419634703196347,0.37540983606557377,0.4222753346080306,0.41345029239766085,1
79.30782608695652,325.7285714285714,4.107142857142857,1,0.3149001595613432,0,0.4771641791044776,0.49819277108433735,0.4222753346080306,0.43333333333333335,0
11.04612,54.14764705882353,4.901960784313726,0,-0.37127343041861355,0,0.44116766467065865,0.40481283422459896,0.45460921843687374,0.4108247422680413,0
13.442410256410255,262.127,19.5,0,-1.2544029701625208,1,0.419634703196347,0.48418079096045197,0.43936605316973415,0.39441624365482236,0
12.005396226415094,69.16152173913044,5.760869565217392,0,-0.39876160841529995,1,0.44116766467065865,0.47210526315789475,0.4222753346080306,0.439247311827957,1
8.644628099173554,38.74074074074074,4.481481481481482,0,-0.43142754459894694,0,0.4251063829787234,0.41285714285714287,0.4222753346080306,0.41350000000000003,0
23.707943262411348,131.09098039215687,5.529411764705882,0,0.34898170378319676,0,0.4251063829787234,0.41285714285714287,0.4222753346080306,0.41350000000000003,1
11.594387351778657,108.64370370370371,9.37037037037037,0,-0.8416151454151399,1,0.4251063829787234,0.41850000000000004,0.45460921843687374,0.4737704918032787,1
6.602133333333334,16.785084745762713,2.542372881355932,0,-0.5290774349530741,0,0.419634703196347,0.48418079096045197,0.42504725897920603,0.40918918918918923,0
58.55366972477064,212.745,3.6333333333333333,1,-0.14583459665020532,0,0.4771641791044776,0.44292929292929295,0.43936605316973415,0.47803468208092487,0
35.512352941176474,459.9695238095238,12.952380952380953,0,0.2674413054811886,0,0.42025495750708214,0.41236559139784945,0.43936605316973415,0.4317919075144509,1
68.39386363636363,322.42821428571426,4.714285714285714,0,0.2979386633363166,0,0.4251063829787234,0.41285714285714287,0.42504725897920603,0.42169312169312173,1
29.391111111111112,295.64,10.058823529411764,1,-0.6666632867013286,0,0.4251063829787234,0.3842105263157895,0.4222753346080306,0.41350000000000003,0
40.742222222222225,42.779333333333334,1.05,1,-0.2188161637952611,0,0.42815126050420166,0.42923076923076925,0.45460921843687374,0.4381642512077295,0
53.973965517241375,298.14190476190475,5.523809523809524,0,-0.3563181311729186,0,0.4251063829787234,0.4875,0.43936605316973415,0.3974093264248705,0
6.141025641025641,18.784313725490197,3.0588235294117645,0,-0.702304350088804,0,0.44116766467065865,0.45191256830601095,0.43936605316973415,0.4953757225433526,0
29.476579925650558,114.9159420289855,3.898550724637681,1,0.9536453928040711,0,0.42815126050420166,0.38846153846153847,0.42504725897920603,0.3806282722513089,0
100.81980769230769,93.61839285714287,0.9285714285714286,0,0.18868201896431105,0,0.44116766467065865,0.45191256830601095,0.45460921843687374,0.4108247422680413,1
6.693968253968254,19.84564705882353,2.9647058823529413,1,0.1424812355049866,0,0.42815126050420166,0.42923076923076925,0.43936605316973415,0.44792899408284026,0
95.76505882352942,156.53903846153847,1.6346153846153846,1,0.6368411719514575,0,0.419634703196347,0.4452127659574468,0.42504725897920603,0.40918918918918923,1
31.184856115107912,1083.67375,34.75,1,-0.18611773446202162,0,0.42815126050420166,0.38846153846153847,0.42504725897920603,0.3806282722513089,0
40.50385714285714,125.08544117647058,3.088235294117647,1,1.038568078439826,0,0.42025495750708214,0.41073446327683616,0.43936605316973415,0.4317919075144509,1
37.09070422535211,90.80827586206897,2.4482758620689653,0,0.2349566883819269,0,0.4251063829787234,0.4875,0.42504725897920603,0.42169312169312173,0
20.410133333333334,61.2304,3.0,0,-1.1408842694555237,1,0.42815126050420166,0.4191256830601093,0.43936605316973415,0.44792899408284026,1
3.1538214285714288,11.468441558441558,3.6363636363636362,0,-0.1723496697037421,0,0.4771641791044776,0.5011428571428571,0.42504725897920603,0.485,1
91.11561797752809,207.93051282051283,2.282051282051282,0,0.3593450691788168,0,0.44116766467065865,0.40481283422459896,0.4222753346080306,0.439247311827957,0
21.731523178807947,48.256764705882354,2.2205882352941178,0,0.07965894735858026,0,0.42025495750708214,0.41236559139784945,0.42504725897920603,0.4277777777777778,1
233.96107142857142,297.76863636363635,1.2727272727272727,1,-0.28219076877453675,0,0.42025495750708214,0.41073446327683616,0.45460921843687374,0.43526315789473685,1
46.11878378378378,525.0446153846153,11.384615384615385,0,-0.4199827010360276,0,0.42815126050420166,0.47056074766355144,0.42504725897920603,0.3806282722513089,1
106.97377358490566,333.5064705882353,3.1176470588235294,0,-0.5485091479183355,0,0.44116766467065865,0.45191256830601095,0.45460921843687374,0.4108247422680413,0
31.17320652173913,637.3188888888889,20.444444444444443,1,-0.7036420873169901,0,0.419634703196347,0.37540983606557377,0.45460921843687374,0.4737804878048781,0
20.20107638888889,96.96516666666666,4.8,0,0.3779197787650176,0,0.44116766467065865,0.45191256830601095,0.42504725897920603,0.42114285714285715,0
56.141309523809525,67.36957142857143,1.2,0,0.3847630023046407,0,0.42815126050420166,0.4191256830601093,0.45460921843687374,0.4381642512077295,0
81.49357142857143,456.364,5.6,1,-0.3745101281285661,0,0.42815126050420166,0.42923076923076925,0.42504725897920603,0.3806282722513089,1
31.296703296703296,66.23255813953489,2.116279069767442,1,-0.5226969028904445,0,0.42025495750708214,0.41073446327683616,0.45460921843687374,0.43526315789473685,0
48.54767441860466,92.78,1.9111111111111112,0,-0.23728918124064632,0,0.44116766467065865,0.47210526315789475,0.45460921843687374,0.4108247422680413,0
10.322688172043012,75.79026315789474,7.342105263157895,1,-0.6213771114119774,0,0.419634703196347,0.4452127659574468,0.4222753346080306,0.41345029239766085,0
149.7825,140.42109375,0.9375,0,1.0432321024508568,0,0.42025495750708214,0.41236559139784945,0.4222753346080306,0.39365853658536587,0
106.04533333333333,1060.4533333333334,10.0,0,-0.004659947514926488,0,0.4251063829787234,0.4875,0.45460921843687374,0.4737704918032787,0
46.18071428571429,421.65000000000003,9.130434782608695,0,0.3163480261472287,0,0.42025495750708214,0.4223809523809524,0.42504725897920603,0.4277777777777778,0
237.28641025641025,121.76539473684211,0.5131578947368421,0,1.34322135172909,0,0.42025495750708214,0.4223809523809524,0.43936605316973415,0.4317919075144509,1
6.319173553719009,10.923142857142857,1.7285714285714286,0,-0.34047357338128625,0,0.419634703196347,0.3769230769230769,0.4222753346080306,0.41345029239766085,0
31.29668789808917,75.59353846153846,2.4153846153846152,0,0.3164927136463521,0,0.44116766467065865,0.45191256830601095,0.4222753346080306,0.439247311827957,0
83.69611940298508,109.95372549019608,1.3137254901960784,0,0.1511189948709717,0,0.44116766467065865,0.47210526315789475,0.43936605316973415,0.4953757225433526,0
43.77110091743119,53.60730337078652,1.2247191011235956,1,0.7922160006515118,0,0.4251063829787234,0.3842105263157895,0.4222753346080306,0.41350000000000003,0
39.07356435643564,64.6955737704918,1.6557377049180328,0,0.05532873887214493,0,0.419634703196347,0.48418079096045197,0.42504725897920603,0.40918918918918923,0
59.92979381443298,98.5286440677966,1.6440677966101696,0,0.35614160301678016,0,0.44116766467065865,0.45191256830601095,0.4222753346080306,0.439247311827957,0
10.440132743362831,33.23197183098591,3.183098591549296,0,-0.026833218298543737,0,0.44116766467065865,0.47210526315789475,0.4222753346080306,0.439247311827957,1
9.640604026845638,57.458,5.96,0,-1.158194503293661,1,0.42815126050420166,0.47056074766355144,0.4222753346080306,0.44782608695652176,1
24.523821656050956,101.3221052631579,4.131578947368421,1,-0.44329883792985325,0,0.4251063829787234,0.3842105263157895,0.4222753346080306,0.41350000000000003,0
7.992290748898679,47.74342105263158,5.973684210526316,1,-0.8169968868335649,1,0.4771641791044776,0.4591623036649215,0.43936605316973415,0.47803468208092487,1
20.75766666666667,23.951153846153847,1.1538461538461537,0,-1.286637807584497,0,0.4251063829787234,0.41850000000000004,0.42504725897920603,0.42169312169312173,0
79.24965517241378,483.84,6.105263157894737,0,0.14001172257049244,0,0.419634703196347,0.3769230769230769,0.43936605316973415,0.39441624365482236,1
55.85520547945205,113.26194444444444,2.0277777777777777,0,-0.4434226729050852,1,0.42025495750708214,0.4223809523809524,0.42504725897920603,0.4277777777777778,1
180.68142857142857,55.798676470588234,0.3088235294117647,1,0.17379057098161793,0,0.42815126050420166,0.42923076923076925,0.45460921843687374,0.4381642512077295,0
84.96984615384615,162.44235294117647,1.911764705882353,1,-0.2199102538980971,0,0.4771641791044776,0.4591623036649215,0.42504725897920603,0.485,1
18.618372093023254,126.40894736842105,6.7894736842105265,1,-0.2683243292044134,1,0.4771641791044776,0.49819277108433735,0.4222753346080306,0.43333333333333335,1
14.352290748898678,40.22185185185185,2.802469135802469,0,0.3472013444685958,0,0.42025495750708214,0.41236559139784945,0.42504725897920603,0.4277777777777778,0
31.669832402234636,436.0692307692307,13.76923076923077,1,-0.6322868180532748,0,0.4771641791044776,0.4591623036649215,0.45460921843687374,0.49812500000000004,0
122.98527272727272,116.62396551724137,0.9482758620689655,0,0.5097821175854182,0,0.4251063829787234,0.4875,0.4222753346080306,0.41350000000000003,1
160.35775,188.65617647058824,1.1764705882352942,0,-0.05632111051015745,0,0.42815126050420166,0.4191256830601093,0.42504725897920603,0.3806282722513089,0
180.54925925925926,336.1951724137931,1.8620689655172413,0,0.45131022420015676,0,0.42815126050420166,0.47056074766355144,0.4222753346080306,0.44782608695652176,0
15.87939393939394,174.67333333333335,11.0,0,-0.5143891366500983,1,0.4771641791044776,0.5011428571428571,0.4222753346080306,0.43333333333333335,1
8.55659090909091,28.96076923076923,3.3846153846153846,1,-0.23985941331571908,0,0.419634703196347,0.37540983606557377,0.43936605316973415,0.39441624365482236,1
54.07361445783132,166.22629629629628,3.074074074074074,0,0.8321442716790844,0,0.44116766467065865,0.47210526315789475,0.4222753346080306,0.439247311827957,0
23.564537815126048,90.4574193548387,3.838709677419355,1,0.38128136715881317,0,0.42025495750708214,0.41073446327683616,0.43936605316973415,0.4317919075144509,0
80.19825,320.793,4.0,1,-1.146723808000697,0,0.4771641791044776,0.4591623036649215,0.45460921843687374,0.49812500000000004,0
37.408235294117645,103.52511627906976,2.7674418604651163,0,-0.2283660283473407,1,0.42025495750708214,0.4223809523809524,0.4222753346080306,0.39365853658536587,0
17.52926923076923,101.28022222222222,5.777777777777778,0,-0.16708095787699598,0,0.44116766467065865,0.45191256830601095,0.4222753346080306,0.439247311827957,0
39.91619402985075,81.0419696969697,2.0303030303030303,0,0.41728198429760033,0,0.4251063829787234,0.4875,0.42504725897920603,0.42169312169312173,0
8.8665625,25.793636363636367,2.909090909090909,0,-1.0983219961078494,0,0.42025495750708214,0.4223809523809524,0.42504725897920603,0.4277777777777778,0
36.58896226415094,184.68714285714285,5.0476190476190474,0,0.357393427165521,0,0.42025495750708214,0.4223809523809524,0.45460921843687374,0.43526315789473685,0
131.82529411764708,85.10240506329114,0.6455696202531646,0,0.9413869724508415,0,0.42815126050420166,0.47056074766355144,0.4222753346080306,0.44782608695652176,1
65.3644696969697,183.5768085106383,2.8085106382978724,1,0.6218671678820771,0,0.42815126050420166,0.38846153846153847,0.4222753346080306,0.44782608695652176,0
45.786734693877555,56.798734177215195,1.240506329113924,1,0.5309797011144352,0,0.42815126050420166,0.38846153846153847,0.43936605316973415,0.44792899408284026,1
606.757,68.9496590909091,0.11363636363636363,0,1.0092753678948734,0,0.44116766467065865,0.40481283422459896,0.42504725897920603,0.42114285714285715,1
13.795403726708074,317.2942857142857,23.0,0,-1.390595474007942,1,0.419634703196347,0.48418079096045197,0.43936605316973415,0.39441624365482236,1
22.881282051282053,68.64384615384616,3.0,1,0.23357942839874607,0,0.42025495750708214,0.41073446327683616,0.42504725897920603,0.4277777777777778,0
22.698055555555555,75.1383908045977,3.310344827586207,0,1.0745329230734335,0,0.4771641791044776,0.5011428571428571,0.42504725897920603,0.485,0
38.567125748502995,74.03114942528735,1.9195402298850575,1,1.0568519260887261,0,0.419634703196347,0.37540983606557377,0.4222753346080306,0.41345029239766085,0
8.431515151515152,59.02060606060606,7.0,0,-0.8970655195817214,1,0.42025495750708214,0.4223809523809524,0.43936605316973415,0.4317919075144509,1
49.29488372093023,74.81223529411764,1.5176470588235293,0,1.0000380389106835,0,0.42025495750708214,0.41236559139784945,0.45460921843687374,0.43526315789473685,1
73.37824175824176,556.4516666666667,7.583333333333333,1,-0.46808873111299365,0,0.4771641791044776,0.49819277108433735,0.42504725897920603,0.485,0
21.17287313432836,157.62027777777777,7.444444444444445,1,-0.15031788639123345,0,0.419634703196347,0.4452127659574468,0.45460921843687374,0.4737804878048781,0
37.62687804878049,482.094375,12.8125,0,-0.19427108736623655,0,0.42025495750708214,0.4223809523809524,0.42504725897920603,0.4277777777777778,0
54.974647058823535,161.13258620689655,2.9310344827586206,0,0.9836064061354267,0,0.44116766467065865,0.40481283422459896,0.4222753346080306,0.439247311827957,0
26.359504950495047,83.1971875,3.15625,0,-0.786809799545164,1,0.4251063829787234,0.41850000000000004,0.42504725897920603,0.42169312169312173,1
23.795303643724694,154.66947368421052,6.5,1,-0.07121415935205866,0,0.4771641791044776,0.44292929292929295,0.4222753346080306,0.43333333333333335,0
34.76291428571429,108.63410714285715,3.125,1,0.3430222737603331,0,0.42815126050420166,0.42923076923076925,0.4222753346080306,0.44782608695652176,0
2.1014237288135593,51.66,24.583333333333332,0,-1.579919305543238,0,0.4251063829787234,0.41850000000000004,0.4222753346080306,0.41350000000000003,0
35.913888888888884,121.209375,3.375,0,-1.254095706376082,1,0.4251063829787234,0.41285714285714287,0.4222753346080306,0.41350000000000003,1
31.641735537190083,103.47702702702703,3.27027027027027,0,-0.4681734365902885,1,0.42815126050420166,0.4191256830601093,0.43936605316973415,0.44792899408284026,0
14.323630136986301,49.791666666666664,3.4761904761904763,0,-0.6825072613689793,1,0.44116766467065865,0.45191256830601095,0.42504725897920603,0.42114285714285715,1
16.835594059405942,178.98894736842104,10.631578947368421,0,-0.9231185619194171,1,0.42025495750708214,0.41236559139784945,0.4222753346080306,0.39365853658536587,0
64.53442477876106,108.84164179104478,1.6865671641791045,1,0.7949377169195977,0,0.42025495750708214,0.438860103626943,0.42504725897920603,0.4277777777777778,1
19.33751824817518,756.9257142857142,39.142857142857146,0,-0.8257469975138237,1,0.44116766467065865,0.47210526315789475,0.43936605316973415,0.4953757225433526,1
23.79860714285714,118.99303571428571,5.0,1,0.44949737342636437,0,0.4771641791044776,0.44292929292929295,0.42504725897920603,0.485,0
70.09972972972973,88.42125,1.2613636363636365,0,1.323781631086986,0,0.44116766467065865,0.45191256830601095,0.42504725897920603,0.42114285714285715,0
404.3778571428571,68.20831325301205,0.1686746987951807,0,0.830145062950968,0,0.42025495750708214,0.4223809523809524,0.4222753346080306,0.39365853658536587,0
11.336455026455027,34.00936507936508,3.0,1,-0.23393540389516448,0,0.42815126050420166,0.42923076923076925,0.45460921843687374,0.4381642512077295,0
44.831092896174866,167.4304081632653,3.7346938775510203,0,0.5858636216001724,0,0.42815126050420166,0.47056074766355144,0.45460921843687374,0.4381642512077295,1
2.633684210526316,18.307317073170733,6.951219512195122,0,-0.9494901947397667,0,0.4251063829787234,0.41285714285714287,0.43936605316973415,0.3974093264248705,0
86.56845360824741,139.9523333333333,1.6166666666666667,0,0.8513274176404148,0,0.44116766467065865,0.47210526315789475,0.43936605316973415,0.4953757225433526,1
18.229419795221844,222.55083333333334,12.208333333333334,1,-0.46240098899991794,0,0.4251063829787234,0.3842105263157895,0.43936605316973415,0.3974093264248705,1
19.7178125,450.6928571428571,22.857142857142858,0,-1.2192019499308118,1,0.4251063829787234,0.41285714285714287,0.43936605316973415,0.3974093264248705,1
96.6922093023256,395.9776190476191,4.095238095238095,0,0.020786533572547228,0,0.42025495750708214,0.41236559139784945,0.45460921843687374,0.43526315789473685,0
6.196666666666666,91.52,14.76923076923077,1,-1.454415550889178,0,0.419634703196347,0.37540983606557377,0.43936605316973415,0.39441624365482236,0
38.45271794871795,105.60957746478873,2.7464788732394365,0,0.9163753783482385,0,0.4771641791044776,0.5011428571428571,0.45460921843687374,0.49812500000000004,1
20.35033333333333,9.69063492063492,0.47619047619047616,1,-0.5151427314185799,0,0.4771641791044776,0.49819277108433735,0.42504725897920603,0.485,0
39.048353658536584,164.20333333333335,4.205128205128205,0,0.046332871339714726,0,0.4771641791044776,0.5011428571428571,0.42504725897920603,0.485,1
29.648316498316497,129.49338235294115,4.367647058823529,0,1.0935841900997056,0,0.4251063829787234,0.4875,0.43936605316973415,0.3974093264248705,0
77.33276785714285,160.3938888888889,2.074074074074074,1,0.7743364236531985,0,0.419634703196347,0.37540983606557377,0.43936605316973415,0.39441624365482236,0
31.570121951219512,597.4038461538462,18.923076923076923,0,-0.24732637970721238,0,0.42025495750708214,0.41236559139784945,0.45460921843687374,0.43526315789473685,0
13.043150684931506,65.6655172413793,5.0344827586206895,0,-0.9886751023226763,1,0.4251063829787234,0.41285714285714287,0.42504725897920603,0.42169312169312173,0
17.80554054054054,16.470125,0.925,1,-0.029856027827748544,0,0.4771641791044776,0.44292929292929295,0.43936605316973415,0.47803468208092487,0
80.05971428571429,400.29857142857145,5.0,1,-0.6232540843336689,0,0.42025495750708214,0.41073446327683616,0.4222753346080306,0.39365853658536587,1
3.0983185840707965,8.142093023255814,2.627906976744186,0,-0.017704533423400948,0,0.4251063829787234,0.4875,0.4222753346080306,0.41350000000000003,0
8.859860627177701,133.83052631578948,15.105263157894736,0,-1.0806029616167994,1,0.42815126050420166,0.4191256830601093,0.45460921843687374,0.4381642512077295,1
125.684,35.57094339622641,0.2830188679245283,0,-0.4902857059264494,0,0.42815126050420166,0.47056074766355144,0.4222753346080306,0.44782608695652176,1
487.9705555555555,182.98895833333333,0.375,1,0.67129472996662,0,0.42025495750708214,0.438860103626943,0.4222753346080306,0.39365853658536587,1
19.05845890410959,81.83926470588234,4.294117647058823,0,0.4988066845562113,0,0.42815126050420166,0.4191256830601093,0.4222753346080306,0.44782608695652176,1
11.099908256880735,36.663333333333334,3.303030303030303,0,-1.032484005674811,0,0.4251063829787234,0.41285714285714287,0.4222753346080306,0.41350000000000003,0
47.17812154696132,110.89922077922077,2.3506493506493507,0,1.2329105678588834,0,0.4251063829787234,0.4875,0.45460921843687374,0.4737704918032787,1
20.82919230769231,95.01035087719299,4.56140350877193,0,0.24133999262293132,0,0.4251063829787234,0.4875,0.45460921843687374,0.4737704918032787,0
8.723296703296704,64.36378378378379,7.378378378378378,0,-0.7337995346521465,0,0.42025495750708214,0.4223809523809524,0.43936605316973415,0.4317919075144509,0
113.74333333333334,327.01208333333335,2.875,0,-0.00223803757823704,0,0.44116766467065865,0.43273809523809526,0.43936605316973415,0.4953757225433526,0
107.19571428571429,23.088307692307694,0.2153846153846154,1,-0.30992079978963877,0,0.4771641791044776,0.4591623036649215,0.4222753346080306,0.43333333333333335,0
244.87521739130435,92.33,0.3770491803278688,0,0.36473242014611323,0,0.4251063829787234,0.41285714285714287,0.43936605316973415,0.3974093264248705,0
255.7858064516129,330.39,1.2916666666666667,0,0.012642045734855778,0,0.4251063829787234,0.41850000000000004,0.42504725897920603,0.42169312169312173,0
42.122708333333335,159.6228947368421,3.789473684210526,1,-0.03666527465952785,0,0.42025495750708214,0.438860103626943,0.43936605316973415,0.4317919075144509,1
55.29844827586207,59.39462962962963,1.0740740740740742,0,-0.22671673024190267,0,0.4251063829787234,0.41285714285714287,0.45460921843687374,0.4737704918032787,1
90.7735593220339,243.43818181818185,2.6818181818181817,1,-0.5015779302601723,0,0.42815126050420166,0.42923076923076925,0.43936605316973415,0.44792899408284026,1
40.374545454545455,17.30337662337662,0.42857142857142855,0,-0.08988423696981485,0,0.42815126050420166,0.47056074766355144,0.4222753346080306,0.44782608695652176,0
15.52951111111111,53.756,3.4615384615384617,0,0.05596002019703045,0,0.42025495750708214,0.41236559139784945,0.42504725897920603,0.4277777777777778,0
40.97038043478261,86.65,2.1149425287356323,1,1.2583561898662745,0,0.42815126050420166,0.38846153846153847,0.42504725897920603,0.3806282722513089,0
50.09329192546584,113.5918309859155,2.267605633802817,0,1.0203983019557659,0,0.44116766467065865,0.40481283422459896,0.4222753346080306,0.439247311827957,0
41.496459627329195,556.7441666666667,13.416666666666666,1,-0.4674444842592998,0,0.42025495750708214,0.438860103626943,0.42504725897920603,0.4277777777777778,0
40.57036697247707,589.6226666666666,14.533333333333333,1,-0.007623475447240957,0,0.42025495750708214,0.41073446327683616,0.4222753346080306,0.39365853658536587,1
5.329468085106384,12.218780487804878,2.292682926829268,0,-0.04597235285674084,0,0.419634703196347,0.3769230769230769,0.45460921843687374,0.4737804878048781,1
36.595971563981045,86.76123595505618,2.3707865168539324,0,1.3338055138122746,0,0.42025495750708214,0.4223809523809524,0.42504725897920603,0.4277777777777778,1
19.517894736842106,49.92076923076923,2.5576923076923075,1,-0.38076600579966724,0,0.42025495750708214,0.41073446327683616,0.45460921843687374,0.43526315789473685,0
32.24753731343284,81.53150943396227,2.5283018867924527,1,-0.04318389584632122,0,0.4771641791044776,0.4591623036649215,0.45460921843687374,0.49812500000000004,0
19.109408866995075,90.21418604651163,4.72093023255814,0,-0.33342231656634835,0,0.42025495750708214,0.41236559139784945,0.45460921843687374,0.43526315789473685,0
173.8322807017544,550.468888888889,3.1666666666666665,0,0.2504234568023894,0,0.4771641791044776,0.5011428571428571,0.42504725897920603,0.485,0
41.03242424242424,278.7791176470588,6.794117647058823,1,0.5060972154589165,0,0.4771641791044776,0.49819277108433735,0.45460921843687374,0.49812500000000004,1
21.449555555555555,33.283793103448275,1.5517241379310345,0,-0.37743023116253127,0,0.42025495750708214,0.4223809523809524,0.42504725897920603,0.4277777777777778,1
62.04901515151516,95.23802325581396,1.5348837209302326,0,1.3571017332090607,0,0.44116766467065865,0.45191256830601095,0.43936605316973415,0.4953757225433526,0
36.796521739130434,69.69694117647059,1.8941176470588235,0,0.920232189342005,0,0.4251063829787234,0.41285714285714287,0.42504725897920603,0.42169312169312173,1
13.712322274881517,40.750704225352116,2.971830985915493,0,0.07114920275768366,0,0.44116766467065865,0.45191256830601095,0.42504725897920603,0.42114285714285715,0
63.80889908256881,198.71914285714286,3.1142857142857143,0,0.06386347781340496,0,0.419634703196347,0.48418079096045197,0.42504725897920603,0.40918918918918923,0
31.52728571428571,275.86375,8.75,0,-0.7999163582109304,0,0.4251063829787234,0.41285714285714287,0.45460921843687374,0.4737704918032787,0
10.73092105263158,271.85,25.333333333333332,0,-1.3073656303673324,1,0.4251063829787234,0.41285714285714287,0.4222753346080306,0.41350000000000003,1
12.75875939849624,89.31131578947368,7.0,1,-0.5270711189823845,0,0.419634703196347,0.37540983606557377,0.43936605316973415,0.39441624365482236,0
36.49913636363637,133.83016666666668,3.6666666666666665,1,0.783905424259406,0,0.42025495750708214,0.438860103626943,0.45460921843687374,0.43526315789473685,0
2.1294464944649447,64.12,30.11111111111111,0,-1.6505179352847987,0,0.44116766467065865,0.47210526315789475,0.43936605316973415,0.4953757225433526,0
131.56216666666666,119.60196969696969,0.9090909090909091,0,0.8843994979091552,0,0.4771641791044776,0.5011428571428571,0.45460921843687374,0.49812500000000004,1
32.0674358974359,83.37533333333334,2.6,0,-1.401419422844136,0,0.419634703196347,0.48418079096045197,0.4222753346080306,0.41345029239766085,0
13.334972972972972,74.75666666666666,5.606060606060606,1,-0.8017518589963513,0,0.4771641791044776,0.44292929292929295,0.4222753346080306,0.43333333333333335,0
23.3101953125,80.64067567567568,3.4594594594594597,1,0.6981256559170184,0,0.42815126050420166,0.42923076923076925,0.43936605316973415,0.44792899408284026,0
42.96287878787879,135.0261904761905,3.142857142857143,0,-0.025439711740566515,0,0.42025495750708214,0.4223809523809524,0.42504725897920603,0.4277777777777778,1
7.970046296296296,156.50272727272727,19.636363636363637,0,-1.3986349110216592,1,0.4251063829787234,0.41850000000000004,0.45460921843687374,0.4737704918032787,1
198.93028571428573,232.08533333333335,1.1666666666666667,1,-0.039339306911836014,0,0.419634703196347,0.4452127659574468,0.4222753346080306,0.41345029239766085,1
25.422395833333336,325.4066666666667,12.8,0,-0.735060769018008,1,0.42815126050420166,0.47056074766355144,0.4222753346080306,0.44782608695652176,1
78.54489795918367,67.52105263157894,0.8596491228070176,0,-0.04625657506489467,0,0.4251063829787234,0.41285714285714287,0.42504725897920603,0.42169312169312173,0
29.276190476190475,10.6,0.3620689655172414,0,-0.6189145090915276,0,0.42815126050420166,0.47056074766355144,0.4222753346080306,0.44782608695652176,0
443.0086363636364,211.87369565217392,0.4782608695652174,0,0.8061745668709883,0,0.4251063829787234,0.41850000000000004,0.45460921843687374,0.4737704918032787,1
61.58243055555556,128.51985507246377,2.0869565217391304,0,1.1259346219085595,0,0.44116766467065865,0.43273809523809526,0.45460921843687374,0.4108247422680413,1
4.244285714285715,12.379166666666666,2.9166666666666665,1,-0.5536061078425595,0,0.42815126050420166,0.38846153846153847,0.42504725897920603,0.3806282722513089,0
100.79269662921348,289.3725806451613,2.870967741935484,0,0.35013128895012396,0,0.44116766467065865,0.40481283422459896,0.43936605316973415,0.4953757225433526,1
246.2588888888889,170.48692307692306,0.6923076923076923,0,0.09131268158649561,0,0.44116766467065865,0.45191256830601095,0.45460921843687374,0.4108247422680413,1
13.41888,69.89,5.208333333333333,0,-1.1348882475111843,1,0.42815126050420166,0.47056074766355144,0.4222753346080306,0.44782608695652176,0
6.957387387387387,51.48466666666666,7.4,1,-1.4892205410586552,0,0.42025495750708214,0.438860103626943,0.42504725897920603,0.4277777777777778,0
3.5395196506550217,11.579285714285714,3.2714285714285714,1,-0.33204330044961783,0,0.42815126050420166,0.42923076923076925,0.4222753346080306,0.44782608695652176,1
37.043930348258705,323.7317391304348,8.73913043478261,0,-0.09701984397837465,0,0.42025495750708214,0.4223809523809524,0.4222753346080306,0.39365853658536587,1
52.418915662650605,174.03080000000003,3.32,1,0.6980804731947186,0,0.42025495750708214,0.438860103626943,0.43936605316973415,0.4317919075144509,0
15.683538461538461,92.67545454545454,5.909090909090909,1,-1.1103600041617399,0,0.42815126050420166,0.42923076923076925,0.45460921843687374,0.4381642512077295,0
6.601872509960159,20.208170731707316,3.0609756097560976,1,0.07427421160491587,0,0.419634703196347,0.37540983606557377,0.45460921843687374,0.4737804878048781,0
56.10387640449438,121.78646341463414,2.1707317073170733,0,1.6031068691816004,0,0.44116766467065865,0.40481283422459896,0.43936605316973415,0.4953757225433526,0
35.39364928909953,140.9067924528302,3.981132075471698,0,0.5344155290597938,0,0.42025495750708214,0.41236559139784945,0.42504725897920603,0.4277777777777778,0
24.258527607361962,158.16559999999998,6.52,1,-0.6960822921608039,0,0.42025495750708214,0.41073446327683616,0.43936605316973415,0.4317919075144509,0
100.38196721311476,291.5857142857143,2.9047619047619047,0,-0.3815887598955856,0,0.44116766467065865,0.45191256830601095,0.4222753346080306,0.439247311827957,0
47.47247126436781,206.50525,4.35,0,0.4079576865253541,0,0.42025495750708214,0.41236559139784945,0.42504725897920603,0.4277777777777778,1
42.20892156862745,239.1838888888889,5.666666666666667,1,-0.7780092706441373,1,0.419634703196347,0.4452127659574468,0.42504725897920603,0.40918918918918923,1
24.208690476190476,82.44040540540541,3.4054054054054053,0,0.72257032713495,0,0.4251063829787234,0.4875,0.45460921843687374,0.4737704918032787,0
22.435625,173.69516129032257,7.741935483870968,0,-0.30806506926809396,0,0.44116766467065865,0.45191256830601095,0.4222753346080306,0.439247311827957,0
15.425412844036696,27.118870967741934,1.7580645161290323,0,-0.33950237984602794,0,0.44116766467065865,0.43273809523809526,0.4222753346080306,0.439247311827957,1
66.45385714285715,143.13138461538463,2.1538461538461537,0,1.122252804199517,0,0.4251063829787234,0.4875,0.45460921843687374,0.4737704918032787,0
58.33096774193548,401.8355555555556,6.888888888888889,1,-1.092640540130649,1,0.419634703196347,0.4452127659574468,0.45460921843687374,0.4737804878048781,1
27.279475806451615,182.84621621621622,6.702702702702703,1,0.07083908915569942,0,0.42025495750708214,0.41073446327683616,0.45460921843687374,0.43526315789473685,0
76.58673913043478,95.21594594594595,1.2432432432432432,1,-0.5242761412341761,0,0.4771641791044776,0.44292929292929295,0.42504725897920603,0.485,0
240.91028571428572,115.50493150684932,0.4794520547945205,0,1.1295540339394665,0,0.419634703196347,0.48418079096045197,0.45460921843687374,0.4737804878048781,1
10.871919191919192,21.104313725490194,1.9411764705882353,0,-0.6805871740976218,0,0.4251063829787234,0.41285714285714287,0.4222753346080306,0.41350000000000003,0
36.97432989690722,193.86540540540543,5.243243243243243,0,0.1456726745458694,0,0.4251063829787234,0.4875,0.43936605316973415,0.3974093264248705,1
90.70471698113208,200.30625,2.2083333333333335,0,0.8238637647802648,0,0.42815126050420166,0.4191256830601093,0.45460921843687374,0.4381642512077295,1
15.158273381294965,95.77272727272727,6.318181818181818,1,-1.0978531720789209,0,0.42815126050420166,0.42923076923076925,0.42504725897920603,0.3806282722513089,0
60.04,42.33589743589744,0.7051282051282052,1,0.29258407471310877,0,0.42025495750708214,0.438860103626943,0.43936605316973415,0.4317919075144509,0
57.01512195121951,54.36325581395349,0.9534883720930233,0,-0.6163751676164384,0,0.44116766467065865,0.45191256830601095,0.42504725897920603,0.42114285714285715,0
37.68686274509804,162.88389830508473,4.322033898305085,0,1.0530588490570048,0,0.42815126050420166,0.4191256830601093,0.45460921843687374,0.4381642512077295,1
16.07919014084507,73.65306451612904,4.580645161290323,1,0.19005017927905443,0,0.4771641791044776,0.49819277108433735,0.42504725897920603,0.485,1
105.7653125,58.35327586206896,0.5517241379310345,1,-0.11054867769347512,0,0.42815126050420166,0.42923076923076925,0.43936605316973415,0.44792899408284026,0
16.862185430463576,45.46767857142857,2.6964285714285716,0,-0.30623905971776705,0,0.44116766467065865,0.47210526315789475,0.43936605316973415,0.4953757225433526,1
58.19651315789474,465.57210526315794,8.0,1,0.07630470249967258,0,0.42025495750708214,0.438860103626943,0.4222753346080306,0.39365853658536587,0
31.387289719626168,52.475625,1.671875,1,0.010140974677621262,0,0.4771641791044776,0.44292929292929295,0.43936605316973415,0.47803468208092487,0
41.70256198347108,194.0773076923077,4.653846153846154,0,-0.47476196057404557,1,0.4251063829787234,0.41285714285714287,0.42504725897920603,0.42169312169312173,0
2.575168067226891,15.715128205128204,6.102564102564102,1,-1.0165900060434503,1,0.419634703196347,0.4452127659574468,0.42504725897920603,0.40918918918918923,1
51.56307692307692,151.36258064516127,2.935483870967742,1,-0.4351358781799888,1,0.4771641791044776,0.4591623036649215,0.4222753346080306,0.43333333333333335,1
37.367396226415096,220.05244444444446,5.888888888888889,1,0.8139271251087323,0,0.4251063829787234,0.3842105263157895,0.45460921843687374,0.4737704918032787,0
153.4683606557377,153.4683606557377,1.0,0,1.04925663269306,0,0.4771641791044776,0.5011428571428571,0.45460921843687374,0.49812500000000004,1
59.38646616541353,219.39999999999998,3.6944444444444446,1,0.25790151528818434,0,0.4771641791044776,0.4591623036649215,0.43936605316973415,0.47803468208092487,0
9.157758620689656,46.866176470588236,5.117647058823529,1,-0.9411712207945633,1,0.42815126050420166,0.42923076923076925,0.43936605316973415,0.44792899408284026,0
152.29285714285714,710.7,4.666666666666667,0,-0.5824227284608668,0,0.44116766467065865,0.47210526315789475,0.45460921843687374,0.4108247422680413,1
58.020399999999995,58.020399999999995,1.0,1,0.42244900229312965,0,0.4771641791044776,0.4591623036649215,0.4222753346080306,0.43333333333333335,1
5.951608391608392,212.77,35.75,0,-1.464925713510743,0,0.44116766467065865,0.40481283422459896,0.42504725897920603,0.42114285714285715,0
9.469603174603176,37.8784126984127,4.0,0,-0.18919603905531762,0,0.4251063829787234,0.41850000000000004,0.43936605316973415,0.3974093264248705,0
45.32992857142857,78.34802469135802,1.728395061728395,1,0.9140321189740797,0,0.4771641791044776,0.49819277108433735,0.42504725897920603,0.485,1
79.58418604651162,244.43714285714285,3.0714285714285716,0,-1.0237627138410992,1,0.419634703196347,0.48418079096045197,0.42504725897920603,0.40918918918918923,1
77.16372549019607,437.2611111111111,5.666666666666667,0,-1.0341205331895684,0,0.44116766467065865,0.43273809523809526,0.45460921843687374,0.4108247422680413,0
22.627748091603053,97.18803278688524,4.295081967213115,1,0.4191244750246372,0,0.42815126050420166,0.38846153846153847,0.42504725897920603,0.3806282722513089,0
20.186107142857143,128.45704545454544,6.363636363636363,0,0.012898423787100599,0,0.42815126050420166,0.47056074766355144,0.42504725897920603,0.3806282722513089,1
31.999597701149426,142.76743589743592,4.461538461538462,1,-0.1071116784289496,0,0.42815126050420166,0.38846153846153847,0.43936605316973415,0.44792899408284026,0
216.0148780487805,295.2203333333334,1.3666666666666667,1,0.3083062068313921,0,0.42025495750708214,0.438860103626943,0.4222753346080306,0.39365853658536587,0
283.31954545454545,692.5588888888889,2.4444444444444446,0,-0.6123903021937973,0,0.42815126050420166,0.4191256830601093,0.43936605316973415,0.44792899408284026,0
51.6225,68.83,1.3333333333333333,0,0.9737973103347541,0,0.44116766467065865,0.43273809523809526,0.42504725897920603,0.42114285714285715,0
17.508257575757575,159.38551724137932,9.10344827586207,1,-0.4898187949958133,0,0.42815126050420166,0.42923076923076925,0.4222753346080306,0.44782608695652176,0
264.39684210526315,264.39684210526315,1.0,0,-0.6252691084061395,1,0.42025495750708214,0.4223809523809524,0.4222753346080306,0.39365853658536587,1
3.9614953271028037,13.042461538461538,3.292307692307692,0,-0.42977274011014405,0,0.44116766467065865,0.40481283422459896,0.4222753346080306,0.439247311827957,0
21.58388888888889,179.31230769230768,8.307692307692308,0,-1.244934373077005,1,0.4251063829787234,0.41285714285714287,0.4222753346080306,0.41350000000000003,0
15.828613138686132,74.77655172413793,4.724137931034483,1,0.06428817144784213,0,0.4771641791044776,0.44292929292929295,0.4222753346080306,0.43333333333333335,0
34.29604651162791,128.23739130434782,3.739130434782609,0,1.1223573081824931,0,0.4251063829787234,0.41285714285714287,0.4222753346080306,0.41350000000000003,0
42.36492227979275,480.9664705882353,11.352941176470589,0,-0.08839208302469526,0,0.44116766467065865,0.47210526315789475,0.45460921843687374,0.4108247422680413,1
107.47975308641976,100.06735632183909,0.9310344827586207,0,1.4726114020558194,0,0.42815126050420166,0.4191256830601093,0.43936605316973415,0.44792899408284026,0
54.088793103448275,59.19150943396227,1.0943396226415094,0,-0.26050616357011785,0,0.4771641791044776,0.5011428571428571,0.45460921843687374,0.49812500000000004,0
12.93094262295082,44.4387323943662,3.436619718309859,0,0.11921075222768934,0,0.44116766467065865,0.45191256830601095,0.4222753346080306,0.439247311827957,1
7.063429602888086,25.744342105263158,3.6447368421052633,0,0.003775243604921541,0,0.4251063829787234,0.41285714285714287,0.4222753346080306,0.41350000000000003,1
46.01272277227723,127.32287671232876,2.767123287671233,0,1.2879011003640168,0,0.419634703196347,0.3769230769230769,0.42504725897920603,0.40918918918918923,0
79.23692307692308,179.14434782608694,2.260869565217391,1,0.5298367177032697,0,0.4771641791044776,0.44292929292929295,0.45460921843687374,0.49812500000000004,0
144.47611940298506,158.68688524590164,1.098360655737705,0,1.1076848665780585,0,0.419634703196347,0.3769230769230769,0.42504725897920603,0.40918918918918923,0
32.48761565836299,123.36513513513515,3.7972972972972974,0,1.2784268795941798,0,0.44116766467065865,0.47210526315789475,0.43936605316973415,0.4953757225433526,0
215.29647058823528,46.329620253164556,0.21518987341772153,0,0.37917605358851214,0,0.42025495750708214,0.41236559139784945,0.45460921843687374,0.43526315789473685,0
61.88038961038961,114.81421686746988,1.855421686746988,1,1.540154653171813,0,0.4771641791044776,0.49819277108433735,0.43936605316973415,0.47803468208092487,0
9.600172413793103,151.85727272727274,15.818181818181818,0,-1.4080141173532126,0,0.42815126050420166,0.4191256830601093,0.43936605316973415,0.44792899408284026,0
12.938605769230769,224.26916666666668,17.333333333333332,0,-1.1997384079579123,1,0.4771641791044776,0.5011428571428571,0.42504725897920603,0.485,1
18.98650684931507,102.66777777777779,5.407407407407407,0,0.20218464735609548,0,0.4771641791044776,0.5011428571428571,0.4222753346080306,0.43333333333333335,1
6.533072289156626,20.462075471698114,3.1320754716981134,1,-0.6372639261635946,0,0.4771641791044776,0.44292929292929295,0.42504725897920603,0.485,0
83.24808510638297,132.63254237288135,1.5932203389830508,0,0.7254602416842713,0,0.42025495750708214,0.41236559139784945,0.43936605316973415,0.4317919075144509,1
13.074608294930876,32.240795454545456,2.465909090909091,0,0.4163516780842299,0,0.42025495750708214,0.4223809523809524,0.4222753346080306,0.39365853658536587,1
17.579541984732824,112.33756097560976,6.390243902439025,0,-0.2418758812826548,0,0.4251063829787234,0.41850000000000004,0.45460921843687374,0.4737704918032787,0
31.010413533834587,149.97763636363638,4.836363636363636,0,0.7195354904845912,0,0.4771641791044776,0.5011428571428571,0.43936605316973415,0.47803468208092487,1
24.54128755364807,81.68742857142857,3.3285714285714287,0,0.5687220932204826,0,0.4251063829787234,0.41850000000000004,0.45460921843687374,0.4737704918032787,1
147.80125,47.93554054054054,0.32432432432432434,0,0.2539110261812217,0,0.419634703196347,0.3769230769230769,0.45460921843687374,0.4737804878048781,1
72.70469387755102,375.0031578947369,5.157894736842105,0,-0.23954328277235537,0,0.4251063829787234,0.41850000000000004,0.4222753346080306,0.41350000000000003,1
48.18636815920397,121.06824999999999,2.5125,0,1.5060303068393779,0,0.419634703196347,0.48418079096045197,0.45460921843687374,0.4737804878048781,1
42.7050462962963,271.30264705882354,6.352941176470588,1,0.4594397937469616,0,0.4771641791044776,0.44292929292929295,0.43936605316973415,0.47803468208092487,1
79.16171052631579,125.339375,1.5833333333333333,0,0.1633895993100979,0,0.44116766467065865,0.40481283422459896,0.42504725897920603,0.42114285714285715,1
511.34923076923076,108.9760655737705,0.21311475409836064,0,0.5511069778980264,0,0.4251063829787234,0.4875,0.43936605316973415,0.3974093264248705,0
72.66714285714286,129.3228813559322,1.7796610169491525,0,0.6896191923621098,0,0.42815126050420166,0.4191256830601093,0.42504725897920603,0.3806282722513089,1
73.29451612903226,154.04271186440678,2.1016949152542375,0,0.9573156905691719,0,0.42815126050420166,0.47056074766355144,0.45460921843687374,0.4381642512077295,1
164.57190476190476,54.00015625,0.328125,1,0.028049568841411465,0,0.42815126050420166,0.38846153846153847,0.4222753346080306,0.44782608695652176,0
17.64950354609929,103.69083333333333,5.875,0,-0.027338672222332962,0,0.44116766467065865,0.47210526315789475,0.45460921843687374,0.4108247422680413,0
2.914700460829493,33.288947368421056,11.421052631578947,1,-1.4312292642215625,0,0.4251063829787234,0.3842105263157895,0.4222753346080306,0.41350000000000003,0
292.9353571428572,167.39163265306124,0.5714285714285714,1,0.5855148839870619,0,0.4771641791044776,0.49819277108433735,0.45460921843687374,0.49812500000000004,0
28.220801687763714,119.43446428571428,4.232142857142857,0,0.4540346333190455,0,0.4251063829787234,0.4875,0.42504725897920603,0.42169312169312173,1
40.79270833333333,55.94428571428571,1.3714285714285714,0,-0.8533384702009347,0,0.42025495750708214,0.4223809523809524,0.43936605316973415,0.4317919075144509,0
42.96720930232558,108.68176470588234,2.5294117647058822,1,-1.2500260595293766,1,0.419634703196347,0.4452127659574468,0.43936605316973415,0.39441624365482236,1
81.94234042553191,56.63661764705882,0.6911764705882353,1,0.1842490284526927,0,0.42815126050420166,0.38846153846153847,0.4222753346080306,0.44782608695652176,0
164.4578125,128.35731707317072,0.7804878048780488,0,-0.12132095935256347,0,0.42025495750708214,0.4223809523809524,0.42504725897920603,0.4277777777777778,0
27.06219123505976,81.83867469879517,3.0240963855421685,1,1.0377944505637493,0,0.4251063829787234,0.3842105263157895,0.43936605316973415,0.3974093264248705,1
22.596206896551724,67.78862068965518,3.0,0,-0.9773741681967713,1,0.44116766467065865,0.45191256830601095,0.4222753346080306,0.439247311827957,1
84.98526315789474,149.51111111111112,1.7592592592592593,0,0.6664718799180896,0,0.4251063829787234,0.4875,0.42504725897920603,0.42169312169312173,0
39.65775100401607,186.31660377358492,4.69811320754717,1,0.9761596281258702,0,0.42815126050420166,0.42923076923076925,0.4222753346080306,0.44782608695652176,0
23.72074074074074,147.79846153846154,6.230769230769231,0,-0.6956138200347457,0,0.42025495750708214,0.41236559139784945,0.45460921843687374,0.43526315789473685,0
37.061940298507466,67.11216216216216,1.8108108108108107,1,-0.7151347305062429,1,0.4771641791044776,0.49819277108433735,0.42504725897920603,0.485,1
5.618678571428571,174.80333333333334,31.11111111111111,0,-1.467678475653154,1,0.44116766467065865,0.45191256830601095,0.4222753346080306,0.439247311827957,0
11.903085714285714,61.265882352941176,5.147058823529412,1,-0.851308879740448,1,0.42025495750708214,0.438860103626943,0.43936605316973415,0.4317919075144509,1
355.4704761904762,622.0733333333334,1.75,0,-0.32355350962874435,0,0.42025495750708214,0.41236559139784945,0.4222753346080306,0.39365853658536587,0
104.42297872340426,258.30947368421056,2.473684210526316,0,-0.6464980517389669,1,0.419634703196347,0.3769230769230769,0.4222753346080306,0.41345029239766085,1
35.120625,44.072941176470586,1.2549019607843137,0,-0.4655812583093283,0,0.4251063829787234,0.41285714285714287,0.43936605316973415,0.3974093264248705,0
27.67334928229665,75.11337662337662,2.7142857142857144,1,0.7271474203313087,0,0.42815126050420166,0.38846153846153847,0.45460921843687374,0.4381642512077295,0
30.30332075471698,129.52225806451614,4.274193548387097,0,0.8258337217409908,0,0.42815126050420166,0.47056074766355144,0.45460921843687374,0.4381642512077295,0
34.7922794117647,675.9642857142857,19.428571428571427,1,0.08510909726106985,0,0.4771641791044776,0.4591623036649215,0.43936605316973415,0.47803468208092487,1
72.36959349593495,207.0106976744186,2.86046511627907,0,0.5883921452466593,0,0.42025495750708214,0.41236559139784945,0.42504725897920603,0.4277777777777778,1
92.79423076923078,205.33191489361704,2.2127659574468086,0,0.8095412321081076,0,0.42025495750708214,0.41236559139784945,0.45460921843687374,0.43526315789473685,0
18.47235494880546,180.41333333333333,9.766666666666667,0,-0.32386514814316714,0,0.44116766467065865,0.43273809523809526,0.43936605316973415,0.4953757225433526,0
21.177486910994766,45.448314606741576,2.146067415730337,0,0.658933991304005,0,0.419634703196347,0.3769230769230769,0.43936605316973415,0.39441624365482236,1
246.69447368421052,493.38894736842104,2.0,1,0.17331249370031165,0,0.419634703196347,0.37540983606557377,0.43936605316973415,0.39441624365482236,0
12.828524590163934,180.58615384615385,14.076923076923077,1,-1.241894849459578,1,0.419634703196347,0.37540983606557377,0.4222753346080306,0.41345029239766085,1
144.92974999999998,89.18753846153845,0.6153846153846154,0,0.47867589381511944,0,0.42815126050420166,0.47056074766355144,0.45460921843687374,0.4381642512077295,0
9.804071428571428,91.50466666666667,9.333333333333334,1,-0.813430351272315,0,0.4771641791044776,0.4591623036649215,0.45460921843687374,0.49812500000000004,0
13.118913043478262,23.210384615384616,1.7692307692307692,1,-0.6357005428280029,0,0.419634703196347,0.4452127659574468,0.43936605316973415,0.39441624365482236,0
40.09311475409836,229.2825,5.71875,1,0.07121871736879332,0,0.4251063829787234,0.3842105263157895,0.43936605316973415,0.3974093264248705,1
92.39999999999999,150.15,1.625,0,0.3819764997467008,0,0.42025495750708214,0.4223809523809524,0.45460921843687374,0.43526315789473685,1
44.86884615384615,22.011132075471696,0.49056603773584906,1,-0.6221947903549733,0,0.4771641791044776,0.44292929292929295,0.45460921843687374,0.49812500000000004,1
25.16418994413408,90.0878,3.58,1,-0.07229009147220689,0,0.419634703196347,0.4452127659574468,0.4222753346080306,0.41345029239766085,0
165.3952380952381,239.53793103448277,1.4482758620689655,0,-0.0631805409607909,0,0.42025495750708214,0.41236559139784945,0.4222753346080306,0.39365853658536587,1
14.745703971119134,74.26472727272727,5.036363636363636,1,-0.04478906524766926,0,0.4771641791044776,0.49819277108433735,0.4222753346080306,0.43333333333333335,0
37.726436781609195,729.3777777777777,19.333333333333332,0,-0.551568627006187,0,0.419634703196347,0.48418079096045197,0.4222753346080306,0.41345029239766085,0
23.875802469135802,276.27714285714285,11.571428571428571,1,-0.4405951640338993,0,0.4771641791044776,0.49819277108433735,0.42504725897920603,0.485,0
55.3275,99.8064705882353,1.803921568627451,1,0.056132046365252194,0,0.42025495750708214,0.41073446327683616,0.42504725897920603,0.4277777777777778,0
47.14235668789809,255.2189655172414,5.413793103448276,0,0.020287053545548994,0,0.42815126050420166,0.47056074766355144,0.42504725897920603,0.3806282722513089,1
20.271236749116607,521.5236363636363,25.727272727272727,1,-0.6616550550795129,0,0.4251063829787234,0.3842105263157895,0.43936605316973415,0.3974093264248705,0
193.60636363636365,96.80318181818183,0.5,0,1.4591670788798865,0,0.4251063829787234,0.4875,0.4222753346080306,0.41350000000000003,0
38.62577464788732,81.86358208955224,2.1194029850746268,1,0.4631726128007532,0,0.4771641791044776,0.49819277108433735,0.4222753346080306,0.43333333333333335,1
3.2902702702702706,16.01842105263158,4.868421052631579,0,-1.038270902352241,1,0.44116766467065865,0.43273809523809526,0.43936605316973415,0.4953757225433526,1
136.75,89.3061224489796,0.6530612244897959,0,-0.11676741491170123,0,0.44116766467065865,0.47210526315789475,0.42504725897920603,0.42114285714285715,0
3.6436426116838487,42.412,11.64,1,-1.2272353733839516,0,0.419634703196347,0.37540983606557377,0.43936605316973415,0.39441624365482236,0
30.270798122065727,805.96,26.625,0,-0.5939039673167334,0,0.44116766467065865,0.45191256830601095,0.42504725897920603,0.42114285714285715,1
31.443657718120804,851.8372727272726,27.09090909090909,0,0.005250566160861725,0,0.44116766467065865,0.47210526315789475,0.43936605316973415,0.4953757225433526,0
6.654473684210526,26.419253731343282,3.970149253731343,0,-0.2186589782807553,0,0.4251063829787234,0.4875,0.43936605316973415,0.3974093264248705,0
79.34333333333333,238.03,3.0,0,0.18719826426269048,0,0.419634703196347,0.48418079096045197,0.43936605316973415,0.39441624365482236,1
27.457945205479454,125.276875,4.5625,0,-1.2421505253964833,1,0.42815126050420166,0.4191256830601093,0.4222753346080306,0.44782608695652176,1
11.604603174603175,36.10320987654321,3.111111111111111,1,0.28596852598973926,0,0.4771641791044776,0.4591623036649215,0.43936605316973415,0.47803468208092487,1
8.257219917012447,49.74975,6.025,0,-0.7429168168843043,1,0.419634703196347,0.48418079096045197,0.45460921843687374,0.4737804878048781,1
8.499457364341085,66.45030303030303,7.818181818181818,0,-0.852063683801481,1,0.419634703196347,0.48418079096045197,0.43936605316973415,0.39441624365482236,1
8.444732510288066,136.8046666666667,16.2,0,-1.2543182267118411,0,0.419634703196347,0.48418079096045197,0.43936605316973415,0.39441624365482236,0
112.37885714285714,81.94291666666668,0.7291666666666666,1,-0.2189424587097835,0,0.42815126050420166,0.42923076923076925,0.4222753346080306,0.44782608695652176,1
40.003235294117644,510.04125,12.75,1,-0.11219844331233919,0,0.42025495750708214,0.438860103626943,0.42504725897920603,0.4277777777777778,1
51.85625730994152,1108.4275,21.375,0,-0.14977009787028872,0,0.44116766467065865,0.40481283422459896,0.4222753346080306,0.439247311827957,1
40.269894736842105,186.61658536585367,4.634146341463414,0,0.31710279054447565,0,0.42815126050420166,0.4191256830601093,0.43936605316973415,0.44792899408284026,1
37.41680272108844,82.09358208955224,2.1940298507462686,0,0.4660010583891925,0,0.4251063829787234,0.41850000000000004,0.43936605316973415,0.3974093264248705,1
80.78028169014084,173.79999999999998,2.1515151515151514,1,-0.20184423961788758,0,0.42025495750708214,0.41073446327683616,0.42504725897920603,0.4277777777777778,0
48.48106382978724,325.5157142857143,6.714285714285714,0,0.313806224732849,0,0.42025495750708214,0.4223809523809524,0.4222753346080306,0.39365853658536587,0
23.445625000000003,152.83074074074077,6.518518518518518,1,-0.6226354562985073,0,0.42815126050420166,0.42923076923076925,0.4222753346080306,0.44782608695652176,0
8.413636363636364,113.11666666666666,13.444444444444445,0,-1.5695796062040714,0,0.4251063829787234,0.41850000000000004,0.43936605316973415,0.3974093264248705,0
17.802,70.68441176470589,3.9705882352941178,1,-0.7925319082423385,0,0.42815126050420166,0.42923076923076925,0.4222753346080306,0.44782608695652176,0
8.20943396226415,18.917391304347824,2.3043478260869565,1,-0.2621456995555649,0,0.42815126050420166,0.38846153846153847,0.43936605316973415,0.44792899408284026,1
36.0733870967742,107.78554216867471,2.9879518072289155,1,1.4330775222578858,0,0.42815126050420166,0.42923076923076925,0.4222753346080306,0.44782608695652176,1
10.512395437262358,35.90597402597403,3.4155844155844157,1,0.17302721409314553,0,0.42815126050420166,0.38846153846153847,0.42504725897920603,0.3806282722513089,1
26.08358695652174,57.13547619047619,2.1904761904761907,1,-0.6258942985332773,0,0.4771641791044776,0.4591623036649215,0.4222753346080306,0.43333333333333335,0
17.069090909090907,16.093714285714285,0.9428571428571428,0,-0.2740408935448384,0,0.42025495750708214,0.4223809523809524,0.43936605316973415,0.4317919075144509,0
138.79375,47.248936170212765,0.3404255319148936,0,-0.5541880266552885,1,0.42025495750708214,0.4223809523809524,0.4222753346080306,0.39365853658536587,1
3.48688679245283,22.400606060606062,6.424242424242424,0,-1.1188736542867934,0,0.419634703196347,0.3769230769230769,0.4222753346080306,0.41345029239766085,0
28.047887323943662,59.44477611940299,2.1194029850746268,1,0.18747533956448542,0,0.42815126050420166,0.42923076923076925,0.42504725897920603,0.3806282722513089,0
8.09841628959276,44.74375,5.525,0,-0.7796700903839184,0,0.4251063829787234,0.41850000000000004,0.43936605316973415,0.3974093264248705,0
47.45430555555556,76.78,1.6179775280898876,1,1.1707559959940959,0,0.42025495750708214,0.41073446327683616,0.42504725897920603,0.4277777777777778,1
27.79572052401747,90.93171428571429,3.2714285714285714,0,0.6874947824014668,0,0.42815126050420166,0.47056074766355144,0.45460921843687374,0.4381642512077295,1
142.31078125,193.78489361702125,1.3617021276595744,0,0.7099289215758684,0,0.42815126050420166,0.4191256830601093,0.43936605316973415,0.44792899408284026,0
71.76983333333332,148.48931034482757,2.0689655172413794,1,0.8490102066248293,0,0.42025495750708214,0.41073446327683616,0.45460921843687374,0.43526315789473685,0
4.6454922279792745,19.07617021276596,4.1063829787234045,1,-0.7972251046931879,0,0.42815126050420166,0.42923076923076925,0.43936605316973415,0.44792899408284026,1
19.031734317343176,65.28607594936709,3.430379746835443,1,0.6540473693200445,0,0.42815126050420166,0.42923076923076925,0.45460921843687374,0.4381642512077295,1
10.24648780487805,27.279610389610394,2.6623376623376624,0,0.05111038001080115,0,0.42025495750708214,0.4223809523809524,0.43936605316973415,0.4317919075144509,0
11.220823529411765,124.40478260869565,11.08695652173913,0,-0.9384906661140648,1,0.419634703196347,0.48418079096045197,0.43936605316973415,0.39441624365482236,1
59.797826086956526,147.35892857142858,2.4642857142857144,1,0.7410585371369214,0,0.42025495750708214,0.438860103626943,0.42504725897920603,0.4277777777777778,0
14.244820143884892,70.71535714285714,4.964285714285714,1,-0.9956869933473623,0,0.4771641791044776,0.44292929292929295,0.43936605316973415,0.47803468208092487,0
153.46456140350875,208.2733333333333,1.3571428571428572,0,0.5392178767969018,0,0.44116766467065865,0.40481283422459896,0.42504725897920603,0.42114285714285715,0
79.23303797468354,104.3235,1.3166666666666667,0,0.4589553872851914,0,0.42815126050420166,0.47056074766355144,0.4222753346080306,0.44782608695652176,0
121.47820512820512,379.01199999999994,3.12,0,0.3173051604716826,0,0.44116766467065865,0.40481283422459896,0.4222753346080306,0.439247311827957,0
28.482987012987014,66.46030303030304,2.3333333333333335,1,0.24063904141259443,0,0.4771641791044776,0.4591623036649215,0.42504725897920603,0.485,1
104.8860655737705,130.57244897959185,1.2448979591836735,0,0.2543720011884516,0,0.4251063829787234,0.41285714285714287,0.43936605316973415,0.3974093264248705,0
412.5973913043478,1054.4155555555556,2.5555555555555554,1,-0.0146338432498897,0,0.42815126050420166,0.38846153846153847,0.43936605316973415,0.44792899408284026,1
16.62771217712177,63.46633802816901,3.816901408450704,1,0.3671742079160562,0,0.4771641791044776,0.49819277108433735,0.45460921843687374,0.49812500000000004,0
25.136326530612248,33.28864864864865,1.3243243243243243,1,0.05497090159059703,0,0.419634703196347,0.4452127659574468,0.42504725897920603,0.40918918918918923,0
33.38634920634921,233.70444444444445,7.0,1,-0.7961124236868207,1,0.419634703196347,0.4452127659574468,0.4222753346080306,0.41345029239766085,0
22.325612244897957,60.775277777777774,2.7222222222222223,1,-0.7902367227602127,0,0.4771641791044776,0.4591623036649215,0.42504725897920603,0.485,0
30.29255244755245,144.3945,4.766666666666667,0,0.9002479629153457,0,0.42815126050420166,0.47056074766355144,0.45460921843687374,0.4381642512077295,1
29.55507042253521,103.62518518518517,3.506172839506173,1,1.2898336063231848,0,0.419634703196347,0.37540983606557377,0.4222753346080306,0.41345029239766085,0
21.685460992907803,105.43620689655172,4.862068965517241,1,0.3906808808636616,0,0.419634703196347,0.37540983606557377,0.42504725897920603,0.40918918918918923,0
5.946369047619048,15.856984126984127,2.6666666666666665,1,-0.4438387377653135,0,0.4771641791044776,0.4591623036649215,0.4222753346080306,0.43333333333333335,1
118.96053333333334,330.44592592592596,2.7777777777777777,1,0.25758011465377084,0,0.419634703196347,0.4452127659574468,0.43936605316973415,0.39441624365482236,1
9.574122137404581,19.295538461538463,2.0153846153846153,0,-0.3551704228213,0,0.4251063829787234,0.41285714285714287,0.43936605316973415,0.3974093264248705,1
30.943688524590165,686.3872727272727,22.181818181818183,0,-0.3287941806710527,0,0.4251063829787234,0.41285714285714287,0.4222753346080306,0.41350000000000003,1
33.02192307692308,555.5452941176471,16.823529411764707,0,0.14431501982064376,0,0.419634703196347,0.48418079096045197,0.45460921843687374,0.4737804878048781,1
26.53834745762712,160.59102564102565,6.051282051282051,0,0.020474895058124498,0,0.419634703196347,0.3769230769230769,0.45460921843687374,0.4737804878048781,1
417.89235294117645,645.8336363636364,1.5454545454545454,0,-0.41067226584605687,0,0.4251063829787234,0.41850000000000004,0.4222753346080306,0.41350000000000003,0
60.959583333333335,48.76766666666666,0.8,0,-1.0487566571382267,1,0.42025495750708214,0.4223809523809524,0.45460921843687374,0.43526315789473685,1
14.639806763285025,178.26117647058823,12.176470588235293,0,-1.0329185407568113,1,0.44116766467065865,0.40481283422459896,0.4222753346080306,0.439247311827957,1
236.57409090909093,64.25469135802469,0.2716049382716049,1,0.7045032191727444,0,0.4771641791044776,0.44292929292929295,0.42504725897920603,0.485,1
8.448577235772357,54.69342105263158,6.473684210526316,0,-0.7685223586111914,1,0.44116766467065865,0.43273809523809526,0.4222753346080306,0.439247311827957,1
31.068942307692307,91.01887323943662,2.9295774647887325,1,0.7262326189136092,0,0.42025495750708214,0.41073446327683616,0.43936605316973415,0.4317919075144509,1
112.35104651162791,460.10428571428577,4.095238095238095,0,0.2679607409786112,0,0.44116766467065865,0.47210526315789475,0.43936605316973415,0.4953757225433526,1
40.29851612903226,96.09646153846154,2.3846153846153846,1,0.5611027818654926,0,0.419634703196347,0.4452127659574468,0.43936605316973415,0.39441624365482236,0
111.99717391304348,72.56154929577464,0.647887323943662,1,0.48570094530674124,0,0.419634703196347,0.37540983606557377,0.42504725897920603,0.40918918918918923,0
19.67124293785311,77.37355555555555,3.933333333333333,1,-0.36453986534246136,1,0.4771641791044776,0.44292929292929295,0.43936605316973415,0.47803468208092487,1
19.914411764705882,63.19506666666667,3.1733333333333333,1,0.493683248423774,0,0.42025495750708214,0.41073446327683616,0.4222753346080306,0.39365853658536587,0
64.833125,105.04607594936708,1.620253164556962,1,1.230573049470003,0,0.419634703196347,0.37540983606557377,0.43936605316973415,0.39441624365482236,1
31.85216216216216,310.1394736842105,9.736842105263158,1,-0.4657473468637426,0,0.4771641791044776,0.49819277108433735,0.4222753346080306,0.43333333333333335,0
2.1757735849056608,8.870461538461539,4.076923076923077,0,-0.47954677480663493,0,0.4251063829787234,0.4875,0.42504725897920603,0.42169312169312173,0
101.7747619047619,62.860882352941175,0.6176470588235294,0,0.2619349204258831,0,0.44116766467065865,0.43273809523809526,0.42504725897920603,0.42114285714285715,1
21.778016194331983,65.59963414634146,3.0121951219512195,0,0.7574511956885829,0,0.42815126050420166,0.47056074766355144,0.45460921843687374,0.4381642512077295,0
36.27375,114.0032142857143,3.142857142857143,0,-0.7732180926385018,0,0.419634703196347,0.48418079096045197,0.43936605316973415,0.39441624365482236,0
20.826526717557254,74.7472602739726,3.589041095890411,1,0.5834474509583603,0,0.42025495750708214,0.438860103626943,0.43936605316973415,0.4317919075144509,0
41.2102614379085,143.2993181818182,3.477272727272727,0,0.13276504779657905,0,0.4251063829787234,0.41850000000000004,0.4222753346080306,0.41350000000000003,0
41.49977777777778,172.91574074074074,4.166666666666667,1,0.8984466337758965,0,0.4771641791044776,0.49819277108433735,0.4222753346080306,0.43333333333333335,1
16.417725321888412,45.53964285714286,2.7738095238095237,0,0.514073580962142,0,0.4251063829787234,0.41850000000000004,0.42504725897920603,0.42169312169312173,0
16.8235472972973,383.0592307692308,22.76923076923077,0,-0.7587739503284896,1,0.42815126050420166,0.47056074766355144,0.42504725897920603,0.3806282722513089,1
25.680245901639342,49.73,1.9365079365079365,0,-0.052151334408459815,0,0.42815126050420166,0.47056074766355144,0.45460921843687374,0.4381642512077295,1
126.98541666666667,35.854705882352945,0.2823529411764706,0,0.3922452785536772,0,0.4251063829787234,0.4875,0.43936605316973415,0.3974093264248705,0
190.70071428571427,184.1248275862069,0.9655172413793104,1,-0.35813547228525056,0,0.419634703196347,0.4452127659574468,0.42504725897920603,0.40918918918918923,0
282.17923076923074,104.80942857142857,0.37142857142857144,0,0.865798817601552,0,0.42815126050420166,0.4191256830601093,0.43936605316973415,0.44792899408284026,1
23.138181818181817,104.12181818181817,4.5,1,-0.1836335758119393,0,0.419634703196347,0.4452127659574468,0.4222753346080306,0.41345029239766085,0
42.43854077253219,190.1573076923077,4.480769230769231,0,0.9577073079300349,0,0.44116766467065865,0.47210526315789475,0.4222753346080306,0.439247311827957,0
88.68857142857144,165.55200000000002,1.8666666666666667,1,-0.4056973467901303,1,0.4771641791044776,0.49819277108433735,0.4222753346080306,0.43333333333333335,1
83.82474747474747,296.3803571428571,3.5357142857142856,0,0.16407114189100835,0,0.44116766467065865,0.47210526315789475,0.4222753346080306,0.439247311827957,0
25.75354430379747,99.24536585365854,3.8536585365853657,1,-0.3403997633697644,0,0.42025495750708214,0.41073446327683616,0.42504725897920603,0.4277777777777778,0
5.6794936708860755,53.8416,9.48,0,-1.1747889072943607,1,0.419634703196347,0.3769230769230769,0.42504725897920603,0.40918918918918923,1
55.81766423357664,159.31291666666667,2.8541666666666665,1,0.46270375079844006,0,0.4771641791044776,0.4591623036649215,0.4222753346080306,0.43333333333333335,1
52.57611650485437,64.46833333333333,1.2261904761904763,1,0.8059137347631874,0,0.42025495750708214,0.41073446327683616,0.43936605316973415,0.4317919075144509,0
88.65243243243243,53.7727868852459,0.6065573770491803,1,-0.06696620020125621,0,0.42025495750708214,0.41073446327683616,0.4222753346080306,0.39365853658536587,0
60.939142857142855,52.02121951219512,0.8536585365853658,1,-0.6957799102795614,0,0.42815126050420166,0.42923076923076925,0.42504725897920603,0.3806282722513089,0
44.59129032258064,83.27289156626506,1.8674698795180722,0,1.0596437797556892,0,0.419634703196347,0.48418079096045197,0.43936605316973415,0.39441624365482236,0
43.2496174863388,119.91939393939394,2.772727272727273,1,0.8882447889589801,0,0.42025495750708214,0.41073446327683616,0.4222753346080306,0.39365853658536587,0
40.062,188.52705882352942,4.705882352941177,0,-1.0008860732620417,0,0.44116766467065865,0.43273809523809526,0.42504725897920603,0.42114285714285715,0
34.80513274336283,103.49947368421053,2.973684210526316,0,1.0884208033626337,0,0.42815126050420166,0.4191256830601093,0.45460921843687374,0.4381642512077295,1
63.582142857142856,66.42910447761194,1.044776119402985,1,0.2733657427513831,0,0.419634703196347,0.4452127659574468,0.4222753346080306,0.41345029239766085,1
43.17379679144385,126.1484375,2.921875,0,0.8755719062951315,0,0.42025495750708214,0.4223809523809524,0.4222753346080306,0.39365853658536587,1
232.16649999999998,52.76511363636364,0.22727272727272727,0,0.747861653107167,0,0.4251063829787234,0.41850000000000004,0.45460921843687374,0.4737704918032787,1
118.01491803278688,143.9782,1.22,1,0.4222785786745172,0,0.4251063829787234,0.3842105263157895,0.43936605316973415,0.3974093264248705,0
49.66907103825137,216.4152380952381,4.357142857142857,0,0.6019833053123236,0,0.4251063829787234,0.4875,0.4222753346080306,0.41350000000000003,0
23.89705223880597,91.49157142857143,3.8285714285714287,1,0.6946879545371533,0,0.42025495750708214,0.438860103626943,0.43936605316973415,0.4317919075144509,0
33.874932126696834,534.74,15.785714285714286,1,-0.2777872629418214,0,0.4771641791044776,0.44292929292929295,0.42504725897920603,0.485,0
19.20077380952381,41.8925974025974,2.1818181818181817,1,0.25763646541714214,0,0.42025495750708214,0.41073446327683616,0.43936605316973415,0.4317919075144509,1
4.242418604651163,14.251875,3.359375,0,-0.43887155043012865,0,0.42815126050420166,0.47056074766355144,0.43936605316973415,0.44792899408284026,1
388.87879999999996,313.6119354838709,0.8064516129032258,0,0.4880515085520017,0,0.42025495750708214,0.41236559139784945,0.43936605316973415,0.4317919075144509,0
32.88293103448276,282.54962962962964,8.592592592592593,1,0.02021828240396606,0,0.42815126050420166,0.42923076923076925,0.45460921843687374,0.4381642512077295,1
26.419011627906976,349.5438461538461,13.23076923076923,0,-0.8387449913981153,0,0.419634703196347,0.48418079096045197,0.42504725897920603,0.40918918918918923,0
30.926976744186046,511.4846153846154,16.53846153846154,1,-0.4523382096882047,0,0.4771641791044776,0.4591623036649215,0.42504725897920603,0.485,0
42.87100671140939,709.7533333333333,16.555555555555557,1,-0.5839865413364997,0,0.419634703196347,0.4452127659574468,0.42504725897920603,0.40918918918918923,0
14.858257261410788,45.90820512820513,3.08974358974359,0,0.34372736340633925,0,0.4251063829787234,0.4875,0.4222753346080306,0.41350000000000003,1
47.72769230769231,715.9153846153846,15.0,0,0.035453937997443896,0,0.419634703196347,0.3769230769230769,0.43936605316973415,0.39441624365482236,0
57.53333333333333,84.1951219512195,1.4634146341463414,1,1.0373278138988131,0,0.42025495750708214,0.438860103626943,0.4222753346080306,0.39365853658536587,1
38.88950413223141,68.19753623188406,1.7536231884057971,1,0.361971652017261,0,0.42815126050420166,0.42923076923076925,0.43936605316973415,0.44792899408284026,0
23.788092105263157,328.7081818181818,13.818181818181818,0,-1.0509508525948767,1,0.419634703196347,0.48418079096045197,0.45460921843687374,0.4737804878048781,1
210.9217948717949,144.31491228070178,0.6842105263157895,0,0.7571706444026725,0,0.44116766467065865,0.45191256830601095,0.43936605316973415,0.4953757225433526,1
70.56083333333333,164.64194444444445,2.3333333333333335,0,-0.10392110015855052,0,0.42815126050420166,0.47056074766355144,0.42504725897920603,0.3806282722513089,1
35.6239751552795,249.3678260869565,7.0,0,-0.4109516078394158,0,0.44116766467065865,0.45191256830601095,0.45460921843687374,0.4108247422680413,0
74.86777777777777,145.68864864864864,1.945945945945946,0,-0.18150561223000983,0,0.44116766467065865,0.43273809523809526,0.4222753346080306,0.439247311827957,0
149.7940909090909,94.15628571428572,0.6285714285714286,0,-0.6078602288712612,0,0.42025495750708214,0.41236559139784945,0.42504725897920603,0.4277777777777778,0
452.4047619047619,231.71951219512195,0.5121951219512195,1,0.6565199320794153,0,0.42815126050420166,0.38846153846153847,0.45460921843687374,0.4381642512077295,0
32.62252100840336,97.05199999999999,2.975,0,-0.39563105352091665,1,0.4251063829787234,0.41850000000000004,0.43936605316973415,0.3974093264248705,1
28.718486842105264,69.28904761904762,2.4126984126984126,1,0.17401785592161628,0,0.4771641791044776,0.4591623036649215,0.43936605316973415,0.47803468208092487,0
12.862266666666667,32.70067796610169,2.542372881355932,1,-0.35672396470932854,0,0.4771641791044776,0.49819277108433735,0.42504725897920603,0.485,0
286.8070833333333,109.25984126984127,0.38095238095238093,0,0.6362163337271902,0,0.42815126050420166,0.47056074766355144,0.42504725897920603,0.3806282722513089,0
51.464488188976375,148.54522727272726,2.8863636363636362,0,0.1751311614061521,0,0.42025495750708214,0.4223809523809524,0.4222753346080306,0.39365853658536587,1
44.731249999999996,111.3311111111111,2.488888888888889,0,-0.0840648868065783,0,0.419634703196347,0.3769230769230769,0.43936605316973415,0.39441624365482236,0
30.671781818181817,125.89164179104478,4.104477611940299,0,1.0046116181495421,0,0.44116766467065865,0.47210526315789475,0.42504725897920603,0.42114285714285715,1
24.694718614718614,713.06,28.875,1,-0.7303154378766276,0,0.4771641791044776,0.44292929292929295,0.42504725897920603,0.485,1
38.04247524752475,81.75085106382978,2.148936170212766,0,-0.2565514866321206,0,0.44116766467065865,0.45191256830601095,0.4222753346080306,0.439247311827957,0
54.046454545454544,121.32877551020408,2.2448979591836733,1,0.17123662514512755,0,0.42025495750708214,0.438860103626943,0.45460921843687374,0.43526315789473685,0
40.17390243902439,179.03586956521738,4.456521739130435,1,0.528920822603574,0,0.4771641791044776,0.44292929292929295,0.43936605316973415,0.47803468208092487,0
8.417027027027029,47.39152173913044,5.630434782608695,0,-0.5825683560580461,0,0.419634703196347,0.3769230769230769,0.42504725897920603,0.40918918918918923,0
3.3577446808510643,29.224814814814817,8.703703703703704,0,-1.2351949091883991,0,0.44116766467065865,0.45191256830601095,0.4222753346080306,0.439247311827957,0
37.57658333333333,187.88291666666666,5.0,0,0.7144115471749416,0,0.42025495750708214,0.4223809523809524,0.42504725897920603,0.4277777777777778,1
16.74391459074733,588.13,35.125,1,-0.91375876421729,0,0.42815126050420166,0.42923076923076925,0.42504725897920603,0.3806282722513089,0
11.309896907216494,43.305,3.8289473684210527,0,0.24873772035941571,0,0.44116766467065865,0.47210526315789475,0.42504725897920603,0.42114285714285715,0
29.588327526132407,163.3048076923077,5.519230769230769,0,0.7014163651328111,0,0.42025495750708214,0.41236559139784945,0.43936605316973415,0.4317919075144509,1
8.45021052631579,40.1385,4.75,0,-0.24789904526756357,0,0.44116766467065865,0.40481283422459896,0.42504725897920603,0.42114285714285715,1
88.97190476190477,45.02192771084338,0.5060240963855421,1,0.47691607647572704,0,0.419634703196347,0.37540983606557377,0.42504725897920603,0.40918918918918923,1
30.289709543568463,90.12123456790123,2.9753086419753085,1,1.0890671979165336,0,0.4771641791044776,0.44292929292929295,0.43936605316973415,0.47803468208092487,1
178.02526315789473,198.96941176470588,1.1176470588235294,0,0.00803933371996468,0,0.44116766467065865,0.40481283422459896,0.43936605316973415,0.4953757225433526,0
38.05949790794979,413.46454545454543,10.863636363636363,1,0.1849909859762754,0,0.419634703196347,0.37540983606557377,0.42504725897920603,0.40918918918918923,1
20.47811965811966,32.37756756756757,1.5810810810810811,0,0.04259622270853558,0,0.4251063829787234,0.41285714285714287,0.45460921843687374,0.4737704918032787,0
39.11283582089552,97.05777777777777,2.4814814814814814,1,-0.8990320402221179,0,0.42815126050420166,0.42923076923076925,0.4222753346080306,0.44782608695652176,0
13.18767441860465,27.888688524590165,2.1147540983606556,0,-0.35677266307953037,0,0.42025495750708214,0.41236559139784945,0.43936605316973415,0.4317919075144509,1
27.01627450980392,206.6745,7.65,0,-0.7677224874384139,1,0.44116766467065865,0.47210526315789475,0.45460921843687374,0.4108247422680413,1
25.370640394088667,245.2495238095238,9.666666666666666,1,-0.5601901397973758,0,0.4771641791044776,0.4591623036649215,0.4222753346080306,0.43333333333333335,0
57.678620689655176,238.95428571428573,4.142857142857143,0,-0.13105815824000644,0,0.419634703196347,0.48418079096045197,0.45460921843687374,0.4737804878048781,1
77.56834782608696,107.47421686746989,1.3855421686746987,1,1.4283346907195815,0,0.4771641791044776,0.4591623036649215,0.4222753346080306,0.43333333333333335,1
381.47,90.82619047619048,0.23809523809523808,1,0.4230605627495045,0,0.419634703196347,0.37540983606557377,0.4222753346080306,0.41345029239766085,1
11.057514124293785,122.32375,11.0625,1,-1.2508230791962074,1,0.4771641791044776,0.49819277108433735,0.42504725897920603,0.485,1
276.9023529411765,112.0795238095238,0.40476190476190477,1,1.5399770429830557,0,0.419634703196347,0.37540983606557377,0.43936605316973415,0.39441624365482236,0
2.464036363636364,11.484915254237288,4.661016949152542,1,-0.5864741396877141,0,0.42815126050420166,0.42923076923076925,0.43936605316973415,0.44792899408284026,0
2.9675373134328358,19.8825,6.7,0,-0.962197521624885,1,0.44116766467065865,0.47210526315789475,0.4222753346080306,0.439247311827957,1
8.06557142857143,33.211176470588235,4.117647058823529,0,-0.10812707999587001,0,0.44116766467065865,0.45191256830601095,0.4222753346080306,0.439247311827957,1
16.65621513944223,112.99216216216216,6.783783783783784,0,-0.4035541923420158,0,0.44116766467065865,0.45191256830601095,0.4222753346080306,0.439247311827957,0
129.19051282051282,59.27564705882353,0.4588235294117647,0,0.7576452077264781,0,0.4771641791044776,0.5011428571428571,0.42504725897920603,0.485,0
7.465812274368232,159.07923076923078,21.307692307692307,0,-1.2932125069593636,1,0.44116766467065865,0.47210526315789475,0.43936605316973415,0.4953757225433526,1
196.79888888888888,231.02478260869563,1.173913043478261,0,-0.488387877100064,0,0.44116766467065865,0.43273809523809526,0.45460921843687374,0.4108247422680413,0
27.469827586206897,189.67261904761904,6.904761904761905,0,0.395826147591431,0,0.44116766467065865,0.47210526315789475,0.4222753346080306,0.439247311827957,1
28.01228070175439,212.89333333333335,7.6,0,-1.0448315425163033,1,0.4251063829787234,0.4875,0.42504725897920603,0.42169312169312173,1
66.5940579710145,1021.1088888888888,15.333333333333334,0,-0.06965362583201273,0,0.42815126050420166,0.4191256830601093,0.4222753346080306,0.44782608695652176,0
8.41419708029197,49.05297872340425,5.829787234042553,1,-0.5386251518049476,0,0.42815126050420166,0.38846153846153847,0.45460921843687374,0.4381642512077295,0
56.79,685.5364285714286,12.071428571428571,1,0.10970611175209699,0,0.4251063829787234,0.3842105263157895,0.4222753346080306,0.41350000000000003,0
22.451569343065692,123.0346,5.48,1,0.23007276093917037,0,0.419634703196347,0.4452127659574468,0.42504725897920603,0.40918918918918923,1
32.80441441441442,77.47425531914894,2.3617021276595747,0,-0.29344425517697886,0,0.4771641791044776,0.5011428571428571,0.42504725897920603,0.485,0
29.13122033898305,138.6082258064516,4.758064516129032,1,0.9292307531060404,0,0.4771641791044776,0.44292929292929295,0.45460921843687374,0.49812500000000004,0
2.6496938775510204,8.243492063492065,3.111111111111111,1,-0.5318766304645237,0,0.4771641791044776,0.4591623036649215,0.42504725897920603,0.485,0
40.7004424778761,126.0041095890411,3.095890410958904,0,1.2702311161460393,0,0.44116766467065865,0.40481283422459896,0.45460921843687374,0.4108247422680413,1
8.027281105990784,66.99692307692308,8.346153846153847,0,-1.0812148343122587,0,0.44116766467065865,0.47210526315789475,0.42504725897920603,0.42114285714285715,0
7.13866935483871,118.02600000000001,16.533333333333335,0,-1.3060194955860485,0,0.42025495750708214,0.41236559139784945,0.45460921843687374,0.43526315789473685,0
300.08,120.92776119402986,0.40298507462686567,1,0.943567852166214,0,0.42815126050420166,0.38846153846153847,0.4222753346080306,0.44782608695652176,1
26.798843930635837,289.7625,10.8125,1,-0.7590993737880171,0,0.42815126050420166,0.38846153846153847,0.45460921843687374,0.4381642512077295,0
47.16352601156069,100.73197530864198,2.1358024691358026,0,1.2468195749376747,0,0.42815126050420166,0.47056074766355144,0.42504725897920603,0.3806282722513089,0
24.612564102564104,179.979375,7.3125,0,-0.21836198379151972,0,0.4771641791044776,0.5011428571428571,0.4222753346080306,0.43333333333333335,0
38.170470085470086,178.6378,4.68,1,0.7403603201315745,0,0.4771641791044776,0.49819277108433735,0.42504725897920603,0.485,1
61.376030534351145,105.79289473684211,1.7236842105263157,0,1.1204128907127273,0,0.42815126050420166,0.4191256830601093,0.4222753346080306,0.44782608695652176,1
16.083305785123965,36.71849056603774,2.2830188679245285,0,-0.4791224313846669,0,0.4251063829787234,0.41850000000000004,0.45460921843687374,0.4737704918032787,0
32.99474074074074,202.46772727272727,6.136363636363637,1,0.6106108316640891,0,0.42815126050420166,0.38846153846153847,0.4222753346080306,0.44782608695652176,1
53.551276595744675,46.60944444444444,0.8703703703703703,1,-0.3534369660795652,0,0.42815126050420166,0.38846153846153847,0.43936605316973415,0.44792899408284026,0
62.324580645161284,163.73406779661016,2.6271186440677967,0,1.0622655220431245,0,0.4251063829787234,0.41850000000000004,0.4222753346080306,0.41350000000000003,0
146.02090909090907,155.4416129032258,1.064516129032258,1,1.1207923239876934,0,0.4251063829787234,0.3842105263157895,0.42504725897920603,0.42169312169312173,1
100.59902777777778,116.82467741935484,1.1612903225806452,1,0.6813370449402958,0,0.419634703196347,0.37540983606557377,0.4222753346080306,0.41345029239766085,1
22.030729613733904,73.33085714285714,3.3285714285714287,0,0.4613549594493368,0,0.4251063829787234,0.4875,0.43936605316973415,0.3974093264248705,1
66.44118110236221,191.7734090909091,2.8863636363636362,1,0.5242432085855665,0,0.4771641791044776,0.44292929292929295,0.4222753346080306,0.43333333333333335,0
16.720123456790123,44.40426229508196,2.6557377049180326,1,-0.17185913238043837,0,0.4771641791044776,0.49819277108433735,0.42504725897920603,0.485,1
145.04694444444442,106.56510204081631,0.7346938775510204,1,0.03845569668382712,0,0.42025495750708214,0.438860103626943,0.45460921843687374,0.43526315789473685,1
19.819940119760478,53.38596774193548,2.693548387096774,0,-0.040586523421080545,0,0.4251063829787234,0.41285714285714287,0.42504725897920603,0.42169312169312173,0
29.523543307086612,69.435,2.3518518518518516,0,-0.12720169914911036,0,0.4251063829787234,0.4875,0.4222753346080306,0.41350000000000003,1
23.80065,56.668214285714285,2.380952380952381,1,0.6856524866125575,0,0.42025495750708214,0.438860103626943,0.4222753346080306,0.39365853658536587,1
120.60440677966102,81.78919540229884,0.6781609195402298,1,1.180736374493463,0,0.4771641791044776,0.44292929292929295,0.43936605316973415,0.47803468208092487,1
690.7921428571428,161.18483333333333,0.23333333333333334,1,1.0851559872310728,0,0.4251063829787234,0.3842105263157895,0.45460921843687374,0.4737704918032787,1
21.360535714285714,44.857125,2.1,0,0.3869698510510146,0,0.44116766467065865,0.40481283422459896,0.4222753346080306,0.439247311827957,1
4.2498342541436465,9.736962025316457,2.2911392405063293,0,-0.15142271837590193,0,0.42025495750708214,0.41236559139784945,0.42504725897920603,0.4277777777777778,1
47.19763513513514,131.79716981132074,2.792452830188679,0,0.4457976306461468,0,0.4771641791044776,0.5011428571428571,0.42504725897920603,0.485,0
39.79304878048781,117.94084337349398,2.963855421686747,1,1.5877867047393563,0,0.419634703196347,0.4452127659574468,0.4222753346080306,0.41345029239766085,1
86.73177777777778,125.90096774193547,1.4516129032258065,0,-0.5800106599717405,0,0.44116766467065865,0.40481283422459896,0.4222753346080306,0.439247311827957,0
41.48330827067669,98.52285714285713,2.375,0,0.23909295867000913,0,0.44116766467065865,0.40481283422459896,0.43936605316973415,0.4953757225433526,1
38.49359832635983,164.28517857142856,4.267857142857143,1,0.9150363904733134,0,0.4251063829787234,0.3842105263157895,0.45460921843687374,0.4737704918032787,1
28.047488372093024,82.60561643835617,2.9452054794520546,1,0.6887405136620588,0,0.419634703196347,0.4452127659574468,0.45460921843687374,0.4737804878048781,1
77.5545871559633,124.3154411764706,1.6029411764705883,1,1.0289576040069468,0,0.4771641791044776,0.44292929292929295,0.42504725897920603,0.485,1
32.77769230769231,168.9746551724138,5.155172413793103,0,1.0670905197918612,0,0.4771641791044776,0.5011428571428571,0.43936605316973415,0.47803468208092487,0
326.7804,742.6827272727273,2.272727272727273,0,-0.2151332507138214,0,0.4251063829787234,0.41285714285714287,0.45460921843687374,0.4737704918032787,0
9.700040485829959,40.60864406779661,4.186440677966102,0,-0.27108685515721653,0,0.42815126050420166,0.47056074766355144,0.45460921843687374,0.4381642512077295,1
46.716556291390724,172.05365853658537,3.682926829268293,1,0.20751107789390855,0,0.42815126050420166,0.42923076923076925,0.43936605316973415,0.44792899408284026,1
4.600415094339622,40.63699999999999,8.833333333333334,1,-1.0935272248171413,0,0.4771641791044776,0.44292929292929295,0.4222753346080306,0.43333333333333335,0
41.823432835820896,36.870657894736844,0.881578947368421,1,0.15898183605035526,0,0.4771641791044776,0.4591623036649215,0.42504725897920603,0.485,1
27.02113445378151,73.07988636363636,2.7045454545454546,1,1.0759870378218095,0,0.419634703196347,0.4452127659574468,0.43936605316973415,0.39441624365482236,0
22.89103448275862,44.256,1.9333333333333333,0,-1.073599623419553,0,0.44116766467065865,0.43273809523809526,0.45460921843687374,0.4108247422680413,0
15.917477477477476,40.61701149425287,2.5517241379310347,1,0.523277871646142,0,0.419634703196347,0.37540983606557377,0.42504725897920603,0.40918918918918923,0
31.89064189189189,111.05447058823529,3.4823529411764707,0,1.56546835658036,0,0.44116766467065865,0.43273809523809526,0.4222753346080306,0.439247311827957,1
51.00585365853659,72.95023255813953,1.430232558139535,1,1.005289722719722,0,0.419634703196347,0.4452127659574468,0.43936605316973415,0.39441624365482236,0
4.861416309012876,36.539032258064516,7.516129032258065,0,-1.0884737708092396,1,0.42815126050420166,0.4191256830601093,0.45460921843687374,0.4381642512077295,1
33.573287197231835,359.3585185185185,10.703703703703704,1,0.4008635516530652,0,0.4771641791044776,0.49819277108433735,0.42504725897920603,0.485,1
16.76834123222749,52.80776119402985,3.1492537313432836,0,0.10585605440763174,0,0.4771641791044776,0.5011428571428571,0.42504725897920603,0.485,0
36.75023121387283,635.779,17.3,0,-0.5685792511414565,0,0.44116766467065865,0.45191256830601095,0.42504725897920603,0.42114285714285715,0
15.430167364016736,43.902499999999996,2.8452380952380953,1,0.4888323196174209,0,0.42025495750708214,0.438860103626943,0.42504725897920603,0.4277777777777778,0
13.09144578313253,47.243043478260866,3.608695652173913,1,-1.2642336222928257,0,0.42025495750708214,0.41073446327683616,0.4222753346080306,0.39365853658536587,0
15.458132530120483,82.77580645161291,5.354838709677419,0,-0.8253897864008457,0,0.44116766467065865,0.47210526315789475,0.43936605316973415,0.4953757225433526,0
30.997225433526015,172.98451612903227,5.580645161290323,0,-0.31210859011905523,0,0.44116766467065865,0.47210526315789475,0.43936605316973415,0.4953757225433526,0
87.02362745098038,184.92520833333333,2.125,1,0.6883535056310933,0,0.4771641791044776,0.49819277108433735,0.42504725897920603,0.485,1
40.229322033898306,63.29413333333334,1.5733333333333333,0,0.49504699603714863,0,0.42025495750708214,0.41236559139784945,0.42504725897920603,0.4277777777777778,0
147.72672413793103,117.37191780821917,0.7945205479452054,0,1.1545695335662263,0,0.44116766467065865,0.43273809523809526,0.42504725897920603,0.42114285714285715,0
21.82134831460674,38.842,1.78,1,-0.5425884592075549,0,0.42815126050420166,0.42923076923076925,0.4222753346080306,0.44782608695652176,1
215.8864864864865,101.1113924050633,0.46835443037974683,0,1.1735195759651087,0,0.44116766467065865,0.40481283422459896,0.45460921843687374,0.4108247422680413,1
99.80166666666666,707.6845454545454,7.090909090909091,1,-0.2857948329745157,0,0.42025495750708214,0.438860103626943,0.45460921843687374,0.43526315789473685,1
27.70186567164179,285.5423076923077,10.307692307692308,0,-0.038272786699209416,0,0.44116766467065865,0.40481283422459896,0.43936605316973415,0.4953757225433526,0
91.83306930693068,113.11146341463414,1.2317073170731707,1,1.472541342294113,0,0.42815126050420166,0.42923076923076925,0.43936605316973415,0.44792899408284026,1
30.329361702127656,427.64399999999995,14.1,0,0.04343936519572178,0,0.4251063829787234,0.41285714285714287,0.45460921843687374,0.4737704918032787,1
82.87201923076924,662.9761538461539,8.0,1,-0.09086433185458043,0,0.4771641791044776,0.49819277108433735,0.42504725897920603,0.485,0
6.492148148148148,12.172777777777778,1.875,0,-0.278125770921515,0,0.44116766467065865,0.43273809523809526,0.45460921843687374,0.4108247422680413,0
22.632194244604317,77.67592592592592,3.432098765432099,1,0.9040398686279003,0,0.4771641791044776,0.4591623036649215,0.45460921843687374,0.49812500000000004,0
27.501959798994978,62.19193181818182,2.2613636363636362,0,0.9001241659134986,0,0.4251063829787234,0.41850000000000004,0.42504725897920603,0.42169312169312173,0
9.758028169014086,28.27836734693878,2.8979591836734695,0,-0.6656363668808675,0,0.42025495750708214,0.41236559139784945,0.45460921843687374,0.43526315789473685,0
47.21865384615384,34.58267605633802,0.7323943661971831,1,-0.009231146142066604,0,0.419634703196347,0.4452127659574468,0.4222753346080306,0.41345029239766085,1
33.353932584269664,269.8636363636364,8.090909090909092,0,0.38001529055154165,0,0.4251063829787234,0.41285714285714287,0.43936605316973415,0.3974093264248705,1
20.4288,44.02758620689655,2.1551724137931036,0,-0.26305530682898415,0,0.4251063829787234,0.41850000000000004,0.43936605316973415,0.3974093264248705,0
52.696455696202534,346.91833333333335,6.583333333333333,0,-0.9295970755368328,0,0.4251063829787234,0.41285714285714287,0.4222753346080306,0.41350000000000003,0
48.57420792079208,178.39981818181818,3.672727272727273,1,1.006458443940777,0,0.4771641791044776,0.44292929292929295,0.42504725897920603,0.485,0
32.98742857142857,126.28,3.828125,1,0.8771173645595478,0,0.419634703196347,0.37540983606557377,0.42504725897920603,0.40918918918918923,1
4.985515151515152,25.7065625,5.15625,0,-1.1244795820923073,0,0.44116766467065865,0.47210526315789475,0.45460921843687374,0.4108247422680413,0
49.43781690140845,125.36017857142858,2.5357142857142856,0,0.5149425751793728,0,0.419634703196347,0.48418079096045197,0.45460921843687374,0.4737804878048781,1
20.256517857142857,38.453050847457625,1.8983050847457628,0,-0.29443024970216713,0,0.42815126050420166,0.4191256830601093,0.42504725897920603,0.3806282722513089,0
32.29105960264901,174.14107142857142,5.392857142857143,0,-0.4641521362109144,0,0.419634703196347,0.48418079096045197,0.4222753346080306,0.41345029239766085,0
8.57038961038961,39.5952,4.62,1,-0.5356761126234785,0,0.4771641791044776,0.4591623036649215,0.42504725897920603,0.485,1
24.646758893280634,109.39701754385965,4.43859649122807,1,0.3918551464414666,0,0.4771641791044776,0.44292929292929295,0.43936605316973415,0.47803468208092487,1
13.703,84.32615384615384,6.153846153846154,1,-0.5254518127330615,0,0.419634703196347,0.37540983606557377,0.45460921843687374,0.4737804878048781,0
34.792617449664434,185.14642857142857,5.321428571428571,1,-0.40759240174773975,0,0.419634703196347,0.37540983606557377,0.42504725897920603,0.40918918918918923,0
25.154545454545453,80.09736842105262,3.1842105263157894,0,0.7619730301131652,0,0.44116766467065865,0.43273809523809526,0.43936605316973415,0.4953757225433526,1
84.77703125,78.63376811594202,0.927536231884058,1,0.49414320738617856,0,0.42025495750708214,0.438860103626943,0.45460921843687374,0.43526315789473685,0
28.17594936708861,50.02022471910112,1.7752808988764044,0,0.7336189043433227,0,0.44116766467065865,0.45191256830601095,0.43936605316973415,0.4953757225433526,1
32.13626865671642,115.34625000000001,3.5892857142857144,0,0.4120135864003398,0,0.44116766467065865,0.43273809523809526,0.42504725897920603,0.42114285714285715,0
19.07988047808765,136.83,7.171428571428572,0,-0.3337194266661395,1,0.4251063829787234,0.41850000000000004,0.4222753346080306,0.41350000000000003,1
10.117748691099477,35.78685185185185,3.537037037037037,1,-0.4607049849501428,0,0.42025495750708214,0.438860103626943,0.43936605316973415,0.4317919075144509,1
10.136666666666667,412.70714285714286,40.714285714285715,0,-1.2680068611550794,1,0.44116766467065865,0.47210526315789475,0.43936605316973415,0.4953757225433526,1
52.12984615384615,616.08,11.818181818181818,0,-0.4707450728960403,0,0.42815126050420166,0.4191256830601093,0.42504725897920603,0.3806282722513089,1
77.69847826086956,113.46444444444445,1.4603174603174602,1,0.6848358633781728,0,0.42025495750708214,0.41073446327683616,0.4222753346080306,0.39365853658536587,1
33.179368932038834,136.69899999999998,4.12,1,0.35547513569149913,0,0.42025495750708214,0.438860103626943,0.45460921843687374,0.43526315789473685,1
34.04611940298508,86.62367088607596,2.5443037974683542,0,0.9634455442106479,0,0.44116766467065865,0.47210526315789475,0.45460921843687374,0.4108247422680413,1
24.40991304347826,93.57133333333333,3.8333333333333335,1,0.34054428394516933,0,0.42025495750708214,0.41073446327683616,0.45460921843687374,0.43526315789473685,1
39.47094170403587,125.74314285714286,3.1857142857142855,0,1.1347599485214204,0,0.4251063829787234,0.41850000000000004,0.4222753346080306,0.41350000000000003,0
37.94615384615384,173.3216216216216,4.5675675675675675,0,0.006155603768169371,0,0.42815126050420166,0.47056074766355144,0.43936605316973415,0.44792899408284026,0
37.431525423728814,348.7042105263158,9.31578947368421,0,-0.33125760409820015,0,0.44116766467065865,0.45191256830601095,0.45460921843687374,0.4108247422680413,0
21.774255319148935,80.79394736842106,3.710526315789474,0,-0.5864776536452144,1,0.419634703196347,0.48418079096045197,0.45460921843687374,0.4737804878048781,1
12.587120622568094,119.81074074074074,9.518518518518519,0,-0.786274157136731,1,0.44116766467065865,0.40481283422459896,0.43936605316973415,0.4953757225433526,1
21.23296296296296,65.31151898734177,3.0759493670886076,0,0.654416297005493,0,0.4251063829787234,0.41285714285714287,0.45460921843687374,0.4737704918032787,0
145.9613432835821,130.39213333333333,0.8933333333333333,0,1.4187152735830075,0,0.44116766467065865,0.43273809523809526,0.45460921843687374,0.4108247422680413,1
10.04219512195122,56.145,5.590909090909091,1,-1.2578705081241592,0,0.4251063829787234,0.3842105263157895,0.4222753346080306,0.41350000000000003,0
14.57341463414634,37.344375,2.5625,1,-0.16760508034148708,0,0.419634703196347,0.4452127659574468,0.45460921843687374,0.4737804878048781,1
254.6116,73.16425287356321,0.28735632183908044,0,1.043008878309357,0,0.42815126050420166,0.4191256830601093,0.4222753346080306,0.44782608695652176,0
16.02684210526316,57.61000000000001,3.5945945945945947,1,0.38531352334017444,0,0.419634703196347,0.37540983606557377,0.45460921843687374,0.4737804878048781,0
38.316625,155.8642372881356,4.067796610169491,1,0.9770413912433803,0,0.42815126050420166,0.38846153846153847,0.42504725897920603,0.3806282722513089,1
73.675546875,261.9575,3.5555555555555554,1,0.539107007350478,0,0.42815126050420166,0.38846153846153847,0.43936605316973415,0.44792899408284026,0
3.0821698113207545,13.612916666666665,4.416666666666667,0,-0.8209443392280324,0,0.4251063829787234,0.4875,0.42504725897920603,0.42169312169312173,1
246.73230769230767,481.128,1.95,0,0.23977497045474683,0,0.4251063829787234,0.41285714285714287,0.4222753346080306,0.41350000000000003,1
28.686992481203006,89.77341176470588,3.1294117647058823,0,1.2334536297489735,0,0.42815126050420166,0.47056074766355144,0.43936605316973415,0.44792899408284026,1
35.00637096774194,723.465,20.666666666666668,0,-0.1002329549594454,0,0.42025495750708214,0.4223809523809524,0.45460921843687374,0.43526315789473685,1
27.469746835443036,260.4132,9.48,1,-0.22690355570965304,0,0.419634703196347,0.37540983606557377,0.45460921843687374,0.4737804878048781,1
142.10736842105263,108.0016,0.76,1,0.09211032573149514,0,0.4771641791044776,0.44292929292929295,0.45460921843687374,0.49812500000000004,0
26.719107142857144,80.87945945945945,3.027027027027027,0,0.701368915718947,0,0.4251063829787234,0.41850000000000004,0.43936605316973415,0.3974093264248705,0
34.21344660194175,190.48567567567568,5.5675675675675675,1,0.12272023321982695,0,0.42025495750708214,0.438860103626943,0.4222753346080306,0.39365853658536587,1
48.72952702702703,167.72023255813954,3.441860465116279,0,0.2782928242075916,0,0.44116766467065865,0.47210526315789475,0.42504725897920603,0.42114285714285715,1
19.705570934256055,86.28651515151515,4.378787878787879,0,0.4808146355618651,0,0.419634703196347,0.48418079096045197,0.4222753346080306,0.41345029239766085,1
38.7140625,106.79741379310344,2.7586206896551726,0,0.40517184641896786,0,0.42815126050420166,0.4191256830601093,0.4222753346080306,0.44782608695652176,1
31.32187250996016,245.6809375,7.84375,0,0.16753453972657634,0,0.42815126050420166,0.4191256830601093,0.4222753346080306,0.44782608695652176,1
10.51442105263158,26.286052631578947,2.5,1,0.011331837042691806,0,0.42025495750708214,0.438860103626943,0.4222753346080306,0.39365853658536587,0
31.993262711864407,94.38012499999999,2.95,1,1.1141501800647529,0,0.419634703196347,0.4452127659574468,0.42504725897920603,0.40918918918918923,1
4.546388888888888,17.004675324675322,3.74025974025974,0,-0.09410579754957471,0,0.419634703196347,0.3769230769230769,0.4222753346080306,0.41345029239766085,0
49.34324324324324,45.6425,0.925,0,-0.7730716076516415,0,0.42815126050420166,0.47056074766355144,0.45460921843687374,0.4381642512077295,0
95.11382716049383,208.22216216216216,2.189189189189189,1,0.24317236932710684,0,0.42025495750708214,0.438860103626943,0.4222753346080306,0.39365853658536587,1
21.515688073394497,75.65193548387097,3.5161290322580645,0,0.21279704895947385,0,0.44116766467065865,0.45191256830601095,0.4222753346080306,0.439247311827957,0
39.33327272727273,432.666,11.0,0,0.061874736701421185,0,0.42025495750708214,0.41236559139784945,0.4222753346080306,0.39365853658536587,0
37.77180952380952,49.5755,1.3125,0,0.45625300200936114,0,0.4771641791044776,0.5011428571428571,0.42504725897920603,0.485,0
5.408805309734514,29.104523809523812,5.380952380952381,1,-0.8419831363833353,0,0.419634703196347,0.37540983606557377,0.4222753346080306,0.41345029239766085,0
32.46870292887029,138.5717857142857,4.267857142857143,0,0.6507391662635191,0,0.42815126050420166,0.47056074766355144,0.42504725897920603,0.3806282722513089,0
70.75815384615385,58.21873417721519,0.8227848101265823,0,0.5515699039769335,0,0.419634703196347,0.48418079096045197,0.45460921843687374,0.4737804878048781,1
13.423789473684211,85.01733333333334,6.333333333333333,0,-0.30140550914159114,1,0.4251063829787234,0.41285714285714287,0.43936605316973415,0.3974093264248705,1
38.659405940594056,111.56,2.8857142857142857,0,-0.49605678556912425,1,0.42815126050420166,0.4191256830601093,0.42504725897920603,0.3806282722513089,1
33.448791666666665,205.83871794871794,6.153846153846154,0,0.34437137734852064,0,0.42815126050420166,0.4191256830601093,0.4222753346080306,0.44782608695652176,0
31.749184397163123,406.9668181818182,12.818181818181818,0,0.15875306924250698,0,0.42815126050420166,0.4191256830601093,0.45460921843687374,0.4381642512077295,1
25.520079051383398,430.4386666666667,16.866666666666667,1,-0.4458875402266979,0,0.4771641791044776,0.44292929292929295,0.43936605316973415,0.47803468208092487,0
31.776048780487805,325.7045,10.25,1,-0.3307726128220474,0,0.4251063829787234,0.3842105263157895,0.4222753346080306,0.41350000000000003,0
3.0301083032490976,36.49304347826087,12.043478260869565,0,-1.3096153985252446,1,0.44116766467065865,0.43273809523809526,0.43936605316973415,0.4953757225433526,0
3.330511811023622,13.014615384615386,3.9076923076923076,0,-0.43010495857315995,0,0.42815126050420166,0.4191256830601093,0.45460921843687374,0.4381642512077295,1
75.93232,215.7168181818182,2.840909090909091,0,0.7176108732109081,0,0.42025495750708214,0.41236559139784945,0.43936605316973415,0.4317919075144509,1
4.791341463414635,21.430363636363637,4.472727272727273,1,-0.578153877122387,0,0.419634703196347,0.4452127659574468,0.42504725897920603,0.40918918918918923,0
28.401607142857145,433.77000000000004,15.272727272727273,1,-0.8388302816897928,1,0.4771641791044776,0.49819277108433735,0.42504725897920603,0.485,1
33.087673611111114,110.80523255813954,3.3488372093023258,0,1.6028295972512767,0,0.42815126050420166,0.4191256830601093,0.43936605316973415,0.44792899408284026,0
32.27033444816053,150.76296875,4.671875,1,1.164717603169617,0,0.4771641791044776,0.44292929292929295,0.43936605316973415,0.47803468208092487,0
13.234285714285715,64.848,4.9,0,0.024220914242638197,0,0.4771641791044776,0.5011428571428571,0.42504725897920603,0.485,0
164.62971428571427,64.74202247191012,0.39325842696629215,0,0.9741083623443929,0,0.44116766467065865,0.43273809523809526,0.4222753346080306,0.439247311827957,1
237.37743589743587,162.41614035087719,0.6842105263157895,1,0.9465480165495799,0,0.4251063829787234,0.3842105263157895,0.42504725897920603,0.42169312169312173,0
42.40522580645162,193.3179411764706,4.5588235294117645,0,-0.027229051732246795,0,0.44116766467065865,0.47210526315789475,0.43936605316973415,0.4953757225433526,1
35.07122222222222,46.417794117647055,1.3235294117647058,0,0.056706506032537796,0,0.44116766467065865,0.47210526315789475,0.45460921843687374,0.4108247422680413,0
16.419628252788105,133.84484848484848,8.151515151515152,0,-0.44385345942767135,1,0.419634703196347,0.48418079096045197,0.4222753346080306,0.41345029239766085,1
3.2832173913043476,17.56139534883721,5.348837209302325,1,-0.9068332191928927,0,0.4771641791044776,0.49819277108433735,0.43936605316973415,0.47803468208092487,0
63.75480519480519,223.14181818181817,3.5,1,0.7775753880547149,0,0.419634703196347,0.4452127659574468,0.4222753346080306,0.41345029239766085,0
17.487560975609757,119.49833333333332,6.833333333333333,0,-0.6592864908163079,0,0.42815126050420166,0.47056074766355144,0.42504725897920603,0.3806282722513089,0
19.334144144144144,53.65225,2.775,0,0.5161147310303567,0,0.419634703196347,0.3769230769230769,0.43936605316973415,0.39441624365482236,1
32.07161172161172,364.8145833333333,11.375,0,0.16428600814319633,0,0.44116766467065865,0.40481283422459896,0.4222753346080306,0.439247311827957,1
16.915986159169552,698.3885714285715,41.285714285714285,1,-0.9009568524339289,1,0.4771641791044776,0.44292929292929295,0.4222753346080306,0.43333333333333335,1
9.458542713567839,49.5328947368421,5.2368421052631575,0,-0.8045157512064487,1,0.44116766467065865,0.47210526315789475,0.43936605316973415,0.4953757225433526,1
33.83669456066946,137.06728813559323,4.0508474576271185,0,0.7734850819318444,0,0.419634703196347,0.48418079096045197,0.42504725897920603,0.40918918918918923,1
29.727027027027024,78.56428571428572,2.642857142857143,0,-0.4607009621250291,0,0.4251063829787234,0.4875,0.45460921843687374,0.4737704918032787,0
33.037179487179486,126.7327868852459,3.8360655737704916,1,0.749916784749015,0,0.42025495750708214,0.438860103626943,0.43936605316973415,0.4317919075144509,0
13.764125000000002,115.9084210526316,8.421052631578947,0,-1.1431040837307056,0,0.4251063829787234,0.41850000000000004,0.43936605316973415,0.3974093264248705,0
43.70189189189189,179.66333333333333,4.111111111111111,1,-1.4596501687071235,1,0.4771641791044776,0.4591623036649215,0.45460921843687374,0.49812500000000004,1
32.87523489932886,67.10150684931507,2.041095890410959,1,0.48100302391543875,0,0.42815126050420166,0.38846153846153847,0.4222753346080306,0.44782608695652176,0
107.05388888888889,229.4011904761905,2.142857142857143,0,0.702091190347404,0,0.419634703196347,0.48418079096045197,0.43936605316973415,0.39441624365482236,0
11.700785714285713,109.20733333333332,9.333333333333334,1,-1.330298975303033,0,0.419634703196347,0.4452127659574468,0.4222753346080306,0.41345029239766085,0
72.68796992481202,158.48360655737704,2.180327868852459,1,1.1054088947872316,0,0.4771641791044776,0.4591623036649215,0.43936605316973415,0.47803468208092487,0
16.664409448818898,50.39,3.0238095238095237,1,0.5888557734409061,0,0.4771641791044776,0.4591623036649215,0.4222753346080306,0.43333333333333335,0
14.370972762645915,49.910000000000004,3.472972972972973,0,0.2807289486294269,0,0.4251063829787234,0.41285714285714287,0.43936605316973415,0.3974093264248705,0
16.51421052631579,40.749350649350646,2.4675324675324677,1,0.2414789011633915,0,0.4771641791044776,0.49819277108433735,0.4222753346080306,0.43333333333333335,0
49.75295597484277,219.74222222222224,4.416666666666667,0,0.26016280339003844,0,0.4251063829787234,0.41850000000000004,0.4222753346080306,0.41350000000000003,1
3.728695652173913,19.790769230769232,5.3076923076923075,0,-0.9874153515150661,1,0.42815126050420166,0.4191256830601093,0.4222753346080306,0.44782608695652176,1
171.4425,25.089146341463415,0.14634146341463414,1,0.1477367075372248,0,0.4771641791044776,0.49819277108433735,0.43936605316973415,0.47803468208092487,1
52.723333333333336,119.82575757575758,2.272727272727273,0,0.8871104739858098,0,0.42815126050420166,0.47056074766355144,0.42504725897920603,0.3806282722513089,1
394.7111111111111,789.4222222222222,2.0,1,-0.45238030799304546,0,0.4251063829787234,0.3842105263157895,0.45460921843687374,0.4737704918032787,1
34.824680851063825,64.60894736842106,1.855263157894737,0,0.5459172305632966,0,0.42025495750708214,0.41236559139784945,0.42504725897920603,0.4277777777777778,1
63.53441176470589,332.33384615384614,5.230769230769231,0,-0.8798097630724493,0,0.44116766467065865,0.40481283422459896,0.42504725897920603,0.42114285714285715,0
20.750121951219512,68.0604,3.28,0,0.5606592247522256,0,0.4251063829787234,0.41285714285714287,0.43936605316973415,0.3974093264248705,1
33.374947368421054,83.43736842105262,2.5,1,0.8085643752247414,0,0.4771641791044776,0.4591623036649215,0.4222753346080306,0.43333333333333335,0
173.47783783783785,125.8564705882353,0.7254901960784313,0,0.29998223368003574,0,0.42025495750708214,0.41236559139784945,0.45460921843687374,0.43526315789473685,0
21.231897810218978,34.22082352941177,1.611764705882353,0,0.3667543944964139,0,0.4251063829787234,0.4875,0.4222753346080306,0.41350000000000003,1
51.14303278688524,129.98854166666666,2.5416666666666665,0,0.20434974970049874,0,0.419634703196347,0.3769230769230769,0.45460921843687374,0.4737804878048781,0
6.480871212121213,22.5125,3.473684210526316,1,-0.04130735246467099,0,0.42025495750708214,0.438860103626943,0.45460921843687374,0.43526315789473685,0
7.044460966542751,135.3542857142857,19.214285714285715,0,-1.3040669944926704,1,0.4251063829787234,0.41285714285714287,0.4222753346080306,0.41350000000000003,1
17.236768558951965,87.716,5.088888888888889,0,-0.2791156692804589,0,0.42025495750708214,0.4223809523809524,0.43936605316973415,0.4317919075144509,0
4.965953488372094,32.3539393939394,6.515151515151516,1,-1.0585860982855788,0,0.42815126050420166,0.42923076923076925,0.42504725897920603,0.3806282722513089,0
10.6024200913242,193.49416666666664,18.25,0,-1.2675219871798835,1,0.4251063829787234,0.41285714285714287,0.4222753346080306,0.41350000000000003,1
409.98052631578946,123.64492063492064,0.30158730158730157,0,0.8025568333364602,0,0.44116766467065865,0.45191256830601095,0.42504725897920603,0.42114285714285715,0
44.66063492063493,187.57466666666667,4.2,0,0.5456744821818149,0,0.42815126050420166,0.4191256830601093,0.43936605316973415,0.44792899408284026,0
213.82833333333332,65.23576271186441,0.3050847457627119,0,-0.004394354183688692,0,0.4771641791044776,0.5011428571428571,0.4222753346080306,0.43333333333333335,1
12.622236842105263,19.1858,1.52,1,-0.7229794137029389,0,0.42025495750708214,0.41073446327683616,0.42504725897920603,0.4277777777777778,0
119.67925925925927,91.02366197183099,0.7605633802816901,0,0.7262950245917448,0,0.42815126050420166,0.4191256830601093,0.45460921843687374,0.4381642512077295,0
5.511129032258064,18.304821428571426,3.3214285714285716,0,-0.5854347218518707,0,0.44116766467065865,0.45191256830601095,0.45460921843687374,0.4108247422680413,1
94.09540540540542,100.91391304347826,1.0724637681159421,0,0.7763141519984523,0,0.44116766467065865,0.47210526315789475,0.4222753346080306,0.439247311827957,1
13.896388888888888,62.53375,4.5,0,0.12829327799949278,0,0.419634703196347,0.48418079096045197,0.42504725897920603,0.40918918918918923,1
57.716886227544904,356.98962962962963,6.185185185185185,1,0.3891239423190892,0,0.42025495750708214,0.438860103626943,0.45460921843687374,0.43526315789473685,1
29.391388888888887,211.618,7.2,0,-1.3471102759551699,1,0.4251063829787234,0.4875,0.4222753346080306,0.41350000000000003,1
35.4889552238806,288.21333333333337,8.121212121212121,0,0.491159803311012,0,0.44116766467065865,0.40481283422459896,0.45460921843687374,0.4108247422680413,1
151.83676470588236,60.73470588235294,0.4,0,0.7804085965569921,0,0.4251063829787234,0.41285714285714287,0.42504725897920603,0.42169312169312173,0
32.97723404255319,121.56313725490196,3.6862745098039214,0,0.25979297696072146,0,0.42025495750708214,0.41236559139784945,0.45460921843687374,0.43526315789473685,1
19.30141463414634,59.05656716417911,3.0597014925373136,0,0.18270130518711342,0,0.42815126050420166,0.47056074766355144,0.4222753346080306,0.44782608695652176,1
14.671492537313434,17.24543859649123,1.1754385964912282,0,-0.5722465041528839,0,0.44116766467065865,0.45191256830601095,0.45460921843687374,0.4108247422680413,0
15.762818791946307,53.37863636363636,3.3863636363636362,1,-0.5934369804393278,0,0.42815126050420166,0.38846153846153847,0.45460921843687374,0.4381642512077295,1
87.80171428571428,153.653,1.75,0,1.0022096636832774,0,0.42025495750708214,0.4223809523809524,0.45460921843687374,0.43526315789473685,0
69.76864864864865,92.19428571428571,1.3214285714285714,0,1.2333889590696752,0,0.44116766467065865,0.47210526315789475,0.45460921843687374,0.4108247422680413,0
63.64222222222222,88.12,1.3846153846153846,1,0.4659396290920961,0,0.419634703196347,0.37540983606557377,0.42504725897920603,0.40918918918918923,0
38.74580392156863,114.88581395348838,2.9651162790697674,1,1.6672414343928046,0,0.419634703196347,0.37540983606557377,0.45460921843687374,0.4737804878048781,0
18.028006756756756,485.11727272727273,26.90909090909091,0,-0.7351597666176195,0,0.44116766467065865,0.40481283422459896,0.43936605316973415,0.4953757225433526,0
23.226525821596244,145.50735294117646,6.264705882352941,1,-0.32559426982070383,0,0.42815126050420166,0.38846153846153847,0.45460921843687374,0.4381642512077295,0
26.079712918660288,132.9429268292683,5.097560975609756,1,-0.08681245480470867,0,0.42025495750708214,0.41073446327683616,0.43936605316973415,0.4317919075144509,0
147.06030303030303,105.49978260869565,0.717391304347826,1,-0.09195326916732317,1,0.419634703196347,0.4452127659574468,0.45460921843687374,0.4737804878048781,1
11.215656565656564,71.63548387096773,6.387096774193548,1,-0.8887774362365015,0,0.419634703196347,0.37540983606557377,0.42504725897920603,0.40918918918918923,0
61.495794392523365,822.50625,13.375,1,-0.5696079684496544,0,0.4771641791044776,0.4591623036649215,0.42504725897920603,0.485,0
15.487427385892115,73.1856862745098,4.7254901960784315,0,-0.19306116827461006,0,0.4251063829787234,0.41285714285714287,0.45460921843687374,0.4737704918032787,1
316.9533333333333,211.3022222222222,0.6666666666666666,1,0.20439415267028843,0,0.4771641791044776,0.4591623036649215,0.43936605316973415,0.47803468208092487,1
3.433969072164949,8.882533333333335,2.5866666666666664,0,-0.25398082670740796,0,0.419634703196347,0.3769230769230769,0.42504725897920603,0.40918918918918923,1
7.041490196078431,69.06076923076922,9.807692307692308,1,-1.0713657499335667,1,0.4771641791044776,0.44292929292929295,0.43936605316973415,0.47803468208092487,1
41.97705882352941,198.22500000000002,4.722222222222222,0,0.11798431398596815,0,0.42025495750708214,0.4223809523809524,0.4222753346080306,0.39365853658536587,1
28.19178010471204,163.17060606060608,5.787878787878788,0,-0.2662267093814693,0,0.419634703196347,0.3769230769230769,0.43936605316973415,0.39441624365482236,0
23.051243243243242,56.111578947368415,2.4342105263157894,0,0.427383151328125,0,0.42025495750708214,0.41236559139784945,0.42504725897920603,0.4277777777777778,0
84.84348314606741,90.9767469879518,1.072289156626506,0,1.177006834795258,0,0.44116766467065865,0.43273809523809526,0.43936605316973415,0.4953757225433526,1
15.296125,215.94529411764708,14.117647058823529,1,-0.9153333949215249,1,0.42025495750708214,0.41073446327683616,0.4222753346080306,0.39365853658536587,0
24.185719424460434,305.61954545454546,12.636363636363637,0,-0.25048868428166143,0,0.42815126050420166,0.47056074766355144,0.43936605316973415,0.44792899408284026,0
43.456614173228346,62.71579545454545,1.4431818181818181,0,0.9085856416842347,0,0.42025495750708214,0.4223809523809524,0.45460921843687374,0.43526315789473685,1
41.59441340782123,391.86315789473684,9.421052631578947,0,-0.1807461212019082,0,0.44116766467065865,0.45191256830601095,0.45460921843687374,0.4108247422680413,1
59.62155405405405,401.0904545454545,6.7272727272727275,1,0.13502422786201296,0,0.4771641791044776,0.4591623036649215,0.4222753346080306,0.43333333333333335,0
19.429956896551722,83.47685185185185,4.296296296296297,1,0.011973975859965569,0,0.42815126050420166,0.42923076923076925,0.43936605316973415,0.44792899408284026,0
20.16,45.36,2.25,1,0.628253829115839,0,0.42815126050420166,0.42923076923076925,0.4222753346080306,0.44782608695652176,0
327.9132142857143,834.6881818181818,2.5454545454545454,0,-0.029373572437655926,0,0.42815126050420166,0.4191256830601093,0.42504725897920603,0.3806282722513089,0
12.5888256227758,252.6757142857143,20.071428571428573,0,-1.0025925052641642,0,0.44116766467065865,0.43273809523809526,0.42504725897920603,0.42114285714285715,0
42.38314285714286,174.51882352941178,4.117647058823529,0,-0.14454622024377456,0,0.42815126050420166,0.47056074766355144,0.45460921843687374,0.4381642512077295,1
55.994565217391305,275.9732142857143,4.928571428571429,1,0.05919289340079931,0,0.42815126050420166,0.42923076923076925,0.45460921843687374,0.4381642512077295,0
60.31757142857142,94.88157303370785,1.5730337078651686,0,1.466456124533939,0,0.42025495750708214,0.4223809523809524,0.43936605316973415,0.4317919075144509,1
169.0517857142857,111.37529411764706,0.6588235294117647,0,1.5704736590590582,0,0.4771641791044776,0.5011428571428571,0.45460921843687374,0.49812500000000004,1
48.6416,463.25333333333333,9.523809523809524,0,0.2800986453759816,0,0.4251063829787234,0.4875,0.43936605316973415,0.3974093264248705,0
480.55636363636364,69.55421052631579,0.14473684210526316,0,0.6149012013588167,0,0.4251063829787234,0.41285714285714287,0.4222753346080306,0.41350000000000003,1
79.7585294117647,301.31,3.7777777777777777,0,-0.5727551597950892,0,0.42815126050420166,0.4191256830601093,0.4222753346080306,0.44782608695652176,1
45.58930348258707,381.8104166666667,8.375,0,0.23915446729467765,0,0.42815126050420166,0.4191256830601093,0.4222753346080306,0.44782608695652176,0
72.32568181818182,167.49105263157895,2.3157894736842106,0,0.9996424004151081,0,0.44116766467065865,0.45191256830601095,0.45460921843687374,0.4108247422680413,1
51.585163934426234,128.4365306122449,2.489795918367347,1,0.23516206508942242,0,0.4771641791044776,0.49819277108433735,0.4222753346080306,0.43333333333333335,1
22.541387900355872,395.883125,17.5625,0,-0.44745092356228944,0,0.44116766467065865,0.43273809523809526,0.43936605316973415,0.4953757225433526,1
17.28038043478261,35.72573033707865,2.067415730337079,0,0.5001097049878293,0,0.44116766467065865,0.47210526315789475,0.42504725897920603,0.42114285714285715,0
48.4187,230.5652380952381,4.761904761904762,0,-0.6167902544052263,0,0.42025495750708214,0.4223809523809524,0.42504725897920603,0.4277777777777778,0
85.40875,467.5005263157895,5.473684210526316,0,0.08302983204934211,0,0.4771641791044776,0.5011428571428571,0.43936605316973415,0.47803468208092487,0
74.67323529411765,137.2372972972973,1.837837837837838,0,-0.23890048150352813,0,0.42025495750708214,0.41236559139784945,0.45460921843687374,0.43526315789473685,0
15.944301675977655,219.54076923076926,13.76923076923077,1,-1.148945262798873,1,0.4251063829787234,0.3842105263157895,0.45460921843687374,0.4737704918032787,1
26.781904761904762,59.83191489361702,2.234042553191489,1,-0.44563885592180996,0,0.419634703196347,0.4452127659574468,0.4222753346080306,0.41345029239766085,0
28.562070707070706,188.50966666666667,6.6,1,-0.27928363295978087,0,0.42815126050420166,0.38846153846153847,0.4222753346080306,0.44782608695652176,0
66.65590909090909,733.2149999999999,11.0,0,-0.38973926129385394,0,0.42025495750708214,0.4223809523809524,0.4222753346080306,0.39365853658536587,0
35.44558139534884,95.26,2.6875,0,1.1270699908999398,0,0.419634703196347,0.48418079096045197,0.4222753346080306,0.41345029239766085,1
26.363548387096774,52.166170212765955,1.9787234042553192,1,-0.511768684673188,1,0.419634703196347,0.37540983606557377,0.45460921843687374,0.4737804878048781,1
303.46761904761905,531.0683333333333,1.75,1,-0.5239968768779879,0,0.4771641791044776,0.49819277108433735,0.42504725897920603,0.485,0
39.20748898678414,167.92641509433963,4.283018867924528,0,0.7972609035223752,0,0.44116766467065865,0.47210526315789475,0.45460921843687374,0.4108247422680413,0
26.733310344827586,57.004852941176466,2.1323529411764706,0,0.18884502310126608,0,0.419634703196347,0.3769230769230769,0.45460921843687374,0.4737804878048781,1
89.88610169491525,252.53714285714284,2.8095238095238093,0,-0.5321002427918777,1,0.44116766467065865,0.45191256830601095,0.4222753346080306,0.439247311827957,1
32.076527777777784,51.89910112359551,1.6179775280898876,1,0.7643114852192988,0,0.4771641791044776,0.4591623036649215,0.43936605316973415,0.47803468208092487,1
91.96972222222222,292.1391176470588,3.176470588235294,1,0.589471201448053,0,0.42025495750708214,0.438860103626943,0.42504725897920603,0.4277777777777778,0
11.43037037037037,14.354418604651164,1.255813953488372,1,0.08035681246105664,0,0.4251063829787234,0.3842105263157895,0.4222753346080306,0.41350000000000003,0
125.99849999999999,419.995,3.3333333333333335,0,-0.18064009399689457,0,0.42025495750708214,0.41236559139784945,0.43936605316973415,0.4317919075144509,1
26.561787439613525,134.10463414634145,5.048780487804878,1,-0.07807015348236238,0,0.419634703196347,0.4452127659574468,0.43936605316973415,0.39441624365482236,1
159.8840425531915,102.93904109589042,0.6438356164383562,1,0.9611853497907898,0,0.4771641791044776,0.4591623036649215,0.4222753346080306,0.43333333333333335,0
136.05119047619047,65.67988505747125,0.4827586206896552,0,0.9234946628352323,0,0.42815126050420166,0.47056074766355144,0.45460921843687374,0.4381642512077295,1
55.20474747474748,99.36854545454547,1.8,0,0.20863488727756113,0,0.42025495750708214,0.41236559139784945,0.42504725897920603,0.4277777777777778,1
161.54081967213114,757.9992307692307,4.6923076923076925,1,0.135870180500959,0,0.42815126050420166,0.42923076923076925,0.4222753346080306,0.44782608695652176,0
53.84920245398773,137.1471875,2.546875,0,1.0047736855692442,0,0.4251063829787234,0.41850000000000004,0.42504725897920603,0.42169312169312173,0
7.575739910313902,38.395227272727276,5.068181818181818,0,-0.7144434258053413,0,0.42025495750708214,0.4223809523809524,0.4222753346080306,0.39365853658536587,0
30.605945945945948,70.77625,2.3125,0,-0.85976387274678,1,0.44116766467065865,0.40481283422459896,0.4222753346080306,0.439247311827957,1
26.52628272251309,230.29636363636365,8.681818181818182,1,-0.5546447822088759,0,0.4771641791044776,0.44292929292929295,0.4222753346080306,0.43333333333333335,0
14.293578431372548,182.243125,12.75,1,-1.0748555860039632,0,0.42025495750708214,0.438860103626943,0.4222753346080306,0.39365853658536587,0
23.41470930232558,129.91387096774193,5.548387096774194,1,-0.5571775236186043,1,0.419634703196347,0.37540983606557377,0.42504725897920603,0.40918918918918923,0
12.110964912280702,23.40084745762712,1.9322033898305084,1,-0.4574338809923052,0,0.4771641791044776,0.4591623036649215,0.4222753346080306,0.43333333333333335,1
18.109764705882352,115.44975,6.375,0,-0.2605576341186944,1,0.4251063829787234,0.41850000000000004,0.43936605316973415,0.3974093264248705,1
35.516208530805685,749.392,21.1,0,-0.3600470067291687,0,0.4251063829787234,0.41850000000000004,0.43936605316973415,0.3974093264248705,0
24.383216783216785,69.736,2.86,1,-0.25906477974863656,0,0.42025495750708214,0.41073446327683616,0.43936605316973415,0.4317919075144509,1
14.31890322580645,56.90846153846154,3.9743589743589745,1,-0.7217158350083427,1,0.419634703196347,0.37540983606557377,0.42504725897920603,0.40918918918918923,1
102.35602941176471,217.5065625,2.125,1,0.002053035922231383,0,0.419634703196347,0.37540983606557377,0.4222753346080306,0.41345029239766085,0
46.0074213836478,116.11396825396825,2.5238095238095237,0,0.7154733804205,0,0.4251063829787234,0.4875,0.43936605316973415,0.3974093264248705,0
10.865636363636364,56.915238095238095,5.238095238095238,0,-1.286118684326159,0,0.419634703196347,0.3769230769230769,0.42504725897920603,0.40918918918918923,0
60.80479591836735,83.92774647887323,1.380281690140845,1,0.6338226578226649,0,0.42815126050420166,0.38846153846153847,0.43936605316973415,0.44792899408284026,0
43.73177419354838,417.13384615384615,9.538461538461538,1,-0.6774685290234356,0,0.42025495750708214,0.438860103626943,0.45460921843687374,0.43526315789473685,1
61.186028368794325,958.5811111111111,15.666666666666666,0,-0.17294420045200776,0,0.4251063829787234,0.41285714285714287,0.42504725897920603,0.42169312169312173,0
23.18705627705628,76.51728571428572,3.3,0,0.5022949197673997,0,0.42025495750708214,0.41236559139784945,0.4222753346080306,0.39365853658536587,1
41.08676691729323,86.73873015873016,2.111111111111111,0,0.37579560340628826,0,0.4251063829787234,0.41285714285714287,0.4222753346080306,0.41350000000000003,0
5.794117647058823,106.70833333333333,18.416666666666668,0,-1.45867241477029,1,0.4251063829787234,0.41285714285714287,0.43936605316973415,0.3974093264248705,0
27.335268292682926,350.233125,12.8125,1,-0.5815130038864911,0,0.42815126050420166,0.38846153846153847,0.4222753346080306,0.44782608695652176,1
125.72102040816327,120.7907843137255,0.9607843137254902,1,0.25256309560260215,0,0.419634703196347,0.37540983606557377,0.45460921843687374,0.4737804878048781,1
25.36967391304348,233.401,9.2,0,-0.6696115841036719,0,0.4251063829787234,0.41850000000000004,0.4222753346080306,0.41350000000000003,0
12.79404761904762,17.05873015873016,1.3333333333333333,0,-0.4299424616134169,0,0.42815126050420166,0.47056074766355144,0.4222753346080306,0.44782608695652176,0
76.7975,83.77909090909091,1.0909090909090908,1,0.05125877978635518,0,0.4251063829787234,0.3842105263157895,0.43936605316973415,0.3974093264248705,1
34.05575129533679,182.57666666666668,5.361111111111111,0,0.014585447159796622,0,0.4251063829787234,0.41285714285714287,0.45460921843687374,0.4737704918032787,1
6.4824060150375935,68.97279999999999,10.64,0,-1.1053570839851616,1,0.4251063829787234,0.41850000000000004,0.45460921843687374,0.4737704918032787,1
77.18422764227643,863.06,11.181818181818182,0,0.02790933370744275,0,0.4771641791044776,0.5011428571428571,0.43936605316973415,0.47803468208092487,1
34.96858064516129,115.32191489361702,3.297872340425532,1,0.03305491098389539,0,0.419634703196347,0.4452127659574468,0.42504725897920603,0.40918918918918923,1
4.465110294117647,44.98185185185185,10.074074074074074,0,-1.1571070512295707,0,0.42025495750708214,0.41236559139784945,0.4222753346080306,0.39365853658536587,0
689.48,827.376,1.2,0,-0.21691040661960503,0,0.4251063829787234,0.41285714285714287,0.42504725897920603,0.42169312169312173,1
10.12,81.88,8.090909090909092,0,-1.1539522058005651,1,0.4771641791044776,0.5011428571428571,0.42504725897920603,0.485,1
40.78158333333333,111.2225,2.727272727272727,0,1.6920687406041186,0,0.44116766467065865,0.47210526315789475,0.45460921843687374,0.4108247422680413,1
6.202368421052632,48.763448275862075,7.862068965517241,0,-1.0786420646607247,0,0.42815126050420166,0.4191256830601093,0.42504725897920603,0.3806282722513089,0
364.5026315789474,277.022,0.76,0,-0.15069153901713528,0,0.42815126050420166,0.4191256830601093,0.4222753346080306,0.44782608695652176,0
16.628830188679245,68.85375,4.140625,0,0.20253400944737487,0,0.4251063829787234,0.41285714285714287,0.4222753346080306,0.41350000000000003,0
30.89113475177305,134.01999999999998,4.338461538461538,0,1.013549454731821,0,0.42025495750708214,0.4223809523809524,0.43936605316973415,0.4317919075144509,1
21.860904761904763,63.76097222222222,2.9166666666666665,0,0.40362873079288497,0,0.42815126050420166,0.47056074766355144,0.45460921843687374,0.4381642512077295,0
12.727483870967742,34.60982456140351,2.719298245614035,0,-0.39057806871684214,0,0.42025495750708214,0.4223809523809524,0.4222753346080306,0.39365853658536587,0
2.4627962085308055,6.337195121951219,2.573170731707317,0,-0.13449480729206276,0,0.44116766467065865,0.40481283422459896,0.43936605316973415,0.4953757225433526,0
16.329746192893403,40.72101265822785,2.4936708860759493,1,0.29785044221112006,0,0.4771641791044776,0.44292929292929295,0.45460921843687374,0.49812500000000004,0
53.75880681818182,157.6925,2.933333333333333,0,1.0466957348883383,0,0.419634703196347,0.3769230769230769,0.43936605316973415,0.39441624365482236,0
39.876273291925465,401.255,10.0625,1,-0.4316751352218389,0,0.419634703196347,0.37540983606557377,0.42504725897920603,0.40918918918918923,1
22.59972602739726,94.27314285714286,4.171428571428572,1,0.7304262180365033,0,0.4771641791044776,0.4591623036649215,0.45460921843687374,0.49812500000000004,0
67.2569298245614,187.0070731707317,2.7804878048780486,0,0.3200413638002129,0,0.42815126050420166,0.47056074766355144,0.4222753346080306,0.44782608695652176,1
36.17230046948357,93.95975609756097,2.597560975609756,1,1.1842931859081067,0,0.42025495750708214,0.438860103626943,0.4222753346080306,0.39365853658536587,1
33.300161943319836,111.15054054054053,3.3378378378378377,0,1.1125232197318586,0,0.4771641791044776,0.5011428571428571,0.45460921843687374,0.49812500000000004,0
332.68652173913046,109.31128571428572,0.32857142857142857,0,0.9236397039276276,0,0.44116766467065865,0.43273809523809526,0.4222753346080306,0.439247311827957,0
9.534663212435234,47.18435897435898,4.948717948717949,1,-0.7913238625852186,0,0.42815126050420166,0.38846153846153847,0.43936605316973415,0.44792899408284026,0
27.81036144578313,301.0773913043478,10.826086956521738,1,-0.19265654572115287,0,0.42025495750708214,0.41073446327683616,0.43936605316973415,0.4317919075144509,0
73.10875,212.67999999999998,2.909090909090909,1,0.0336527641323362,0,0.4771641791044776,0.49819277108433735,0.45460921843687374,0.49812500000000004,0
6.146648044692737,52.392857142857146,8.523809523809524,0,-1.3035500585983242,0,0.44116766467065865,0.47210526315789475,0.42504725897920603,0.42114285714285715,0
55.45456140350877,105.36366666666666,1.9,0,-0.7371173842181074,1,0.42815126050420166,0.4191256830601093,0.4222753346080306,0.44782608695652176,1
48.424467005076146,114.93518072289157,2.3734939759036147,0,1.5419974561379346,0,0.44116766467065865,0.45191256830601095,0.43936605316973415,0.4953757225433526,1
114.02259259259259,130.08211267605634,1.1408450704225352,0,1.2352959255378828,0,0.42815126050420166,0.47056074766355144,0.45460921843687374,0.4381642512077295,0
5.112711267605634,20.450845070422535,4.0,1,-0.19339397324240987,0,0.42025495750708214,0.41073446327683616,0.4222753346080306,0.39365853658536587,0
21.103387978142077,44.906046511627906,2.127906976744186,0,0.562613209403855,0,0.419634703196347,0.48418079096045197,0.43936605316973415,0.39441624365482236,1
46.343398058252426,183.59115384615384,3.9615384615384617,0,0.8950373233929382,0,0.4251063829787234,0.4875,0.43936605316973415,0.3974093264248705,1
43.24507317073171,173.82823529411763,4.019607843137255,0,0.7490388098547048,0,0.4251063829787234,0.41850000000000004,0.43936605316973415,0.3974093264248705,1
22.07310810810811,251.29384615384618,11.384615384615385,0,-1.0731792631589125,1,0.44116766467065865,0.47210526315789475,0.43936605316973415,0.4953757225433526,1
6.112797619047619,35.41206896551724,5.793103448275862,1,-1.1497092838293004,0,0.42025495750708214,0.438860103626943,0.45460921843687374,0.43526315789473685,0
34.73243055555556,102.07081632653062,2.938775510204082,1,-0.001964828136813028,0,0.42025495750708214,0.438860103626943,0.45460921843687374,0.43526315789473685,0
61.02903448275862,553.075625,9.0625,1,0.014182232217820778,0,0.4771641791044776,0.4591623036649215,0.42504725897920603,0.485,1
27.426875,109.7075,4.0,0,-0.13852344782552217,1,0.419634703196347,0.3769230769230769,0.4222753346080306,0.41345029239766085,0
7.756971428571429,113.1225,14.583333333333334,0,-1.4445448705170676,0,0.42025495750708214,0.4223809523809524,0.4222753346080306,0.39365853658536587,0
53.92529069767442,206.11444444444444,3.8222222222222224,1,0.6988051680986795,0,0.4771641791044776,0.44292929292929295,0.4222753346080306,0.43333333333333335,1
14.448671586715868,88.99068181818183,6.159090909090909,0,-0.30583307090701534,1,0.44116766467065865,0.47210526315789475,0.45460921843687374,0.4108247422680413,1
14.466923076923077,104.48333333333333,7.222222222222222,0,-1.2230370096568182,0,0.42025495750708214,0.41236559139784945,0.42504725897920603,0.4277777777777778,0
75.5568115942029,88.36305084745763,1.1694915254237288,0,0.24605615132449338,0,0.4771641791044776,0.5011428571428571,0.45460921843687374,0.49812500000000004,0
235.34388888888887,188.2751111111111,0.8,1,0.5514598556372073,0,0.42025495750708214,0.438860103626943,0.43936605316973415,0.4317919075144509,1
33.17712418300654,79.3140625,2.390625,1,0.32541078969633425,0,0.4771641791044776,0.4591623036649215,0.42504725897920603,0.485,1
15.595555555555555,126.77677419354839,8.129032258064516,1,-0.5750273830265021,0,0.419634703196347,0.4452127659574468,0.43936605316973415,0.39441624365482236,0
7.0166015625,48.5472972972973,6.918918918918919,0,-0.8412125549513332,1,0.4771641791044776,0.5011428571428571,0.43936605316973415,0.47803468208092487,1
68.26163120567375,1069.4322222222222,15.666666666666666,0,0.0101724138090038,0,0.44116766467065865,0.47210526315789475,0.45460921843687374,0.4108247422680413,0
113.875,208.77083333333334,1.8333333333333333,1,-0.5231033592146221,1,0.42815126050420166,0.38846153846153847,0.4222753346080306,0.44782608695652176,1
24.257854406130267,372.4294117647059,15.352941176470589,0,-0.42705852096088615,0,0.419634703196347,0.3769230769230769,0.42504725897920603,0.40918918918918923,1
161.79706896551724,347.5640740740741,2.1481481481481484,1,0.3424132922346067,0,0.4251063829787234,0.3842105263157895,0.43936605316973415,0.3974093264248705,0
29.18019138755981,75.2920987654321,2.580246913580247,0,0.868598949830255,0,0.4251063829787234,0.41850000000000004,0.43936605316973415,0.3974093264248705,0
20.064435483870966,36.05782608695652,1.7971014492753623,1,-0.045067548160945714,0,0.42815126050420166,0.38846153846153847,0.42504725897920603,0.3806282722513089,1
114.09839285714285,375.8535294117647,3.2941176470588234,1,-0.41637430177185036,0,0.4251063829787234,0.3842105263157895,0.45460921843687374,0.4737704918032787,1
19.9570802919708,45.568666666666665,2.283333333333333,0,-0.18809788646358216,0,0.4251063829787234,0.41285714285714287,0.43936605316973415,0.3974093264248705,1
22.619817518248176,126.48632653061225,5.591836734693878,0,0.21762239861108076,0,0.4251063829787234,0.4875,0.43936605316973415,0.3974093264248705,0
88.82774774774774,205.41416666666666,2.3125,1,0.8688656005605051,0,0.4251063829787234,0.3842105263157895,0.45460921843687374,0.4737704918032787,0
45.46576923076923,98.50916666666666,2.1666666666666665,1,-0.5409040130751064,0,0.42815126050420166,0.42923076923076925,0.4222753346080306,0.44782608695652176,0
35.788384615384615,71.57676923076923,2.0,1,0.2685706592215907,0,0.4771641791044776,0.49819277108433735,0.45460921843687374,0.49812500000000004,1
99.47578947368422,141.04776119402987,1.4179104477611941,0,1.1909953532070636,0,0.44116766467065865,0.40481283422459896,0.45460921843687374,0.4108247422680413,0
4.3103030303030305,91.44000000000001,21.214285714285715,0,-1.4169111442507742,1,0.4251063829787234,0.41285714285714287,0.4222753346080306,0.41350000000000003,0
37.63666666666666,103.17637931034481,2.7413793103448274,0,0.36662349194239496,0,0.419634703196347,0.3769230769230769,0.43936605316973415,0.39441624365482236,0
45.42836879432624,74.48139534883721,1.6395348837209303,0,1.0294590747694081,0,0.4771641791044776,0.5011428571428571,0.42504725897920603,0.485,1
16.73840637450199,54.56285714285715,3.25974025974026,0,0.43670588790494913,0,0.42815126050420166,0.4191256830601093,0.42504725897920603,0.3806282722513089,0
89.8304081632653,137.5528125,1.53125,0,-0.4675533629702604,1,0.42025495750708214,0.4223809523809524,0.42504725897920603,0.4277777777777778,1
6.5307860262008735,28.760576923076922,4.403846153846154,1,-0.5827272993965027,0,0.4771641791044776,0.4591623036649215,0.42504725897920603,0.485,1
34.94637362637363,489.24923076923073,14.0,1,-0.5053940488701786,0,0.4771641791044776,0.49819277108433735,0.45460921843687374,0.49812500000000004,1
7.808207547169811,20.953670886075948,2.6835443037974684,1,0.011221162534395646,0,0.4251063829787234,0.3842105263157895,0.43936605316973415,0.3974093264248705,0
12.854855769230769,36.13256756756757,2.810810810810811,1,0.09359818089540012,0,0.4251063829787234,0.3842105263157895,0.45460921843687374,0.4737704918032787,0
35.6631654676259,56.97908045977012,1.5977011494252873,0,0.7845557623108474,0,0.419634703196347,0.3769230769230769,0.4222753346080306,0.41345029239766085,0
71.71642857142857,107.09653333333333,1.4933333333333334,1,1.0980290127943504,0,0.419634703196347,0.37540983606557377,0.45460921843687374,0.4737804878048781,0
35.34986046511628,506.6813333333333,14.333333333333334,0,-0.23597686451206235,0,0.4251063829787234,0.41285714285714287,0.43936605316973415,0.3974093264248705,0
15.224405594405596,101.26,6.651162790697675,1,-0.24624341967206304,0,0.4251063829787234,0.3842105263157895,0.43936605316973415,0.3974093264248705,0
22.5654802259887,48.121566265060245,2.1325301204819276,0,0.5241369847520241,0,0.44116766467065865,0.43273809523809526,0.42504725897920603,0.42114285714285715,1
13.628326530612245,52.99904761904762,3.888888888888889,0,-0.014350012608392249,0,0.44116766467065865,0.40481283422459896,0.42504725897920603,0.42114285714285715,0
601.24,255.07151515151517,0.42424242424242425,0,0.29041909136006355,0,0.44116766467065865,0.45191256830601095,0.45460921843687374,0.4108247422680413,1
212.004,74.82494117647059,0.35294117647058826,0,1.00023626871182,0,0.42815126050420166,0.4191256830601093,0.42504725897920603,0.3806282722513089,0
50.194764705882356,129.28954545454548,2.5757575757575757,1,1.0017552111042374,0,0.4771641791044776,0.49819277108433735,0.42504725897920603,0.485,1
11.605577889447238,30.79346666666667,2.6533333333333333,0,0.04764417033307233,0,0.44116766467065865,0.47210526315789475,0.45460921843687374,0.4108247422680413,0
28.93056,289.3056,10.0,0,-0.094326363432854,0,0.44116766467065865,0.45191256830601095,0.42504725897920603,0.42114285714285715,1
76.02931034482758,54.440740740740736,0.7160493827160493,1,0.5585969082306338,0,0.4771641791044776,0.44292929292929295,0.4222753346080306,0.43333333333333335,0
16.098067226890755,201.64947368421053,12.526315789473685,1,-0.8440927833274332,0,0.42025495750708214,0.438860103626943,0.45460921843687374,0.43526315789473685,0
21.32,257.2613333333333,12.066666666666666,1,-0.922677933949268,1,0.42025495750708214,0.438860103626943,0.43936605316973415,0.4317919075144509,0
20.552754491017964,201.90058823529412,9.823529411764707,0,-0.9591568646616759,0,0.42025495750708214,0.4223809523809524,0.45460921843687374,0.43526315789473685,0
13.725364583333333,43.921166666666664,3.2,1,-0.20624141965094156,0,0.419634703196347,0.37540983606557377,0.45460921843687374,0.4737804878048781,0
33.75795180722891,116.74624999999999,3.4583333333333335,1,0.08768233442602968,0,0.4771641791044776,0.49819277108433735,0.42504725897920603,0.485,0
11.4552,136.96434782608694,11.956521739130435,0,-0.8854697006934021,1,0.42025495750708214,0.41236559139784945,0.42504725897920603,0.4277777777777778,1
77.4321568627451,125.3663492063492,1.619047619047619,1,0.822462409200589,0,0.42815126050420166,0.42923076923076925,0.4222753346080306,0.44782608695652176,0
28.74498207885305,250.6203125,8.71875,0,0.1965458382151351,0,0.42815126050420166,0.4191256830601093,0.4222753346080306,0.44782608695652176,1
29.3227868852459,76.65814285714285,2.6142857142857143,0,0.5041046844333316,0,0.4251063829787234,0.41850000000000004,0.45460921843687374,0.4737704918032787,1
13.895017921146954,114.02088235294117,8.205882352941176,1,-0.5220877247361894,1,0.42815126050420166,0.38846153846153847,0.4222753346080306,0.44782608695652176,1
71.56237113402062,136.10882352941178,1.9019607843137254,1,0.3959529893469514,0,0.42815126050420166,0.38846153846153847,0.4222753346080306,0.44782608695652176,1
48.54882978723404,144.87587301587303,2.984126984126984,1,1.048058935660715,0,0.42025495750708214,0.438860103626943,0.4222753346080306,0.39365853658536587,0
15.303297491039427,92.81782608695652,6.065217391304348,0,-0.19902856462012902,1,0.4771641791044776,0.5011428571428571,0.45460921843687374,0.49812500000000004,1
83.26594059405942,365.64608695652174,4.391304347826087,1,0.07992411453057935,0,0.42815126050420166,0.38846153846153847,0.45460921843687374,0.4381642512077295,0
288.6007407407408,278.29357142857145,0.9642857142857143,1,0.07111788430806026,0,0.4251063829787234,0.3842105263157895,0.4222753346080306,0.41350000000000003,1
39.61622641509434,89.34723404255318,2.25531914893617,0,-0.1910200182063955,0,0.4771641791044776,0.5011428571428571,0.45460921843687374,0.49812500000000004,0
24.54269230769231,94.53481481481482,3.8518518518518516,1,-0.9115352013826938,0,0.42025495750708214,0.41073446327683616,0.42504725897920603,0.4277777777777778,0
36.62150684931507,356.4493333333333,9.733333333333333,0,-0.649594357350208,0,0.419634703196347,0.48418079096045197,0.43936605316973415,0.39441624365482236,0
24.533266666666666,153.33291666666665,6.25,1,-0.7673132969092461,1,0.4771641791044776,0.4591623036649215,0.4222753346080306,0.43333333333333335,1
20.71014981273408,138.24025,6.675,0,-0.09323332734822821,0,0.42815126050420166,0.4191256830601093,0.4222753346080306,0.44782608695652176,0
225.2331707317073,171.01037037037037,0.7592592592592593,0,0.8795615742953964,0,0.42815126050420166,0.47056074766355144,0.4222753346080306,0.44782608695652176,0
29.67879245283019,102.14129870129871,3.4415584415584415,1,1.109134411660323,0,0.4771641791044776,0.4591623036649215,0.45460921843687374,0.49812500000000004,0
41.48781609195402,206.2537142857143,4.9714285714285715,0,0.11226642305203471,0,0.4251063829787234,0.41285714285714287,0.43936605316973415,0.3974093264248705,0
105.5719540229885,137.08597014925374,1.2985074626865671,0,1.142274873194391,0,0.42025495750708214,0.4223809523809524,0.4222753346080306,0.39365853658536587,0
41.32395480225989,128.3217543859649,3.1052631578947367,1,0.5898481730933278,0,0.42815126050420166,0.38846153846153847,0.42504725897920603,0.3806282722513089,1
13.27134693877551,120.42518518518519,9.074074074074074,0,-0.7832291271359388,1,0.419634703196347,0.48418079096045197,0.42504725897920603,0.40918918918918923,1
71.28853658536585,59.64959183673469,0.8367346938775511,1,-0.38349111872429686,0,0.419634703196347,0.4452127659574468,0.43936605316973415,0.39441624365482236,1
32.65692913385827,377.03909090909093,11.545454545454545,1,-0.9533703975242872,0,0.42815126050420166,0.42923076923076925,0.4222753346080306,0.44782608695652176,0
202.70954545454543,891.9219999999999,4.4,0,-0.09843873306256912,0,0.419634703196347,0.48418079096045197,0.45460921843687374,0.4737804878048781,1
15.592999999999998,19.765774647887323,1.267605633802817,1,-0.20232165613804137,0,0.42025495750708214,0.41073446327683616,0.45460921843687374,0.43526315789473685,0
17.82907258064516,65.99417910447761,3.701492537313433,1,0.2680172090429394,0,0.4771641791044776,0.44292929292929295,0.42504725897920603,0.485,0
59.827125,132.94916666666666,2.2222222222222223,1,-0.31333620137034457,0,0.4771641791044776,0.4591623036649215,0.42504725897920603,0.485,0
36.223220338983054,66.7865625,1.84375,0,-0.8831972048866907,0,0.42025495750708214,0.41236559139784945,0.4222753346080306,0.39365853658536587,0
21.510746887966807,576.01,26.77777777777778,0,-0.8049191610865518,0,0.44116766467065865,0.45191256830601095,0.42504725897920603,0.42114285714285715,0
20.15199288256228,435.5930769230769,21.615384615384617,1,-0.6334229684875666,0,0.42025495750708214,0.41073446327683616,0.42504725897920603,0.4277777777777778,1
10.100361990950226,50.73136363636363,5.0227272727272725,0,-0.6148164315841294,0,0.419634703196347,0.48418079096045197,0.45460921843687374,0.4737804878048781,0
106.58145161290322,78.6672619047619,0.7380952380952381,0,1.0248310182016844,0,0.44116766467065865,0.43273809523809526,0.45460921843687374,0.4108247422680413,0
19.670313588850174,79.51239436619719,4.042253521126761,0,0.5762827871205374,0,0.4771641791044776,0.5011428571428571,0.45460921843687374,0.49812500000000004,1
35.45881856540084,95.49704545454546,2.6931818181818183,0,1.4380702887478165,0,0.42025495750708214,0.4223809523809524,0.4222753346080306,0.39365853658536587,1
34.044773869346734,91.55283783783784,2.689189189189189,0,0.8463391414890237,0,0.4251063829787234,0.4875,0.45460921843687374,0.4737704918032787,0
43.187806122448976,124.48249999999999,2.8823529411764706,0,1.0310426878411236,0,0.4251063829787234,0.41850000000000004,0.4222753346080306,0.41350000000000003,0
37.577969348659,272.4402777777778,7.25,0,0.60837363915873,0,0.42025495750708214,0.41236559139784945,0.42504725897920603,0.4277777777777778,1
74.96412844036698,1021.38625,13.625,0,-0.27757876215308064,0,0.419634703196347,0.48418079096045197,0.4222753346080306,0.41345029239766085,0
9.26013888888889,9.662753623188406,1.0434782608695652,0,-0.3793527403997945,0,0.4771641791044776,0.5011428571428571,0.43936605316973415,0.47803468208092487,0
485.05,57.06470588235294,0.11764705882352941,0,0.7231513868675964,0,0.4771641791044776,0.5011428571428571,0.45460921843687374,0.49812500000000004,0
18.134654545454545,134.78459459459458,7.4324324324324325,0,-0.2555572911823634,1,0.42815126050420166,0.4191256830601093,0.4222753346080306,0.44782608695652176,1
21.963125,95.83909090909091,4.363636363636363,1,-0.6740551578419789,1,0.419634703196347,0.4452127659574468,0.4222753346080306,0.41345029239766085,1
101.61447916666667,464.5233333333333,4.571428571428571,1,0.2849938201873815,0,0.419634703196347,0.37540983606557377,0.42504725897920603,0.40918918918918923,1
47.886624999999995,163.0182978723404,3.404255319148936,1,0.4445157370041201,0,0.42025495750708214,0.438860103626943,0.45460921843687374,0.43526315789473685,0
11.39775119617225,148.883125,13.0625,1,-1.172825158832339,1,0.42025495750708214,0.438860103626943,0.4222753346080306,0.39365853658536587,1
123.18186666666666,329.95142857142855,2.6785714285714284,0,0.3366026518635523,0,0.42815126050420166,0.4191256830601093,0.45460921843687374,0.4381642512077295,0
40.997133757961784,165.0397435897436,4.0256410256410255,1,0.05232014551848724,0,0.42025495750708214,0.438860103626943,0.45460921843687374,0.43526315789473685,0
36.30730290456432,380.4373913043478,10.478260869565217,0,0.142366501888593,0,0.4251063829787234,0.41285714285714287,0.42504725897920603,0.42169312169312173,0
125.76377049180329,136.99267857142857,1.0892857142857142,1,0.6345081835649031,0,0.4771641791044776,0.49819277108433735,0.42504725897920603,0.485,0
42.9375,32.714285714285715,0.7619047619047619,1,-0.8141557103182311,1,0.419634703196347,0.4452127659574468,0.4222753346080306,0.41345029239766085,1
22.040657894736842,145.66,6.608695652173913,0,-0.8487604782607073,0,0.44116766467065865,0.45191256830601095,0.4222753346080306,0.439247311827957,0
41.04715976331361,113.72081967213116,2.7704918032786887,1,0.6042307291415008,0,0.42815126050420166,0.38846153846153847,0.45460921843687374,0.4381642512077295,0
2.004828897338403,13.18175,6.575,0,-1.0113933860680613,1,0.4251063829787234,0.41285714285714287,0.4222753346080306,0.41350000000000003,1
227.7492682926829,549.2776470588235,2.411764705882353,1,0.12475818156962548,0,0.419634703196347,0.4452127659574468,0.42504725897920603,0.40918918918918923,1
86.74159090909092,424.07,4.888888888888889,1,-1.0559111276256161,1,0.42815126050420166,0.42923076923076925,0.45460921843687374,0.4381642512077295,1
85.07833333333333,125.76797101449274,1.4782608695652173,1,1.091082886130959,0,0.42815126050420166,0.38846153846153847,0.42504725897920603,0.3806282722513089,0
190.65851063829788,131.77867647058824,0.6911764705882353,1,1.12210725592991,0,0.42025495750708214,0.438860103626943,0.4222753346080306,0.39365853658536587,0
39.006485148514855,143.26018181818182,3.672727272727273,0,0.6517225438846741,0,0.44116766467065865,0.47210526315789475,0.45460921843687374,0.4108247422680413,0
26.55647727272727,51.93266666666666,1.9555555555555555,0,-0.574670796391693,0,0.44116766467065865,0.43273809523809526,0.42504725897920603,0.42114285714285715,0
610.5746153846154,496.091875,0.8125,1,-0.15316410008610493,0,0.42815126050420166,0.42923076923076925,0.4222753346080306,0.44782608695652176,0
104.94473684210527,299.09250000000003,2.85,0,-0.4284631955599348,0,0.44116766467065865,0.40481283422459896,0.45460921843687374,0.4108247422680413,0
20.85892086330935,175.72060606060606,8.424242424242424,0,-0.19021108702896655,0,0.42025495750708214,0.4223809523809524,0.45460921843687374,0.43526315789473685,1
34.71116981132075,255.51277777777776,7.361111111111111,1,0.4965224738674303,0,0.42025495750708214,0.438860103626943,0.42504725897920603,0.4277777777777778,0
94.76149253731344,90.70028571428573,0.9571428571428572,0,0.6845213353844185,0,0.4251063829787234,0.4875,0.45460921843687374,0.4737704918032787,1
28.878101265822785,79.58267441860465,2.755813953488372,1,1.1099825896366458,0,0.4771641791044776,0.44292929292929295,0.4222753346080306,0.43333333333333335,0
16.977701863354035,41.41530303030303,2.4393939393939394,1,-0.0627571756102634,0,0.42025495750708214,0.41073446327683616,0.43936605316973415,0.4317919075144509,1
62.068999999999996,155.17249999999999,2.5,1,0.8213709739751711,0,0.42815126050420166,0.42923076923076925,0.45460921843687374,0.4381642512077295,0
33.94017985611511,248.29921052631582,7.315789473684211,0,0.5818300594977309,0,0.42815126050420166,0.47056074766355144,0.45460921843687374,0.4381642512077295,1
41.64645320197044,162.58134615384614,3.9038461538461537,0,0.694511360393221,0,0.42815126050420166,0.4191256830601093,0.4222753346080306,0.44782608695652176,1
32.29065693430657,232.83263157894734,7.2105263157894735,1,0.47395450299589204,0,0.42025495750708214,0.41073446327683616,0.42504725897920603,0.4277777777777778,1
28.537540983606558,224.61806451612904,7.870967741935484,0,-0.018317341145712207,0,0.42025495750708214,0.41236559139784945,0.42504725897920603,0.4277777777777778,0
32.142840909090914,122.9813043478261,3.8260869565217392,1,-0.9444999658262969,0,0.4251063829787234,0.3842105263157895,0.43936605316973415,0.3974093264248705,0
18.89670634920635,680.2814285714286,36.0,0,-0.9242213221506491,1,0.42815126050420166,0.47056074766355144,0.42504725897920603,0.3806282722513089,1
10.587927927927927,27.331627906976745,2.5813953488372094,0,-0.8297218265507741,0,0.44116766467065865,0.45191256830601095,0.42504725897920603,0.42114285714285715,0
51.55181818181818,305.3453846153846,5.923076923076923,0,-0.9442069165250043,0,0.42025495750708214,0.4223809523809524,0.4222753346080306,0.39365853658536587,0
10.92288,97.52571428571427,8.928571428571429,1,-1.4012730154944464,1,0.4771641791044776,0.44292929292929295,0.45460921843687374,0.49812500000000004,1
16.391083743842366,151.245,9.227272727272727,0,-0.8738553322557387,1,0.44116766467065865,0.43273809523809526,0.45460921843687374,0.4108247422680413,1
94.56561403508772,66.54617283950617,0.7037037037037037,1,0.7385712130514067,0,0.419634703196347,0.4452127659574468,0.45460921843687374,0.4737804878048781,0
63.87788079470198,143.96358208955223,2.253731343283582,1,1.2268529216793198,0,0.4771641791044776,0.4591623036649215,0.43936605316973415,0.47803468208092487,1
50.65007462686567,117.01913793103448,2.310344827586207,0,0.513988994476205,0,0.4251063829787234,0.41850000000000004,0.42504725897920603,0.42169312169312173,1
21.48269841269841,145.00821428571427,6.75,1,-0.6138743708249035,1,0.4771641791044776,0.44292929292929295,0.4222753346080306,0.43333333333333335,1
58.873636363636365,73.59204545454546,1.25,0,1.0842594610970175,0,0.4251063829787234,0.4875,0.45460921843687374,0.4737704918032787,1
71.9044262295082,350.8936,4.88,1,0.18827958546524698,0,0.4771641791044776,0.4591623036649215,0.45460921843687374,0.49812500000000004,1
9.87522633744856,32.428108108108106,3.2837837837837838,1,0.04328268516802691,0,0.4771641791044776,0.4591623036649215,0.42504725897920603,0.485,1
23.03218085106383,74.65603448275863,3.2413793103448274,0,0.0630051841238195,0,0.44116766467065865,0.40481283422459896,0.42504725897920603,0.42114285714285715,1
185.3392105263158,89.15050632911392,0.4810126582278481,1,1.0000850191207205,0,0.42025495750708214,0.438860103626943,0.42504725897920603,0.4277777777777778,1
4.192695035460993,17.38735294117647,4.147058823529412,0,-0.3056263676060115,0,0.4251063829787234,0.4875,0.4222753346080306,0.41350000000000003,1
13.830905923344947,53.641486486486485,3.8783783783783785,0,0.33141153658112693,0,0.4251063829787234,0.41850000000000004,0.4222753346080306,0.41350000000000003,0
39.59386904761905,92.38569444444445,2.3333333333333335,0,0.7819135970395619,0,0.42815126050420166,0.4191256830601093,0.45460921843687374,0.4381642512077295,0
20.16166666666667,12.96107142857143,0.6428571428571429,0,-0.6403608959167904,0,0.42815126050420166,0.4191256830601093,0.4222753346080306,0.44782608695652176,1
6.876697247706422,19.46909090909091,2.831168831168831,1,-0.05927608730543388,0,0.42025495750708214,0.41073446327683616,0.4222753346080306,0.39365853658536587,0
59.23057692307692,307.99899999999997,5.2,0,0.37867044439038133,0,0.4251063829787234,0.41850000000000004,0.42504725897920603,0.42169312169312173,0
30.39475308641975,59.32469879518072,1.9518072289156627,0,0.694809172608352,0,0.44116766467065865,0.47210526315789475,0.43936605316973415,0.4953757225433526,0
151.81571428571428,318.813,2.1,1,-0.356070773461539,0,0.42815126050420166,0.42923076923076925,0.45460921843687374,0.4381642512077295,1
62.58807692307692,290.5875,4.642857142857143,0,0.13429996249809284,0,0.419634703196347,0.48418079096045197,0.4222753346080306,0.41345029239766085,0
9.053740458015266,16.47277777777778,1.8194444444444444,0,-0.22129989459570343,0,0.4251063829787234,0.4875,0.42504725897920603,0.42169312169312173,1
53.093888888888884,505.95352941176463,9.529411764705882,1,-0.010425365499894923,0,0.42815126050420166,0.38846153846153847,0.45460921843687374,0.4381642512077295,0
7.753383084577115,32.46729166666667,4.1875,1,-0.6548332722589667,1,0.419634703196347,0.4452127659574468,0.43936605316973415,0.39441624365482236,1
9.580405405405406,78.77222222222223,8.222222222222221,1,-0.6713190321506195,0,0.42815126050420166,0.42923076923076925,0.45460921843687374,0.4381642512077295,0
130.0505479452055,123.29467532467532,0.948051948051948,0,1.4080961546133113,0,0.42025495750708214,0.4223809523809524,0.4222753346080306,0.39365853658536587,0
133.81577777777778,78.20402597402598,0.5844155844155844,0,0.7708277241039725,0,0.419634703196347,0.3769230769230769,0.42504725897920603,0.40918918918918923,0
14.715773195876288,285.486,19.4,0,-0.8449700164426179,1,0.44116766467065865,0.40481283422459896,0.43936605316973415,0.4953757225433526,1
18.329352517985612,231.61636363636364,12.636363636363637,0,-1.2469799358465885,1,0.42815126050420166,0.47056074766355144,0.4222753346080306,0.44782608695652176,1
33.44013824884793,83.40816091954024,2.4942528735632186,0,1.2065888443916883,0,0.4771641791044776,0.5011428571428571,0.42504725897920603,0.485,1
447.14846153846156,123.67936170212766,0.2765957446808511,1,0.10515182384170806,0,0.4771641791044776,0.4591623036649215,0.43936605316973415,0.47803468208092487,0
118.98071428571428,22.81821917808219,0.1917808219178082,0,-0.11234282195318057,0,0.42025495750708214,0.4223809523809524,0.4222753346080306,0.39365853658536587,0
104.92,136.53972602739725,1.3013698630136987,0,1.4113964310109672,0,0.42815126050420166,0.47056074766355144,0.45460921843687374,0.4381642512077295,0
12.110992366412214,20.87552631578947,1.7236842105263157,1,-0.06414232427892874,0,0.4251063829787234,0.3842105263157895,0.4222753346080306,0.41350000000000003,0
171.61225,108.96015873015872,0.6349206349206349,1,0.6327509831295437,0,0.42025495750708214,0.41073446327683616,0.42504725897920603,0.4277777777777778,0
123.7663157894737,83.98428571428572,0.6785714285714286,1,1.106808218277257,0,0.419634703196347,0.4452127659574468,0.43936605316973415,0.39441624365482236,0
6.431290322580645,139.559,21.7,0,-1.4793717689190475,0,0.44116766467065865,0.43273809523809526,0.4222753346080306,0.439247311827957,0
13.295714285714286,23.864102564102566,1.794871794871795,0,0.028130836307975304,0,0.44116766467065865,0.47210526315789475,0.4222753346080306,0.439247311827957,0
47.22677083333334,210.87302325581396,4.465116279069767,0,0.6188754835547693,0,0.42025495750708214,0.41236559139784945,0.42504725897920603,0.4277777777777778,1
37.93125,86.20738636363636,2.272727272727273,0,1.2880231775152982,0,0.419634703196347,0.3769230769230769,0.43936605316973415,0.39441624365482236,0
8.3001775147929,22.62467741935484,2.725806451612903,1,-0.3906456685392583,0,0.42815126050420166,0.38846153846153847,0.4222753346080306,0.44782608695652176,1
37.97566964285714,128.8871212121212,3.393939393939394,0,0.9968802263651753,0,0.44116766467065865,0.47210526315789475,0.4222753346080306,0.439247311827957,1
63.61901098901099,643.2588888888889,10.11111111111111,0,-0.6938297121607307,0,0.419634703196347,0.3769230769230769,0.4222753346080306,0.41345029239766085,1
12.642015209125475,83.12125,6.575,0,-0.49790845360176933,0,0.42815126050420166,0.4191256830601093,0.43936605316973415,0.44792899408284026,0
15.56109090909091,53.49125,3.4375,0,0.022071471968247103,0,0.419634703196347,0.3769230769230769,0.42504725897920603,0.40918918918918923,1
32.615390625,260.923125,8.0,0,0.257059155934311,0,0.42815126050420166,0.47056074766355144,0.42504725897920603,0.3806282722513089,0
10.421104294478528,130.6646153846154,12.538461538461538,0,-1.3610126053314293,1,0.4771641791044776,0.5011428571428571,0.43936605316973415,0.47803468208092487,1
10.073553113553114,125.00363636363636,12.409090909090908,1,-0.9798183382688339,1,0.42025495750708214,0.41073446327683616,0.4222753346080306,0.39365853658536587,1
30.747216981132073,283.4091304347826,9.217391304347826,1,-0.26724417932102384,0,0.4771641791044776,0.44292929292929295,0.42504725897920603,0.485,0
339.69074074074075,127.38402777777777,0.375,0,1.2444277741580567,0,0.42815126050420166,0.47056074766355144,0.45460921843687374,0.4381642512077295,1
155.35945945945946,67.62705882352941,0.43529411764705883,1,0.8879390863679635,0,0.4771641791044776,0.49819277108433735,0.4222753346080306,0.43333333333333335,0
80.23363636363636,90.85279411764705,1.1323529411764706,1,0.6113057676234478,0,0.419634703196347,0.37540983606557377,0.45460921843687374,0.4737804878048781,1
48.834556213017756,187.56909090909093,3.840909090909091,1,0.4902890132964455,0,0.42025495750708214,0.41073446327683616,0.42504725897920603,0.4277777777777778,0
2.3785135135135134,6.069310344827586,2.5517241379310347,1,-0.028397500378003815,0,0.42815126050420166,0.38846153846153847,0.42504725897920603,0.3806282722513089,0
34.82251879699248,225.92170731707319,6.487804878048781,0,0.612889185757036,0,0.4771641791044776,0.5011428571428571,0.43936605316973415,0.47803468208092487,0
183.881875,111.72569620253165,0.6075949367088608,0,1.3274284973975465,0,0.419634703196347,0.3769230769230769,0.42504725897920603,0.40918918918918923,1
27.658196078431374,96.61424657534246,3.493150684931507,0,0.8764402743437922,0,0.42815126050420166,0.47056074766355144,0.4222753346080306,0.44782608695652176,1
59.13965517241379,82.65301204819276,1.3975903614457832,1,1.0502003322848787,0,0.42025495750708214,0.438860103626943,0.43936605316973415,0.4317919075144509,1
28.528442211055275,473.09666666666664,16.583333333333332,0,-0.6516825652656303,0,0.4251063829787234,0.4875,0.42504725897920603,0.42169312169312173,1
9.936190476190477,69.55333333333334,7.0,0,-0.7322343158554333,1,0.44116766467065865,0.43273809523809526,0.45460921843687374,0.4108247422680413,1
17.45230769230769,20.39370786516854,1.1685393258426966,1,0.24965185763516062,0,0.419634703196347,0.4452127659574468,0.43936605316973415,0.39441624365482236,0
193.65666666666667,174.291,0.9,0,-0.8865997979033311,0,0.4251063829787234,0.41285714285714287,0.42504725897920603,0.42169312169312173,0
56.52385245901639,222.44870967741934,3.935483870967742,1,-0.030660817188705836,0,0.4251063829787234,0.3842105263157895,0.4222753346080306,0.41350000000000003,1
35.38117857142857,111.31157303370786,3.146067415730337,0,1.7348500979672221,0,0.42025495750708214,0.41236559139784945,0.4222753346080306,0.39365853658536587,1
147.88931034482758,109.96897435897436,0.7435897435897436,0,1.2608595638980566,0,0.4251063829787234,0.41850000000000004,0.45460921843687374,0.4737704918032787,0
35.70283898305085,191.49704545454549,5.363636363636363,0,0.5220112878616587,0,0.42815126050420166,0.4191256830601093,0.43936605316973415,0.44792899408284026,0
568.27,189.42333333333335,0.3333333333333333,1,0.22686515634146456,0,0.4771641791044776,0.44292929292929295,0.42504725897920603,0.485,1
31.036941580756015,102.63352272727273,3.3068181818181817,0,1.5533390826476,0,0.44116766467065865,0.45191256830601095,0.45460921843687374,0.4108247422680413,1
16.10924914675768,85.81836363636364,5.327272727272727,0,0.0718453117266104,0,0.44116766467065865,0.43273809523809526,0.42504725897920603,0.42114285714285715,1
39.8268778280543,118.94243243243243,2.9864864864864864,0,1.218355908005318,0,0.44116766467065865,0.47210526315789475,0.45460921843687374,0.4108247422680413,1
93.17482142857143,173.92633333333333,1.8666666666666667,0,-0.3595850570313008,0,0.44116766467065865,0.47210526315789475,0.43936605316973415,0.4953757225433526,0
2.648421052631579,20.128,7.6,1,-1.083426370025701,1,0.42025495750708214,0.41073446327683616,0.45460921843687374,0.43526315789473685,1
36.58186567164179,251.38307692307694,6.871794871794871,0,0.6703914881566483,0,0.44116766467065865,0.40481283422459896,0.42504725897920603,0.42114285714285715,0
31.10183333333333,70.86493670886075,2.278481012658228,0,0.7349416473338524,0,0.419634703196347,0.48418079096045197,0.4222753346080306,0.41345029239766085,0
54.73315789473685,623.9580000000001,11.4,1,0.08690827870031326,0,0.4771641791044776,0.49819277108433735,0.45460921843687374,0.49812500000000004,0
22.165730337078653,103.82894736842105,4.684210526315789,0,0.3336012813630232,0,0.419634703196347,0.3769230769230769,0.43936605316973415,0.39441624365482236,0
84.10884615384614,546.7075,6.5,0,-0.48955077800826874,0,0.44116766467065865,0.40481283422459896,0.43936605316973415,0.4953757225433526,1
4.776882352941176,15.922941176470589,3.3333333333333335,0,-0.7290892342368198,0,0.44116766467065865,0.43273809523809526,0.4222753346080306,0.439247311827957,0
19.469514563106795,45.57636363636363,2.340909090909091,0,-0.6564483607450485,0,0.42815126050420166,0.4191256830601093,0.4222753346080306,0.44782608695652176,0
19.060676156583632,412.00384615384615,21.615384615384617,1,-0.6897092192436176,0,0.42815126050420166,0.42923076923076925,0.43936605316973415,0.44792899408284026,0
33.32507537688442,89.61743243243242,2.689189189189189,0,0.8200516673049709,0,0.44116766467065865,0.45191256830601095,0.4222753346080306,0.439247311827957,0
5.737007299270073,17.662247191011236,3.0786516853932584,0,0.20503179776822011,0,0.42815126050420166,0.47056074766355144,0.4222753346080306,0.44782608695652176,1
77.02199999999999,134.3406976744186,1.744186046511628,1,0.01484541849711385,0,0.4771641791044776,0.49819277108433735,0.43936605316973415,0.47803468208092487,0
31.654705882352943,269.065,8.5,1,0.3048802599973824,0,0.42025495750708214,0.41073446327683616,0.42504725897920603,0.4277777777777778,0
36.852077922077925,118.23375,3.2083333333333335,0,0.10078752683450183,0,0.42025495750708214,0.41236559139784945,0.45460921843687374,0.43526315789473685,0
130.59135135135136,89.47925925925927,0.6851851851851852,0,0.07146677719551243,0,0.44116766467065865,0.45191256830601095,0.43936605316973415,0.4953757225433526,1
33.7525,15.380886075949366,0.45569620253164556,0,-0.06958501334557377,0,0.419634703196347,0.3769230769230769,0.45460921843687374,0.4737804878048781,1
41.38192771084337,152.65333333333334,3.688888888888889,0,0.25723910876140177,0,0.419634703196347,0.48418079096045197,0.42504725897920603,0.40918918918918923,0
322.0942307692308,97.37732558139535,0.3023255813953488,1,1.390870546924897,0,0.4771641791044776,0.44292929292929295,0.42504725897920603,0.485,0
2.8018861209964414,10.785342465753425,3.8493150684931505,1,-0.2735697268775763,0,0.4771641791044776,0.49819277108433735,0.4222753346080306,0.43333333333333335,0
24.36477777777778,162.43185185185186,6.666666666666667,0,-0.5750547976423699,0,0.42815126050420166,0.47056074766355144,0.4222753346080306,0.44782608695652176,0
40.03222772277228,278.84517241379314,6.9655172413793105,0,0.14604550775547487,0,0.4771641791044776,0.5011428571428571,0.43936605316973415,0.47803468208092487,1
21.546926406926406,177.76214285714286,8.25,1,-0.4455423958986597,0,0.419634703196347,0.37540983606557377,0.43936605316973415,0.39441624365482236,0
99.64666666666668,105.72268292682926,1.0609756097560976,0,1.3613344238565075,0,0.44116766467065865,0.47210526315789475,0.45460921843687374,0.4108247422680413,1
32.31301587301587,156.59384615384616,4.846153846153846,1,0.6373642783711235,0,0.42025495750708214,0.41073446327683616,0.4222753346080306,0.39365853658536587,0
34.03628787878788,52.85635294117647,1.5529411764705883,0,0.6574951070856001,0,0.42815126050420166,0.4191256830601093,0.45460921843687374,0.4381642512077295,0
60.84764150943396,113.15526315789474,1.8596491228070176,0,0.4311743945891261,0,0.42025495750708214,0.41236559139784945,0.4222753346080306,0.39365853658536587,0
4.1395348837209305,7.970149253731344,1.9253731343283582,0,-0.44553849206490403,0,0.42025495750708214,0.4223809523809524,0.42504725897920603,0.4277777777777778,0
16.466050420168067,79.97795918367348,4.857142857142857,1,-0.20066267185938194,0,0.4771641791044776,0.49819277108433735,0.42504725897920603,0.485,1
84.99839080459769,104.15295774647886,1.2253521126760563,0,0.897393039428292,0,0.42815126050420166,0.47056074766355144,0.42504725897920603,0.3806282722513089,0
43.52156862745098,739.8666666666667,17.0,0,-0.5342418740179549,0,0.42025495750708214,0.4223809523809524,0.43936605316973415,0.4317919075144509,0
166.58116279069768,81.39761363636363,0.48863636363636365,1,1.210335450080986,0,0.4251063829787234,0.3842105263157895,0.4222753346080306,0.41350000000000003,0
25.441488095238096,129.52030303030304,5.090909090909091,0,-0.47004732509452074,1,0.4251063829787234,0.4875,0.43936605316973415,0.3974093264248705,1
98.01258620689654,120.95170212765956,1.2340425531914894,1,0.08162121226235054,0,0.4771641791044776,0.49819277108433735,0.4222753346080306,0.43333333333333335,1
168.58101694915254,904.2072727272728,5.363636363636363,0,0.11098597499487461,0,0.4771641791044776,0.5011428571428571,0.43936605316973415,0.47803468208092487,0
14.827752808988764,51.75176470588236,3.4901960784313726,0,-0.39370092986386845,0,0.4251063829787234,0.41285714285714287,0.42504725897920603,0.42169312169312173,0
93.22466019417475,137.17342857142856,1.4714285714285715,1,1.2816188637856591,0,0.4771641791044776,0.4591623036649215,0.4222753346080306,0.43333333333333335,0
357.92346153846154,169.20018181818182,0.4727272727272727,1,0.9135877821083025,0,0.4771641791044776,0.49819277108433735,0.42504725897920603,0.485,0
39.0728,868.2844444444445,22.22222222222222,1,-0.32210661942389807,0,0.42025495750708214,0.41073446327683616,0.43936605316973415,0.4317919075144509,0
28.07794117647059,106.07222222222222,3.7777777777777777,0,-1.2177875908489428,0,0.44116766467065865,0.45191256830601095,0.45460921843687374,0.4108247422680413,0
37.01166666666667,124.914375,3.375,1,0.8610754343564604,0,0.419634703196347,0.37540983606557377,0.42504725897920603,0.40918918918918923,1
84.0087,125.38611940298509,1.492537313432836,0,0.9983949113305655,0,0.44116766467065865,0.43273809523809526,0.42504725897920603,0.42114285714285715,1
4.4133624454148475,72.19,16.357142857142858,0,-1.4663768214788306,0,0.44116766467065865,0.40481283422459896,0.42504725897920603,0.42114285714285715,0
37.98349514563107,111.78,2.942857142857143,0,-0.49464348050546547,0,0.44116766467065865,0.45191256830601095,0.42504725897920603,0.42114285714285715,0
7.322558139534884,33.14421052631579,4.526315789473684,1,-0.4059115109269788,0,0.42815126050420166,0.38846153846153847,0.4222753346080306,0.44782608695652176,0
30.016126126126125,185.09944444444443,6.166666666666667,0,-0.9566950817575226,1,0.44116766467065865,0.40481283422459896,0.4222753346080306,0.439247311827957,1
51.65414507772021,1107.6944444444443,21.444444444444443,0,0.07337835299361783,0,0.44116766467065865,0.43273809523809526,0.43936605316973415,0.4953757225433526,0
31.503388429752064,69.30745454545455,2.2,0,-0.09483291272904046,0,0.419634703196347,0.48418079096045197,0.4222753346080306,0.41345029239766085,0
71.89383838383839,177.93725,2.475,1,0.19821587323390905,0,0.42025495750708214,0.438860103626943,0.4222753346080306,0.39365853658536587,1
84.4585,58.247241379310346,0.6896551724137931,1,-1.0281613774324045,1,0.42815126050420166,0.42923076923076925,0.45460921843687374,0.4381642512077295,1
25.866711409395972,513.8853333333333,19.866666666666667,0,-0.21614287163167745,0,0.44116766467065865,0.40481283422459896,0.4222753346080306,0.439247311827957,0
19.038,66.51831325301205,3.4939759036144578,0,0.8043990497977975,0,0.4251063829787234,0.41285714285714287,0.45460921843687374,0.4737704918032787,1
41.78055555555555,32.69782608695652,0.782608695652174,0,-0.7066290087304599,0,0.4771641791044776,0.5011428571428571,0.43936605316973415,0.47803468208092487,0
33.57330275229358,914.8725,27.25,0,-0.4339802397886986,0,0.42815126050420166,0.47056074766355144,0.45460921843687374,0.4381642512077295,0
4.212160804020101,16.435686274509806,3.9019607843137254,0,-0.7242895034037449,0,0.44116766467065865,0.47210526315789475,0.42504725897920603,0.42114285714285715,1
21.28630188679245,73.25805194805194,3.4415584415584415,1,0.7009260227476349,0,0.419634703196347,0.4452127659574468,0.45460921843687374,0.4737804878048781,1
31.099880952380953,163.274375,5.25,0,0.4976050440263246,0,0.44116766467065865,0.45191256830601095,0.4222753346080306,0.439247311827957,1
60.71784810126582,74.94859375,1.234375,0,0.27412984141898117,0,0.42025495750708214,0.4223809523809524,0.45460921843687374,0.43526315789473685,1
200.96270833333332,321.5403333333333,1.6,0,0.453234216995671,0,0.44116766467065865,0.45191256830601095,0.42504725897920603,0.42114285714285715,1
31.221083916083913,113.02822784810127,3.6202531645569622,0,1.346315392339168,0,0.419634703196347,0.3769230769230769,0.43936605316973415,0.39441624365482236,0
16.408059701492537,12.783023255813953,0.7790697674418605,0,0.055552390863284784,0,0.42815126050420166,0.4191256830601093,0.45460921843687374,0.4381642512077295,0
10.9086013986014,22.60768115942029,2.072463768115942,0,-0.21540935301537945,0,0.44116766467065865,0.45191256830601095,0.43936605316973415,0.4953757225433526,1
26.989007936507935,295.70565217391305,10.956521739130435,0,-0.21533366787895014,0,0.4771641791044776,0.5011428571428571,0.42504725897920603,0.485,1
27.690194174757284,90.54253968253968,3.2698412698412698,1,0.4197805937251432,0,0.4771641791044776,0.44292929292929295,0.43936605316973415,0.47803468208092487,1
19.745172413793103,47.7175,2.4166666666666665,1,-0.5204756826941821,0,0.42025495750708214,0.41073446327683616,0.4222753346080306,0.39365853658536587,1
4.177195121951219,17.416779661016946,4.169491525423729,0,-0.5222366713527413,0,0.4251063829787234,0.41850000000000004,0.45460921843687374,0.4737704918032787,0
10.734456521739132,25.65116883116883,2.3896103896103895,0,0.028095533006623152,0,0.419634703196347,0.3769230769230769,0.45460921843687374,0.4737804878048781,0
14.347000000000001,85.30648648648649,5.945945945945946,0,-0.5915733232589138,1,0.419634703196347,0.3769230769230769,0.4222753346080306,0.41345029239766085,0
11.90948275862069,54.82142857142857,4.603174603174603,0,0.006722916529096179,0,0.42025495750708214,0.41236559139784945,0.43936605316973415,0.4317919075144509,0
144.83375,224.25870967741938,1.5483870967741935,1,-0.0203620448352132,0,0.42815126050420166,0.42923076923076925,0.45460921843687374,0.4381642512077295,1
165.68685185185186,447.35450000000003,2.7,0,0.1157950780716851,0,0.4771641791044776,0.5011428571428571,0.42504725897920603,0.485,0
65.7433734939759,90.945,1.3833333333333333,1,0.31162108759044915,0,0.4251063829787234,0.3842105263157895,0.42504725897920603,0.42169312169312173,0
411.12299999999993,304.5355555555555,0.7407407407407407,0,0.12917492550644738,0,0.44116766467065865,0.43273809523809526,0.43936605316973415,0.4953757225433526,1
110.71708333333333,61.08528735632184,0.5517241379310345,0,0.8501257754201269,0,0.42025495750708214,0.4223809523809524,0.42504725897920603,0.4277777777777778,0
36.95095238095238,59.690000000000005,1.6153846153846154,1,-1.5303650966413018,1,0.42815126050420166,0.42923076923076925,0.43936605316973415,0.44792899408284026,1
183.86870967741936,65.5164367816092,0.3563218390804598,1,0.9208846371202679,0,0.419634703196347,0.37540983606557377,0.4222753346080306,0.41345029239766085,1
36.73377777777778,141.68742857142857,3.857142857142857,1,1.3396157643070739,0,0.4251063829787234,0.3842105263157895,0.42504725897920603,0.42169312169312173,1
37.04225225225225,117.47685714285713,3.1714285714285713,0,1.0285528261791477,0,0.42815126050420166,0.47056074766355144,0.42504725897920603,0.3806282722513089,0
14.16469135802469,43.29584905660377,3.056603773584906,0,-0.4151382566844799,0,0.42815126050420166,0.47056074766355144,0.4222753346080306,0.44782608695652176,0
17.0928,38.847272727272724,2.272727272727273,1,0.21459673757592906,0,0.42025495750708214,0.41073446327683616,0.43936605316973415,0.4317919075144509,1
79.8529357798165,152.70122807017543,1.912280701754386,0,0.844909356939056,0,0.44116766467065865,0.43273809523809526,0.45460921843687374,0.4108247422680413,0
89.11942857142859,161.33689655172415,1.8103448275862069,0,0.985781427564564,0,0.4771641791044776,0.5011428571428571,0.4222753346080306,0.43333333333333335,0
33.05839506172839,167.358125,5.0625,1,0.5335837529326086,0,0.4771641791044776,0.49819277108433735,0.45460921843687374,0.49812500000000004,0
39.20761904761905,70.28682926829269,1.7926829268292683,0,0.8279971438986142,0,0.44116766467065865,0.43273809523809526,0.45460921843687374,0.4108247422680413,0
82.59815789473684,56.04875,0.6785714285714286,1,-0.1974806464164221,0,0.419634703196347,0.37540983606557377,0.4222753346080306,0.41345029239766085,0
23.64083969465649,42.423972602739724,1.7945205479452055,1,0.15035204469742675,0,0.4251063829787234,0.3842105263157895,0.42504725897920603,0.42169312169312173,0
76.66558139534884,824.155,10.75,0,-0.5671869952302182,0,0.4251063829787234,0.41850000000000004,0.43936605316973415,0.3974093264248705,0
38.23263636363637,102.57536585365854,2.682926829268293,1,1.313964843229358,0,0.419634703196347,0.4452127659574468,0.4222753346080306,0.41345029239766085,1
93.82782608695652,137.0184126984127,1.4603174603174602,1,0.9571999392175521,0,0.42025495750708214,0.41073446327683616,0.42504725897920603,0.4277777777777778,0
56.853947368421046,29.59520547945205,0.5205479452054794,1,-0.021538889343666767,0,0.4771641791044776,0.44292929292929295,0.43936605316973415,0.47803468208092487,1
33.1300925925926,511.15000000000003,15.428571428571429,1,-1.1415252352632295,0,0.4251063829787234,0.3842105263157895,0.43936605316973415,0.3974093264248705,0
654.355,145.41222222222223,0.2222222222222222,1,0.19743060811293384,0,0.42025495750708214,0.438860103626943,0.43936605316973415,0.4317919075144509,0
23.804469696969697,261.8491666666667,11.0,0,-0.28928763785181577,0,0.419634703196347,0.3769230769230769,0.42504725897920603,0.40918918918918923,0
15.545714285714286,58.59538461538462,3.769230769230769,1,-1.5329769578173882,0,0.419634703196347,0.37540983606557377,0.43936605316973415,0.39441624365482236,0
7.4580078125,26.890845070422536,3.6056338028169015,0,-0.109469348916783,0,0.44116766467065865,0.43273809523809526,0.45460921843687374,0.4108247422680413,1
22.974610169491527,112.9585,4.916666666666667,0,0.5540506279970874,0,0.44116766467065865,0.47210526315789475,0.45460921843687374,0.4108247422680413,0
433.03608695652173,146.46808823529412,0.3382352941176471,0,1.3054477964477607,0,0.42815126050420166,0.4191256830601093,0.42504725897920603,0.3806282722513089,0
18.665707547169813,52.0675,2.789473684210526,0,0.3709702537546813,0,0.44116766467065865,0.40481283422459896,0.45460921843687374,0.4108247422680413,0
25.4496835443038,251.315625,9.875,0,-0.8720077646853781,1,0.4771641791044776,0.5011428571428571,0.43936605316973415,0.47803468208092487,1
35.811921568627454,163.07214285714286,4.553571428571429,1,0.9025681030740489,0,0.42815126050420166,0.42923076923076925,0.45460921843687374,0.4381642512077295,0
15.449038461538462,44.63055555555556,2.888888888888889,0,-0.373050703625354,0,0.44116766467065865,0.43273809523809526,0.42504725897920603,0.42114285714285715,0
29.685673076923077,882.0885714285714,29.714285714285715,1,-0.6649349068029176,0,0.4251063829787234,0.3842105263157895,0.43936605316973415,0.3974093264248705,1
27.389000000000003,256.21967741935487,9.35483870967742,1,0.1614936076352353,0,0.42815126050420166,0.42923076923076925,0.4222753346080306,0.44782608695652176,0
7.548625429553265,34.86746031746032,4.619047619047619,0,-0.22401290107160704,0,0.4251063829787234,0.41285714285714287,0.42504725897920603,0.42169312169312173,1
185.16636363636363,301.7525925925926,1.6296296296296295,1,0.11538327063848397,0,0.42025495750708214,0.41073446327683616,0.45460921843687374,0.43526315789473685,0
56.36454545454545,134.78478260869565,2.391304347826087,0,1.205277935274586,0,0.42025495750708214,0.41236559139784945,0.45460921843687374,0.43526315789473685,1
28.16039711191336,116.42432835820895,4.134328358208955,0,0.888186483743129,0,0.42025495750708214,0.41236559139784945,0.4222753346080306,0.39365853658536587,0
41.875849056603776,221.942,5.3,1,0.5212919044029345,0,0.4251063829787234,0.3842105263157895,0.4222753346080306,0.41350000000000003,0
88.09089285714286,67.57657534246576,0.7671232876712328,1,0.4873684030852681,0,0.4771641791044776,0.4591623036649215,0.4222753346080306,0.43333333333333335,0
44.19214814814814,93.2178125,2.109375,1,0.48873746214387986,0,0.42025495750708214,0.438860103626943,0.45460921843687374,0.43526315789473685,0
30.989,70.42954545454546,2.272727272727273,1,0.2887226164160598,0,0.4771641791044776,0.4591623036649215,0.43936605316973415,0.47803468208092487,0
12.369601769911505,31.767386363636366,2.5681818181818183,1,0.40870514705149963,0,0.4771641791044776,0.44292929292929295,0.4222753346080306,0.43333333333333335,1
92.45403225806452,173.70151515151514,1.878787878787879,0,-0.20244076448241888,0,0.42025495750708214,0.41236559139784945,0.45460921843687374,0.43526315789473685,0
17.958,419.02,23.333333333333332,0,-1.064253298423446,1,0.44116766467065865,0.40481283422459896,0.43936605316973415,0.4953757225433526,1
2.362234432234432,9.082957746478874,3.8450704225352115,0,-0.34153771129179306,0,0.42025495750708214,0.4223809523809524,0.4222753346080306,0.39365853658536587,1
27.543251533742332,149.65166666666667,5.433333333333334,1,-0.4932506777532291,0,0.4771641791044776,0.44292929292929295,0.43936605316973415,0.47803468208092487,0
13.719351535836177,46.20425287356322,3.367816091954023,0,0.6124978013076852,0,0.44116766467065865,0.47210526315789475,0.45460921843687374,0.4108247422680413,1
40.85183333333334,258.01157894736843,6.315789473684211,1,-0.6475369227338121,1,0.419634703196347,0.37540983606557377,0.4222753346080306,0.41345029239766085,1
77.23745098039215,984.7775,12.75,1,-0.3313339120223972,0,0.4771641791044776,0.44292929292929295,0.42504725897920603,0.485,0
7.1357046979865775,48.32818181818182,6.7727272727272725,0,-0.634224597484295,0,0.4251063829787234,0.41285714285714287,0.45460921843687374,0.4737704918032787,0
51.94210526315789,164.48333333333332,3.1666666666666665,1,-0.10496914845900396,0,0.4771641791044776,0.4591623036649215,0.42504725897920603,0.485,1
14.320714285714287,53.97807692307693,3.769230769230769,0,-1.143343357818473,1,0.419634703196347,0.3769230769230769,0.4222753346080306,0.41345029239766085,1
9.47276923076923,25.655416666666667,2.7083333333333335,0,-0.09994838253882254,0,0.4251063829787234,0.4875,0.42504725897920603,0.42169312169312173,1
7.199873417721519,126.39777777777778,17.555555555555557,0,-1.5476403394171714,0,0.42815126050420166,0.47056074766355144,0.42504725897920603,0.3806282722513089,0
28.50383211678832,557.8607142857143,19.571428571428573,0,-0.21837522189562636,0,0.42815126050420166,0.47056074766355144,0.42504725897920603,0.3806282722513089,0
200.1963829787234,119.10417721518986,0.5949367088607594,0,1.4344175261776355,0,0.42025495750708214,0.41236559139784945,0.42504725897920603,0.4277777777777778,1
12.349621212121212,95.89117647058823,7.764705882352941,1,-1.2899363261582024,0,0.4771641791044776,0.44292929292929295,0.4222753346080306,0.43333333333333335,0
9.780466666666666,54.33592592592592,5.555555555555555,0,-1.1107506451415636,1,0.419634703196347,0.3769230769230769,0.45460921843687374,0.4737804878048781,1
143.09346153846153,169.11045454545453,1.1818181818181819,1,0.3412165319195149,0,0.42815126050420166,0.42923076923076925,0.43936605316973415,0.44792899408284026,0
6.205582524271844,22.427192982456138,3.6140350877192984,1,-0.5180343244642802,0,0.4771641791044776,0.4591623036649215,0.42504725897920603,0.485,1
21.784797979797982,107.83475000000001,4.95,1,-0.3164657798836885,0,0.4251063829787234,0.3842105263157895,0.42504725897920603,0.42169312169312173,0
36.06747663551402,104.30324324324324,2.891891891891892,0,-0.4625624319414511,1,0.42815126050420166,0.47056074766355144,0.45460921843687374,0.4381642512077295,1
84.51925,43.34320512820513,0.5128205128205128,0,0.30700529274579297,0,0.4251063829787234,0.41285714285714287,0.43936605316973415,0.3974093264248705,0
54.68846153846154,36.45897435897436,0.6666666666666666,0,0.2084465368973723,0,0.419634703196347,0.3769230769230769,0.45460921843687374,0.4737804878048781,0
24.198530465949823,168.78475,6.975,0,0.13101964157086127,0,0.42815126050420166,0.4191256830601093,0.42504725897920603,0.3806282722513089,0
344.36608695652177,396.021,1.15,1,-0.07264620890318885,0,0.419634703196347,0.37540983606557377,0.42504725897920603,0.40918918918918923,1
16.859310344827588,48.892,2.9,1,-0.15149879169818536,0,0.42815126050420166,0.42923076923076925,0.4222753346080306,0.44782608695652176,0
36.094810606060605,134.2116901408451,3.7183098591549295,0,1.2891116456242135,0,0.4251063829787234,0.41850000000000004,0.45460921843687374,0.4737704918032787,0
41.7310502283105,247.00270270270272,5.918918918918919,0,0.5065390147482326,0,0.44116766467065865,0.47210526315789475,0.45460921843687374,0.4108247422680413,0
80.286,96.89689655172414,1.206896551724138,0,-0.8224355530750962,0,0.42025495750708214,0.41236559139784945,0.4222753346080306,0.39365853658536587,0
8.579921875,16.639848484848486,1.9393939393939394,0,-0.36288810729773285,0,0.44116766467065865,0.43273809523809526,0.43936605316973415,0.4953757225433526,1
12.30327485380117,60.110285714285716,4.885714285714286,1,-0.8265756115863785,0,0.4251063829787234,0.3842105263157895,0.45460921843687374,0.4737704918032787,0
130.98313432835823,516.2276470588235,3.9411764705882355,1,0.02163279845057775,0,0.419634703196347,0.37540983606557377,0.42504725897920603,0.40918918918918923,1
14.225387323943663,62.154,4.369230769230769,0,0.15615233644370613,0,0.42025495750708214,0.4223809523809524,0.42504725897920603,0.4277777777777778,0
28.995632183908043,291.07153846153847,10.038461538461538,0,-0.011886197614588534,0,0.42025495750708214,0.4223809523809524,0.45460921843687374,0.43526315789473685,0
177.8378431372549,192.97297872340425,1.0851063829787233,1,0.7029248019357103,0,0.4771641791044776,0.44292929292929295,0.42504725897920603,0.485,0
53.2790350877193,93.44323076923078,1.7538461538461538,1,0.5294484193617798,0,0.4771641791044776,0.44292929292929295,0.4222753346080306,0.43333333333333335,1
142.8497435897436,150.57135135135135,1.054054054054054,0,-0.14834617160655644,0,0.44116766467065865,0.47210526315789475,0.42504725897920603,0.42114285714285715,0
12.769282051282053,77.8128125,6.09375,0,-0.8184347946709305,0,0.44116766467065865,0.47210526315789475,0.45460921843687374,0.4108247422680413,0
32.48897777777778,228.438125,7.03125,1,0.06625930141813635,0,0.4251063829787234,0.3842105263157895,0.45460921843687374,0.4737704918032787,1
561.44125,110.90197530864197,0.19753086419753085,1,1.3980193557545797,0,0.4771641791044776,0.4591623036649215,0.42504725897920603,0.485,1
23.97020725388601,660.8928571428571,27.571428571428573,0,-0.9491322004934759,1,0.419634703196347,0.48418079096045197,0.4222753346080306,0.41345029239766085,1
35.10647959183673,215.0271875,6.125,0,-0.012509512616818652,0,0.42025495750708214,0.4223809523809524,0.43936605316973415,0.4317919075144509,0
40.645982905982905,190.2232,4.68,0,0.8466830765245102,0,0.419634703196347,0.3769230769230769,0.42504725897920603,0.40918918918918923,0
31.39953237410072,193.97933333333333,6.177777777777778,1,0.5985743071684496,0,0.42815126050420166,0.42923076923076925,0.43936605316973415,0.44792899408284026,0
153.57743589743592,149.738,0.975,1,-0.008818634903124706,0,0.4251063829787234,0.3842105263157895,0.4222753346080306,0.41350000000000003,0
14.400116959064327,41.040333333333336,2.85,1,-0.237967365138398,0,0.4771641791044776,0.49819277108433735,0.42504725897920603,0.485,0
12.738689956331877,67.84093023255814,5.325581395348837,0,-0.5100028537732186,0,0.42815126050420166,0.4191256830601093,0.43936605316973415,0.44792899408284026,0
135.24432835820897,604.0913333333334,4.466666666666667,0,0.03221153727559789,0,0.42025495750708214,0.41236559139784945,0.45460921843687374,0.43526315789473685,0
130.5808620689655,100.98253333333332,0.7733333333333333,0,1.0138639430617893,0,0.4251063829787234,0.41850000000000004,0.4222753346080306,0.41350000000000003,1
31.635043478260872,115.49301587301588,3.6507936507936507,1,0.7082930565126648,0,0.42815126050420166,0.38846153846153847,0.42504725897920603,0.3806282722513089,1
40.61871794871795,35.59842696629214,0.8764044943820225,1,0.4980301275370171,0,0.42815126050420166,0.42923076923076925,0.45460921843687374,0.4381642512077295,0
43.93808823529412,57.457499999999996,1.3076923076923077,1,-0.30883244898168016,0,0.4771641791044776,0.44292929292929295,0.45460921843687374,0.49812500000000004,0
87.69636363636363,964.66,11.0,1,-0.3608738233139868,0,0.4251063829787234,0.3842105263157895,0.42504725897920603,0.42169312169312173,1
21.26647887323944,33.55377777777778,1.5777777777777777,0,-0.7264726084564943,0,0.42815126050420166,0.4191256830601093,0.4222753346080306,0.44782608695652176,0
5.393151750972763,15.931494252873563,2.954022988505747,0,0.12908689931937856,0,0.42815126050420166,0.4191256830601093,0.43936605316973415,0.44792899408284026,0
23.47936454849498,175.50825,7.475,0,0.1803825329761059,0,0.4251063829787234,0.41285714285714287,0.43936605316973415,0.3974093264248705,0
18.9041935483871,86.46344262295082,4.573770491803279,0,0.2990486084472925,0,0.42025495750708214,0.41236559139784945,0.45460921843687374,0.43526315789473685,1
210.359,901.5385714285715,4.285714285714286,1,-0.6399451036318604,0,0.42025495750708214,0.438860103626943,0.4222753346080306,0.39365853658536587,0
104.34859649122807,75.28949367088607,0.7215189873417721,0,0.799098355379473,0,0.419634703196347,0.3769230769230769,0.42504725897920603,0.40918918918918923,0
30.667166666666667,57.5009375,1.875,0,-0.9377360966549455,1,0.4251063829787234,0.4875,0.4222753346080306,0.41350000000000003,1
79.34809523809523,146.1675438596491,1.8421052631578947,1,0.7765531138471351,0,0.42025495750708214,0.438860103626943,0.42504725897920603,0.4277777777777778,1
60.16213114754098,159.5604347826087,2.652173913043478,0,-0.790078950740923,1,0.419634703196347,0.48418079096045197,0.4222753346080306,0.41345029239766085,0
40.659007633587784,121.05295454545454,2.977272727272727,1,-0.04689722863351594,0,0.42025495750708214,0.438860103626943,0.42504725897920603,0.4277777777777778,1
35.16771126760563,131.4161842105263,3.736842105263158,0,1.4778450831565118,0,0.42025495750708214,0.4223809523809524,0.43936605316973415,0.4317919075144509,0
36.95563432835821,143.53782608695653,3.8840579710144927,0,1.3161324451768377,0,0.44116766467065865,0.47210526315789475,0.43936605316973415,0.4953757225433526,1
2.459216589861751,7.516197183098591,3.056338028169014,0,-0.3619553808088581,0,0.4251063829787234,0.4875,0.45460921843687374,0.4737704918032787,1
57.73674418604651,90.27927272727273,1.5636363636363637,0,0.11687835034591867,0,0.44116766467065865,0.40481283422459896,0.45460921843687374,0.4108247422680413,0
110.86117647058825,36.24307692307693,0.3269230769230769,1,-0.5113113426148165,0,0.419634703196347,0.4452127659574468,0.4222753346080306,0.41345029239766085,1
41.9147572815534,539.6525,12.875,0,-0.025237966291528302,0,0.42815126050420166,0.47056074766355144,0.43936605316973415,0.44792899408284026,0
12.134377358490566,84.62131578947368,6.973684210526316,1,-0.5597827070921588,0,0.419634703196347,0.4452127659574468,0.4222753346080306,0.41345029239766085,0
51.62739361702128,136.70352112676056,2.647887323943662,0,1.3215846237881754,0,0.4251063829787234,0.41850000000000004,0.43936605316973415,0.3974093264248705,0
6.202999999999999,46.124871794871794,7.435897435897436,1,-0.7989079879398133,1,0.4771641791044776,0.4591623036649215,0.45460921843687374,0.49812500000000004,1
162.50084745762712,122.91730769230769,0.7564102564102564,1,1.4462356307998006,0,0.4771641791044776,0.4591623036649215,0.43936605316973415,0.47803468208092487,1
22.165194174757282,152.201,6.866666666666666,1,-0.4792130710949667,1,0.42025495750708214,0.41073446327683616,0.43936605316973415,0.4317919075144509,1
21.022923076923078,36.439733333333336,1.7333333333333334,0,0.1253704424509387,0,0.42025495750708214,0.4223809523809524,0.45460921843687374,0.43526315789473685,0
35.407956204379566,167.27206896551726,4.724137931034483,0,-0.44783996368290513,1,0.4251063829787234,0.41850000000000004,0.42504725897920603,0.42169312169312173,1
12.317132352941178,119.65214285714286,9.714285714285714,0,-1.344415936329567,1,0.42025495750708214,0.41236559139784945,0.43936605316973415,0.4317919075144509,1
35.68040935672515,174.32428571428574,4.885714285714286,0,-0.09285186367401246,0,0.4251063829787234,0.41850000000000004,0.45460921843687374,0.4737704918032787,1
54.216300578034684,170.53490909090908,3.1454545454545455,0,0.9270619022022232,0,0.419634703196347,0.3769230769230769,0.43936605316973415,0.39441624365482236,0
86.64696629213483,86.64696629213483,1.0,1,1.331938849851572,0,0.42815126050420166,0.38846153846153847,0.4222753346080306,0.44782608695652176,0
30.638879668049793,110.20850746268657,3.5970149253731343,0,0.8117468698715287,0,0.419634703196347,0.3769230769230769,0.43936605316973415,0.39441624365482236,0
21.429890510948905,110.78849056603774,5.169811320754717,0,0.24142637659660493,0,0.4251063829787234,0.41850000000000004,0.4222753346080306,0.41350000000000003,0
8.786654411764705,33.66154929577465,3.8309859154929575,0,-0.021235061877557804,0,0.4251063829787234,0.41285714285714287,0.43936605316973415,0.3974093264248705,0
9.486412213740458,88.76571428571428,9.357142857142858,0,-1.4237831106901746,0,0.419634703196347,0.3769230769230769,0.43936605316973415,0.39441624365482236,0
24.373619047619048,319.90375,13.125,0,-0.6705824257360601,1,0.42815126050420166,0.4191256830601093,0.42504725897920603,0.3806282722513089,0
40.02728744939271,229.92418604651164,5.744186046511628,1,0.7692364586390871,0,0.419634703196347,0.37540983606557377,0.42504725897920603,0.40918918918918923,1
11.228987341772152,266.127,23.7,1,-1.2470611256759816,1,0.4771641791044776,0.44292929292929295,0.42504725897920603,0.485,1
12.033125,64.17666666666666,5.333333333333333,1,-1.5523506794962842,0,0.419634703196347,0.4452127659574468,0.43936605316973415,0.39441624365482236,0
16.371960784313725,32.5312987012987,1.9870129870129871,0,0.12533275684746675,0,0.44116766467065865,0.40481283422459896,0.42504725897920603,0.42114285714285715,1
11.809333333333333,72.94,6.176470588235294,1,-0.7784557569005217,0,0.4771641791044776,0.4591623036649215,0.45460921843687374,0.49812500000000004,0
93.3253448275862,235.34217391304347,2.5217391304347827,1,-0.47016174816223094,0,0.42815126050420166,0.42923076923076925,0.4222753346080306,0.44782608695652176,0
42.430787401574804,673.58875,15.875,0,-0.7882737937144877,0,0.4771641791044776,0.5011428571428571,0.45460921843687374,0.49812500000000004,0
199.6257142857143,147.0926315789474,0.7368421052631579,1,0.7862315003415152,0,0.419634703196347,0.4452127659574468,0.43936605316973415,0.39441624365482236,0
67.34055555555557,107.7448888888889,1.6,1,-0.11368555838751959,0,0.419634703196347,0.4452127659574468,0.45460921843687374,0.4737804878048781,0
44.325828220858895,722.511,16.3,0,-0.4093860371398322,0,0.4251063829787234,0.41285714285714287,0.45460921843687374,0.4737704918032787,1
17.70241258741259,297.8170588235294,16.823529411764707,1,-0.6598702450901583,1,0.4771641791044776,0.4591623036649215,0.45460921843687374,0.49812500000000004,1
122.14500000000001,191.18347826086958,1.565217391304348,1,0.6314845546194019,0,0.4771641791044776,0.49819277108433735,0.42504725897920603,0.485,0
27.559299065420557,83.06605633802816,3.0140845070422535,0,0.6225933066805034,0,0.44116766467065865,0.40481283422459896,0.4222753346080306,0.439247311827957,0
19.624716981132075,35.45829545454546,1.8068181818181819,0,0.46832092428219596,0,0.42025495750708214,0.4223809523809524,0.4222753346080306,0.39365853658536587,0
22.2452,171.1169230769231,7.6923076923076925,0,-1.2644893758669018,1,0.42815126050420166,0.47056074766355144,0.43936605316973415,0.44792899408284026,1
48.95217741935484,123.87897959183672,2.5306122448979593,1,0.19417254732107528,0,0.4771641791044776,0.44292929292929295,0.45460921843687374,0.49812500000000004,0
114.12850574712644,254.59435897435898,2.230769230769231,0,0.6933788032440017,0,0.4251063829787234,0.41285714285714287,0.4222753346080306,0.41350000000000003,1
59.44114754098361,78.8241304347826,1.326086956521739,0,-0.317179032480879,0,0.44116766467065865,0.40481283422459896,0.42504725897920603,0.42114285714285715,0
15.39876712328767,18.428032786885243,1.1967213114754098,0,-0.4626971244090713,0,0.4251063829787234,0.4875,0.43936605316973415,0.3974093264248705,1
124.27121951219512,115.79818181818182,0.9318181818181818,1,-0.08933492522683278,0,0.4771641791044776,0.44292929292929295,0.45460921843687374,0.49812500000000004,0
89.91722222222222,323.702,3.6,0,0.06350677387763898,0,0.4771641791044776,0.5011428571428571,0.42504725897920603,0.485,0
5.665723684210526,45.32578947368421,8.0,1,-1.3892522683697759,0,0.42815126050420166,0.38846153846153847,0.45460921843687374,0.4381642512077295,0
15.626593886462881,79.52199999999999,5.088888888888889,1,-0.34679462721849674,1,0.4251063829787234,0.3842105263157895,0.42504725897920603,0.42169312169312173,1
297.30178571428576,99.10059523809525,0.3333333333333333,0,1.3398695651190715,0,0.419634703196347,0.48418079096045197,0.43936605316973415,0.39441624365482236,1
31.383082706766917,417.395,13.3,1,0.00581608312445292,0,0.4771641791044776,0.49819277108433735,0.42504725897920603,0.485,0
10.913908045977012,86.3190909090909,7.909090909090909,1,-1.1360270924866802,0,0.42025495750708214,0.41073446327683616,0.4222753346080306,0.39365853658536587,0
5.875058823529412,14.90686567164179,2.537313432835821,0,-0.3602336009758078,0,0.44116766467065865,0.45191256830601095,0.45460921843687374,0.4108247422680413,0
11.006235294117646,15.856440677966102,1.4406779661016949,0,-0.5391339264385108,0,0.44116766467065865,0.40481283422459896,0.43936605316973415,0.4953757225433526,0
18.415508474576274,79.01927272727274,4.290909090909091,0,0.0032082430830793207,0,0.44116766467065865,0.40481283422459896,0.42504725897920603,0.42114285714285715,0
75.90393258426965,116.47327586206896,1.5344827586206897,0,0.5081779245651095,0,0.44116766467065865,0.47210526315789475,0.45460921843687374,0.4108247422680413,1
33.89142857142857,63.649756097560974,1.8780487804878048,1,-0.6082706303833818,1,0.4771641791044776,0.49819277108433735,0.45460921843687374,0.49812500000000004,1
33.561032258064515,216.74833333333333,6.458333333333333,1,-0.4879616205798034,0,0.419634703196347,0.37540983606557377,0.45460921843687374,0.4737804878048781,0
9.790068728522336,33.915595238095236,3.4642857142857144,0,0.3348554861234825,0,0.44116766467065865,0.45191256830601095,0.45460921843687374,0.4108247422680413,0
39.26280952380952,139.74898305084747,3.559322033898305,1,0.8025257477983493,0,0.42815126050420166,0.38846153846153847,0.42504725897920603,0.3806282722513089,1
37.60628099173553,118.19116883116882,3.142857142857143,1,1.3359680389164308,0,0.4251063829787234,0.3842105263157895,0.4222753346080306,0.41350000000000003,1
77.26945945945945,105.88777777777777,1.3703703703703705,1,-0.8552728116212241,0,0.42815126050420166,0.38846153846153847,0.43936605316973415,0.44792899408284026,0
6.973444816053512,25.427560975609754,3.6463414634146343,0,0.15283011214976128,0,0.44116766467065865,0.43273809523809526,0.43936605316973415,0.4953757225433526,1
33.211603773584905,90.26743589743589,2.717948717948718,0,-0.4829223430836629,1,0.42815126050420166,0.47056074766355144,0.4222753346080306,0.44782608695652176,1
57.626060606060605,67.91642857142857,1.1785714285714286,0,-1.0100715021576137,1,0.4251063829787234,0.41850000000000004,0.4222753346080306,0.41350000000000003,1
79.4825,129.1590625,1.625,0,-0.5168538486973695,0,0.42815126050420166,0.47056074766355144,0.42504725897920603,0.3806282722513089,0
5.239375,15.967619047619047,3.0476190476190474,1,0.05813586104246404,0,0.42815126050420166,0.42923076923076925,0.43936605316973415,0.44792899408284026,1
37.14834862385321,337.43083333333334,9.083333333333334,1,-0.9504938004066444,0,0.42025495750708214,0.41073446327683616,0.42504725897920603,0.4277777777777778,0
21.194625850340138,100.50354838709679,4.741935483870968,1,0.49560489858095474,0,0.42815126050420166,0.42923076923076925,0.45460921843687374,0.4381642512077295,0
14.014545454545454,17.518181818181816,1.25,0,0.1785511706263545,0,0.42025495750708214,0.4223809523809524,0.4222753346080306,0.39365853658536587,0
20.839275862068966,241.7356,11.6,1,-0.3126085773232655,0,0.4771641791044776,0.4591623036649215,0.4222753346080306,0.43333333333333335,0
40.595165562913905,322.6247368421053,7.947368421052632,0,-0.42220653813632325,0,0.42025495750708214,0.41236559139784945,0.4222753346080306,0.39365853658536587,1
108.79178082191781,193.70243902439026,1.7804878048780488,1,0.3704266070502082,0,0.42815126050420166,0.42923076923076925,0.43936605316973415,0.44792899408284026,1
14.507683615819209,106.99416666666667,7.375,0,-0.9714404346296105,1,0.42025495750708214,0.4223809523809524,0.42504725897920603,0.4277777777777778,1
80.3195,535.4633333333334,6.666666666666667,0,0.2008476519070349,0,0.44116766467065865,0.47210526315789475,0.4222753346080306,0.439247311827957,0
5.4088321167883215,27.444814814814816,5.074074074074074,1,-1.2440161353389758,1,0.42025495750708214,0.41073446327683616,0.45460921843687374,0.43526315789473685,1
12.337591240875913,38.85632183908046,3.1494252873563218,1,0.49516227818494113,0,0.4771641791044776,0.44292929292929295,0.45460921843687374,0.49812500000000004,1
57.11255813953489,200.47673469387757,3.510204081632653,1,0.8830743346431211,0,0.4771641791044776,0.49819277108433735,0.43936605316973415,0.47803468208092487,1
32.033932584269664,712.755,22.25,0,-0.12382230129469518,0,0.42025495750708214,0.41236559139784945,0.45460921843687374,0.43526315789473685,0
93.75688524590164,80.55169014084507,0.8591549295774648,0,0.5898266547370802,0,0.44116766467065865,0.47210526315789475,0.43936605316973415,0.4953757225433526,0
77.72369747899161,110.10857142857144,1.4166666666666667,1,1.509589148653271,0,0.4771641791044776,0.44292929292929295,0.45460921843687374,0.49812500000000004,1
28.28458904109589,266.4225806451613,9.419354838709678,0,0.21954740745142048,0,0.4251063829787234,0.41850000000000004,0.43936605316973415,0.3974093264248705,1
85.68923076923078,52.42164705882353,0.611764705882353,0,0.6507130782411598,0,0.44116766467065865,0.47210526315789475,0.4222753346080306,0.439247311827957,0
38.54911111111111,19.49112359550562,0.5056179775280899,1,0.2349075984450688,0,0.42025495750708214,0.41073446327683616,0.45460921843687374,0.43526315789473685,1
120.39519999999999,291.27870967741933,2.4193548387096775,0,0.3609770287178637,0,0.42025495750708214,0.41236559139784945,0.4222753346080306,0.39365853658536587,0
33.81882352941176,86.78037735849055,2.5660377358490565,0,0.007876797096435559,0,0.4251063829787234,0.41850000000000004,0.4222753346080306,0.41350000000000003,0
34.50794117647059,26.66522727272727,0.7727272727272727,0,0.3262947781512213,0,0.42815126050420166,0.47056074766355144,0.4222753346080306,0.44782608695652176,0
19.009772727272725,179.23499999999999,9.428571428571429,1,-1.1913091114072833,0,0.42025495750708214,0.438860103626943,0.42504725897920603,0.4277777777777778,0
8.888211678832116,34.791,3.914285714285714,0,-0.03381390648416194,0,0.44116766467065865,0.43273809523809526,0.45460921843687374,0.4108247422680413,0
32.568669950738915,413.215,12.6875,0,-0.39655175119823655,0,0.42815126050420166,0.4191256830601093,0.43936605316973415,0.44792899408284026,0
5.823188405797102,38.266666666666666,6.571428571428571,1,-0.7713527569617089,0,0.4771641791044776,0.44292929292929295,0.4222753346080306,0.43333333333333335,0
21.066150793650795,108.34020408163265,5.142857142857143,0,0.05442053751980618,0,0.4251063829787234,0.41285714285714287,0.43936605316973415,0.3974093264248705,1
153.778,23.658153846153844,0.15384615384615385,0,-0.3031222517951037,0,0.42025495750708214,0.41236559139784945,0.45460921843687374,0.43526315789473685,1
41.44512931034483,209.0276086956522,5.043478260869565,1,0.7821447098665463,0,0.42815126050420166,0.42923076923076925,0.45460921843687374,0.4381642512077295,1
14.283083333333334,41.804146341463415,2.926829268292683,0,0.39931051525184735,0,0.42025495750708214,0.41236559139784945,0.43936605316973415,0.4317919075144509,0
37.729609375,75.45921875,2.0,1,0.28012812836448353,0,0.42815126050420166,0.38846153846153847,0.4222753346080306,0.44782608695652176,0
39.78145077720207,365.61047619047616,9.19047619047619,1,-0.09626265761522196,0,0.42025495750708214,0.41073446327683616,0.42504725897920603,0.4277777777777778,1
109.03299999999999,297.3627272727272,2.727272727272727,1,-0.2838298355561566,0,0.42025495750708214,0.41073446327683616,0.4222753346080306,0.39365853658536587,1
56.32551020408163,114.99791666666665,2.0416666666666665,0,0.07227914469327093,0,0.42815126050420166,0.4191256830601093,0.4222753346080306,0.44782608695652176,1
96.91548780487804,100.59582278481012,1.0379746835443038,1,1.1660437428166905,0,0.42025495750708214,0.438860103626943,0.4222753346080306,0.39365853658536587,0
49.4021875,38.55780487804878,0.7804878048780488,0,-0.7970973641937991,1,0.42815126050420166,0.4191256830601093,0.4222753346080306,0.44782608695652176,1
22.38876254180602,123.9674074074074,5.537037037037037,0,0.41329571464427994,0,0.42025495750708214,0.41236559139784945,0.42504725897920603,0.4277777777777778,0
11.403578431372548,290.79125,25.5,1,-1.3503617366816676,1,0.419634703196347,0.4452127659574468,0.4222753346080306,0.41345029239766085,1
23.432094594594595,38.96573033707865,1.6629213483146068,1,0.5530370618912885,0,0.4771641791044776,0.4591623036649215,0.45460921843687374,0.49812500000000004,1
35.976126126126125,110.92638888888888,3.0833333333333335,0,-0.4588552300157901,0,0.42815126050420166,0.47056074766355144,0.43936605316973415,0.44792899408284026,0
25.238360655737704,60.77131578947368,2.4078947368421053,0,0.49238417148969776,0,0.419634703196347,0.48418079096045197,0.45460921843687374,0.4737804878048781,0
31.14799256505576,246.4355882352941,7.911764705882353,1,0.30425522683498724,0,0.42815126050420166,0.38846153846153847,0.4222753346080306,0.44782608695652176,0
45.74955445544554,107.45825581395349,2.3488372093023258,0,1.5499976843261423,0,0.44116766467065865,0.43273809523809526,0.45460921843687374,0.4108247422680413,0
74.36960396039603,107.30471428571428,1.4428571428571428,1,0.8978588170131461,0,0.4771641791044776,0.4591623036649215,0.42504725897920603,0.485,1
22.760506756756754,561.4258333333333,24.666666666666668,0,-0.45713286367795597,0,0.4251063829787234,0.4875,0.45460921843687374,0.4737704918032787,1
36.44073275862069,111.24013157894737,3.0526315789473686,1,1.196399145687284,0,0.42815126050420166,0.38846153846153847,0.4222753346080306,0.44782608695652176,1
24.13828025477707,49.217012987012986,2.038961038961039,1,0.3611528017550983,0,0.42025495750708214,0.41073446327683616,0.4222753346080306,0.39365853658536587,0
10.485109489051094,25.201052631578946,2.4035087719298245,1,-0.4890138486701134,0,0.42025495750708214,0.41073446327683616,0.4222753346080306,0.39365853658536587,1
46.09871559633028,228.39818181818183,4.954545454545454,1,-0.5623096678528227,0,0.419634703196347,0.4452127659574468,0.43936605316973415,0.39441624365482236,0
562.7907142857142,1125.5814285714284,2.0,1,-0.35208973592588416,0,0.42025495750708214,0.41073446327683616,0.45460921843687374,0.43526315789473685,0
17.053954372623572,280.324375,16.4375,0,-0.7868166721858234,1,0.4251063829787234,0.41285714285714287,0.45460921843687374,0.4737704918032787,1
31.89432258064516,126.75948717948718,3.9743589743589745,0,-0.22170135171372818,0,0.42815126050420166,0.4191256830601093,0.42504725897920603,0.3806282722513089,0
7.3034358974358975,20.640144927536234,2.8260869565217392,0,-0.2403275732026927,0,0.419634703196347,0.3769230769230769,0.4222753346080306,0.41345029239766085,1
41.95947368421053,50.61777777777778,1.2063492063492063,1,-0.04188560035515665,0,0.4771641791044776,0.44292929292929295,0.42504725897920603,0.485,1
36.84582524271845,216.864,5.885714285714286,1,0.18042810726506237,0,0.42815126050420166,0.42923076923076925,0.42504725897920603,0.3806282722513089,1
35.44585227272727,117.70698113207547,3.3207547169811322,0,0.30872906500470765,0,0.42025495750708214,0.4223809523809524,0.43936605316973415,0.4317919075144509,0
16.72387543252595,55.55402298850574,3.32183908045977,1,0.7617997153248199,0,0.4771641791044776,0.4591623036649215,0.42504725897920603,0.485,0
32.99861209964413,174.95490566037736,5.30188679245283,1,0.8656336657643909,0,0.419634703196347,0.4452127659574468,0.45460921843687374,0.4737804878048781,1
120.22380952380952,81.44193548387096,0.6774193548387096,0,0.2786864323039177,0,0.42025495750708214,0.4223809523809524,0.45460921843687374,0.43526315789473685,0
4.125481171548117,29.87848484848485,7.242424242424242,0,-1.073579980188213,1,0.419634703196347,0.48418079096045197,0.4222753346080306,0.41345029239766085,1
126.9536842105263,201.01,1.5833333333333333,0,-0.5572906580661909,1,0.42815126050420166,0.4191256830601093,0.4222753346080306,0.44782608695652176,1
23.706313131313134,95.79285714285714,4.040816326530612,0,-0.058427283160540903,0,0.42815126050420166,0.47056074766355144,0.43936605316973415,0.44792899408284026,1
19.16774647887324,214.88052631578947,11.210526315789474,0,-0.7979511261906576,0,0.4251063829787234,0.41285714285714287,0.4222753346080306,0.41350000000000003,0
33.142648221343876,190.57022727272727,5.75,0,0.5145262774076321,0,0.4251063829787234,0.41285714285714287,0.4222753346080306,0.41350000000000003,1
19.899,14.74,0.7407407407407407,1,-0.03164333742017955,0,0.42815126050420166,0.38846153846153847,0.45460921843687374,0.4381642512077295,0
69.30216494845361,93.36541666666668,1.3472222222222223,0,0.7948609397915734,0,0.4251063829787234,0.41850000000000004,0.42504725897920603,0.42169312169312173,0
62.8073786407767,86.25546666666666,1.3733333333333333,0,0.8111317557938673,0,0.44116766467065865,0.43273809523809526,0.4222753346080306,0.439247311827957,0
11.632075471698114,41.1,3.533333333333333,0,-1.5178115189503596,1,0.42815126050420166,0.47056074766355144,0.4222753346080306,0.44782608695652176,1
79.40904761904763,166.75900000000001,2.1,1,-0.3990511420686909,1,0.42815126050420166,0.38846153846153847,0.4222753346080306,0.44782608695652176,1
95.48447761194029,94.08029411764706,0.9852941176470589,1,0.6515886328599656,0,0.42025495750708214,0.41073446327683616,0.43936605316973415,0.4317919075144509,0
2.2517037037037038,8.328219178082191,3.6986301369863015,1,-0.30649239301633857,0,0.42815126050420166,0.38846153846153847,0.42504725897920603,0.3806282722513089,0
62.46901639344262,127.02033333333334,2.033333333333333,1,0.7089103182905321,0,0.4251063829787234,0.3842105263157895,0.42504725897920603,0.42169312169312173,1
38.588938053097344,62.29357142857143,1.6142857142857143,0,0.31954539773071516,0,0.419634703196347,0.3769230769230769,0.4222753346080306,0.41345029239766085,1
40.2085,603.1274999999999,15.0,1,-0.36528271822911024,0,0.4771641791044776,0.4591623036649215,0.4222753346080306,0.43333333333333335,0
64.63313559322035,129.2662711864407,2.0,1,0.6890061483474837,0,0.4771641791044776,0.49819277108433735,0.43936605316973415,0.47803468208092487,1
27.21112195121951,113.84244897959184,4.183673469387755,1,0.10390640482020036,0,0.42025495750708214,0.41073446327683616,0.4222753346080306,0.39365853658536587,0
21.39435064935065,94.13514285714285,4.4,1,-0.6079960529942622,0,0.419634703196347,0.4452127659574468,0.42504725897920603,0.40918918918918923,0
8.859947643979057,43.39102564102564,4.897435897435898,1,-0.8184776744186829,0,0.4771641791044776,0.44292929292929295,0.43936605316973415,0.47803468208092487,0
75.38115384615385,979.955,13.0,0,-0.33841512102966403,0,0.44116766467065865,0.45191256830601095,0.45460921843687374,0.4108247422680413,1
25.278144329896907,94.30692307692308,3.730769230769231,1,-0.9508860819094622,1,0.42025495750708214,0.41073446327683616,0.43936605316973415,0.4317919075144509,0
24.153486842105263,50.292191780821916,2.0821917808219177,0,0.255777260601883,0,0.419634703196347,0.3769230769230769,0.43936605316973415,0.39441624365482236,0
67.9628787878788,56.069375,0.825,1,0.5516070427394076,0,0.419634703196347,0.37540983606557377,0.45460921843687374,0.4737804878048781,1
15.885528455284554,34.27929824561404,2.1578947368421053,0,-0.3940360774700021,0,0.42815126050420166,0.47056074766355144,0.42504725897920603,0.3806282722513089,0
90.86228070175439,105.69693877551019,1.163265306122449,1,0.030647645072392937,0,0.4771641791044776,0.44292929292929295,0.4222753346080306,0.43333333333333335,0
58.74248275862069,163.80115384615385,2.7884615384615383,0,0.7061536902877503,0,0.4251063829787234,0.41850000000000004,0.42504725897920603,0.42169312169312173,0
24.57558011049724,171.08384615384617,6.961538461538462,0,-0.5844913328087353,0,0.44116766467065865,0.45191256830601095,0.42504725897920603,0.42114285714285715,0
152.96121951219513,627.141,4.1,0,-0.5844339643101374,0,0.4771641791044776,0.5011428571428571,0.4222753346080306,0.43333333333333335,0
32.50345762711864,162.51728813559322,5.0,0,1.049088746650909,0,0.42025495750708214,0.41236559139784945,0.43936605316973415,0.4317919075144509,1
6.145280898876404,32.815799999999996,5.34,1,-0.5978927382635313,0,0.42815126050420166,0.42923076923076925,0.42504725897920603,0.3806282722513089,1
17.57700460829493,200.7478947368421,11.421052631578947,0,-0.8472369282287936,0,0.42815126050420166,0.47056074766355144,0.42504725897920603,0.3806282722513089,0
43.47235294117647,266.8719444444444,6.138888888888889,1,0.5715799855144399,0,0.4771641791044776,0.4591623036649215,0.42504725897920603,0.485,0
55.24285714285714,38.669999999999995,0.7,0,-1.1043582808959078,1,0.42815126050420166,0.47056074766355144,0.45460921843687374,0.4381642512077295,1
25.345316455696203,87.05565217391305,3.4347826086956523,1,-1.096162282845854,0,0.42815126050420166,0.42923076923076925,0.4222753346080306,0.44782608695652176,0
784.72,490.45,0.625,1,-0.16973280763110177,0,0.4251063829787234,0.3842105263157895,0.4222753346080306,0.41350000000000003,1
60.55644230769231,87.47041666666667,1.4444444444444444,1,0.7169566279449083,0,0.4771641791044776,0.4591623036649215,0.45460921843687374,0.49812500000000004,1
57.940431034482756,152.75204545454545,2.6363636363636362,0,0.20910554676761123,0,0.4251063829787234,0.41850000000000004,0.45460921843687374,0.4737704918032787,1
18.051435897435898,220.001875,12.1875,0,-0.9639680378015218,1,0.42025495750708214,0.4223809523809524,0.42504725897920603,0.4277777777777778,1
113.96888888888888,710.1138461538461,6.230769230769231,0,0.02161089021807472,0,0.44116766467065865,0.47210526315789475,0.43936605316973415,0.4953757225433526,0
40.60570048309178,171.53836734693877,4.224489795918367,1,0.6228096185175579,0,0.419634703196347,0.37540983606557377,0.4222753346080306,0.41345029239766085,1
391.4273684210526,116.205,0.296875,1,0.7587668314365397,0,0.4771641791044776,0.4591623036649215,0.42504725897920603,0.485,1
49.33480392156862,143.7757142857143,2.914285714285714,1,-0.28909936679919906,0,0.42025495750708214,0.438860103626943,0.45460921843687374,0.43526315789473685,0
80.28862068965518,129.3538888888889,1.6111111111111112,1,0.4666837722892697,0,0.42025495750708214,0.438860103626943,0.4222753346080306,0.39365853658536587,1
12.614729241877257,74.34638297872341,5.8936170212765955,1,-0.3204273691261311,0,0.4771641791044776,0.44292929292929295,0.43936605316973415,0.47803468208092487,1
2.3027090301003343,12.990754716981131,5.6415094339622645,0,-0.709944515658087,0,0.419634703196347,0.3769230769230769,0.45460921843687374,0.4737804878048781,0
69.90325,65.02627906976744,0.9302325581395349,0,-0.5322174397283639,1,0.42025495750708214,0.4223809523809524,0.4222753346080306,0.39365853658536587,1
52.861633986928105,404.3915,7.65,0,-0.04191875426590175,0,0.419634703196347,0.48418079096045197,0.45460921843687374,0.4737804878048781,0
21.811977401129944,70.19490909090909,3.2181818181818183,0,-0.08587402699434132,0,0.44116766467065865,0.47210526315789475,0.4222753346080306,0.439247311827957,1
40.92923076923077,62.076,1.5166666666666666,1,-0.006306475132390854,0,0.4771641791044776,0.4591623036649215,0.45460921843687374,0.49812500000000004,1
25.527125,51.05425,2.0,1,-0.7333393807516142,1,0.4251063829787234,0.3842105263157895,0.42504725897920603,0.42169312169312173,1
176.92700000000002,215.76463414634148,1.2195121951219512,0,0.5364532428076787,0,0.42025495750708214,0.4223809523809524,0.42504725897920603,0.4277777777777778,0
50.37274611398964,156.80548387096775,3.1129032258064515,0,1.1363129832322372,0,0.42815126050420166,0.47056074766355144,0.4222753346080306,0.44782608695652176,0
12.966825396825396,18.997906976744186,1.4651162790697674,1,0.15365411689241837,0,0.4771641791044776,0.44292929292929295,0.42504725897920603,0.485,1
23.054285714285715,92.21714285714286,4.0,0,-1.1500486095348892,0,0.42025495750708214,0.41236559139784945,0.45460921843687374,0.43526315789473685,0
417.5131578947368,661.0625,1.5833333333333333,1,-0.23767779013081974,0,0.4771641791044776,0.49819277108433735,0.4222753346080306,0.43333333333333335,1
19.444877192982457,461.81583333333333,23.75,0,-0.6765292024691998,0,0.44116766467065865,0.45191256830601095,0.4222753346080306,0.439247311827957,0
10.842500000000001,68.66916666666667,6.333333333333333,1,-0.7380765886055967,1,0.42025495750708214,0.41073446327683616,0.45460921843687374,0.43526315789473685,0
5.945806451612903,12.711724137931034,2.1379310344827585,0,-0.5964337812737454,0,0.4251063829787234,0.41285714285714287,0.42504725897920603,0.42169312169312173,0
50.281,73.44415730337079,1.4606741573033708,1,1.116262990753882,0,0.42815126050420166,0.38846153846153847,0.4222753346080306,0.44782608695652176,0
15.537822222222223,109.2503125,7.03125,1,-0.6337874058344755,0,0.419634703196347,0.4452127659574468,0.43936605316973415,0.39441624365482236,0
27.11263157894737,515.14,19.0,0,-0.21268853380076075,0,0.42025495750708214,0.4223809523809524,0.43936605316973415,0.4317919075144509,1
42.33290697674419,89.8920987654321,2.123456790123457,1,1.0856605820747796,0,0.419634703196347,0.4452127659574468,0.42504725897920603,0.40918918918918923,0
15.797522123893804,74.38,4.708333333333333,0,-0.2855733683473679,0,0.42815126050420166,0.47056074766355144,0.45460921843687374,0.4381642512077295,0
10.345238095238095,21.969101123595507,2.1235955056179776,1,0.27538685802160134,0,0.419634703196347,0.37540983606557377,0.45460921843687374,0.4737804878048781,1
29.74813432835821,90.5965909090909,3.0454545454545454,1,-0.29286370262154426,0,0.42815126050420166,0.38846153846153847,0.42504725897920603,0.3806282722513089,1
19.331039426523297,89.88933333333333,4.65,1,0.2999952768460147,0,0.42025495750708214,0.438860103626943,0.42504725897920603,0.4277777777777778,0
28.63759090909091,165.79657894736843,5.7894736842105265,1,0.006394643254023252,0,0.419634703196347,0.37540983606557377,0.42504725897920603,0.40918918918918923,0
13.517746478873239,95.976,7.1,1,-1.1740880733849806,1,0.419634703196347,0.4452127659574468,0.42504725897920603,0.40918918918918923,1
109.66577777777778,246.748,2.25,1,0.70341369873602,0,0.42815126050420166,0.42923076923076925,0.45460921843687374,0.4381642512077295,0
23.50739837398374,48.19016666666666,2.05,1,-0.15922791848138929,0,0.42025495750708214,0.438860103626943,0.43936605316973415,0.4317919075144509,0
27.26352272727273,85.68535714285714,3.142857142857143,1,-0.9187518049729204,0,0.419634703196347,0.4452127659574468,0.4222753346080306,0.41345029239766085,0
16.558137651821863,113.60722222222222,6.861111111111111,1,-0.4411411947308932,1,0.42815126050420166,0.42923076923076925,0.43936605316973415,0.44792899408284026,1
16.091610486891387,79.56407407407407,4.944444444444445,1,-0.026807482179054876,0,0.4771641791044776,0.44292929292929295,0.43936605316973415,0.47803468208092487,0
10.364850299401198,247.2757142857143,23.857142857142858,1,-1.4805569299626256,0,0.42815126050420166,0.42923076923076925,0.45460921843687374,0.4381642512077295,0
17.937016949152543,123.05627906976744,6.8604651162790695,0,-0.0742166615079686,0,0.4251063829787234,0.41850000000000004,0.43936605316973415,0.3974093264248705,0
27.256767676767677,197.44536585365853,7.2439024390243905,1,0.3985935934228149,0,0.419634703196347,0.37540983606557377,0.42504725897920603,0.40918918918918923,0
70.20254901960784,123.45965517241379,1.7586206896551724,1,0.5825526446748708,0,0.42815126050420166,0.38846153846153847,0.42504725897920603,0.3806282722513089,1
15.25132911392405,301.21375,19.75,1,-1.335057661849477,0,0.4771641791044776,0.44292929292929295,0.45460921843687374,0.49812500000000004,0
27.360546875,61.44122807017544,2.245614035087719,1,-0.10986448023514656,0,0.4771641791044776,0.44292929292929295,0.42504725897920603,0.485,1
17.8843961352657,42.55252873563219,2.3793103448275863,0,0.5541852014733495,0,0.44116766467065865,0.40481283422459896,0.42504725897920603,0.42114285714285715,0
8.227783505154639,40.927948717948716,4.9743589743589745,1,-0.8361091139531063,1,0.4771641791044776,0.44292929292929295,0.42504725897920603,0.485,1
52.13372413793104,314.9745833333333,6.041666666666667,0,-0.055264509382264626,0,0.44116766467065865,0.40481283422459896,0.43936605316973415,0.4953757225433526,0
67.855,174.48428571428573,2.5714285714285716,0,-1.203516763327276,1,0.4251063829787234,0.4875,0.4222753346080306,0.41350000000000003,1
13.605070422535212,36.45132075471698,2.6792452830188678,0,-0.48172144433290176,0,0.42815126050420166,0.47056074766355144,0.4222753346080306,0.44782608695652176,0
21.85603846153846,120.90574468085106,5.531914893617022,0,0.08122475266007746,0,0.44116766467065865,0.43273809523809526,0.4222753346080306,0.439247311827957,0
23.422018348623855,113.46666666666667,4.844444444444444,0,-0.06642610542766837,0,0.419634703196347,0.48418079096045197,0.4222753346080306,0.41345029239766085,1
39.29763888888888,353.67875,9.0,0,-1.2580196876522236,1,0.42025495750708214,0.4223809523809524,0.42504725897920603,0.4277777777777778,1
67.96382352941177,486.4778947368421,7.157894736842105,0,0.14921105371212595,0,0.44116766467065865,0.40481283422459896,0.4222753346080306,0.439247311827957,0
17.300531914893618,37.81976744186046,2.186046511627907,0,-0.7469443654261689,0,0.4251063829787234,0.41850000000000004,0.4222753346080306,0.41350000000000003,0
9.162021276595745,12.854179104477613,1.4029850746268657,1,-0.3854766977816503,0,0.4771641791044776,0.44292929292929295,0.43936605316973415,0.47803468208092487,1
17.223432835820898,18.316984126984128,1.0634920634920635,1,-0.4153927613022182,0,0.4771641791044776,0.44292929292929295,0.45460921843687374,0.49812500000000004,0
110.67347826086956,203.6392,1.84,0,-0.48741973000888006,0,0.4251063829787234,0.4875,0.45460921843687374,0.4737704918032787,0
44.46135265700483,418.34090909090907,9.409090909090908,0,0.2046818128891731,0,0.42815126050420166,0.47056074766355144,0.4222753346080306,0.44782608695652176,0
27.348654545454547,313.37,11.458333333333334,1,-0.06233287016168004,0,0.4771641791044776,0.4591623036649215,0.42504725897920603,0.485,0
24.29490118577075,512.2175,21.083333333333332,1,-0.5655168429104874,0,0.4771641791044776,0.4591623036649215,0.45460921843687374,0.49812500000000004,0
41.21101449275363,147.08068965517242,3.5689655172413794,1,0.8340144892610737,0,0.42025495750708214,0.438860103626943,0.45460921843687374,0.43526315789473685,1
64.90304347826087,497.59,7.666666666666667,0,-0.597734691978542,0,0.44116766467065865,0.43273809523809526,0.45460921843687374,0.4108247422680413,1
411.03133333333335,134.03195652173915,0.32608695652173914,1,0.1489473321249934,0,0.419634703196347,0.4452127659574468,0.42504725897920603,0.40918918918918923,0
54.4358125,483.87388888888887,8.88888888888889,1,0.030404896690911176,0,0.419634703196347,0.4452127659574468,0.43936605316973415,0.39441624365482236,1
25.459393939393937,294.056,11.55,0,-0.4469517954381616,0,0.44116766467065865,0.40481283422459896,0.4222753346080306,0.439247311827957,0
18.344347826086956,88.82526315789474,4.842105263157895,0,-1.2375532421277862,1,0.4251063829787234,0.41850000000000004,0.42504725897920603,0.42169312169312173,1
21.351888111888112,117.43538461538462,5.5,1,0.2636203429393711,0,0.4771641791044776,0.49819277108433735,0.4222753346080306,0.43333333333333335,0
20.72465306122449,141.0427777777778,6.805555555555555,0,-0.25985637066927314,1,0.4251063829787234,0.4875,0.4222753346080306,0.41350000000000003,1
19.233130841121497,95.71837209302326,4.976744186046512,1,-0.28998062273949726,1,0.42815126050420166,0.42923076923076925,0.4222753346080306,0.44782608695652176,1
123.41508474576271,186.7048717948718,1.5128205128205128,0,0.207405597529893,0,0.44116766467065865,0.43273809523809526,0.4222753346080306,0.439247311827957,1
83.22315217391304,86.02842696629213,1.0337078651685394,0,1.3218346363769728,0,0.42025495750708214,0.4223809523809524,0.43936605316973415,0.4317919075144509,0
80.6025,198.40615384615387,2.4615384615384617,1,-0.4541038456500465,1,0.4771641791044776,0.44292929292929295,0.43936605316973415,0.47803468208092487,1
18.9911724137931,32.019999999999996,1.686046511627907,0,0.359207407904293,0,0.42025495750708214,0.41236559139784945,0.43936605316973415,0.4317919075144509,0
45.18366459627329,95.71802631578947,2.1184210526315788,0,0.9798734680902768,0,0.44116766467065865,0.40481283422459896,0.43936605316973415,0.4953757225433526,1
34.15032258064516,132.3325,3.875,1,-0.8598223729007586,0,0.42025495750708214,0.41073446327683616,0.42504725897920603,0.4277777777777778,0
5.702823129251701,76.21045454545455,13.363636363636363,1,-1.1768459123707151,0,0.4771641791044776,0.4591623036649215,0.42504725897920603,0.485,0
131.379375,28.027600000000003,0.21333333333333335,1,0.009569364825881332,0,0.4771641791044776,0.4591623036649215,0.43936605316973415,0.47803468208092487,0
207.90675675675675,452.5029411764706,2.176470588235294,0,-0.17720637577835707,0,0.44116766467065865,0.40481283422459896,0.45460921843687374,0.4108247422680413,0
22.101104294478528,156.6295652173913,7.086956521739131,1,-0.8024517941618627,1,0.4771641791044776,0.49819277108433735,0.4222753346080306,0.43333333333333335,1
5.300823970037453,20.511884057971013,3.869565217391304,1,-0.2419519562953395,0,0.42025495750708214,0.41073446327683616,0.42504725897920603,0.4277777777777778,1
13.881417004048583,163.27190476190475,11.761904761904763,1,-0.8761702782701613,1,0.4771641791044776,0.4591623036649215,0.42504725897920603,0.485,1
16.061021505376342,157.22894736842105,9.789473684210526,1,-0.9990038665322838,1,0.419634703196347,0.37540983606557377,0.43936605316973415,0.39441624365482236,1
6.517061403508772,29.7178,4.56,0,-0.6263240310376534,0,0.4251063829787234,0.41850000000000004,0.43936605316973415,0.3974093264248705,1
287.89787878787877,215.92340909090908,0.75,0,0.7192793073704739,0,0.419634703196347,0.48418079096045197,0.42504725897920603,0.40918918918918923,1
35.211243523316064,158.04116279069768,4.488372093023256,0,0.20190093232515371,0,0.419634703196347,0.48418079096045197,0.43936605316973415,0.39441624365482236,1
124.39384615384614,39.44195121951219,0.3170731707317073,0,-0.7904438176278732,1,0.419634703196347,0.3769230769230769,0.4222753346080306,0.41345029239766085,1
8.46,18.0187012987013,2.1298701298701297,0,-0.07977451711185057,0,0.4251063829787234,0.41285714285714287,0.43936605316973415,0.3974093264248705,0
59.41223140495868,175.33853658536586,2.951219512195122,1,0.23223106828008533,0,0.419634703196347,0.4452127659574468,0.4222753346080306,0.41345029239766085,1
17.483191489361705,15.802115384615385,0.9038461538461539,0,-0.706408011616738,0,0.42815126050420166,0.4191256830601093,0.43936605316973415,0.44792899408284026,0
22.26115671641791,96.22564516129032,4.32258064516129,1,0.44692296325183645,0,0.419634703196347,0.4452127659574468,0.43936605316973415,0.39441624365482236,1
20.000641025641023,65.00208333333333,3.25,1,0.420030411375813,0,0.42815126050420166,0.42923076923076925,0.43936605316973415,0.44792899408284026,0
9.241319444444445,40.94615384615385,4.430769230769231,0,-0.09686781463476457,0,0.42025495750708214,0.41236559139784945,0.42504725897920603,0.4277777777777778,1
671.1436363636363,144.7564705882353,0.21568627450980393,1,0.47690233119440834,0,0.42815126050420166,0.38846153846153847,0.42504725897920603,0.3806282722513089,0
30.10814207650273,119.77804347826087,3.9782608695652173,1,0.02859981730164664,0,0.4771641791044776,0.4591623036649215,0.42504725897920603,0.485,0
15.72440909090909,345.937,22.0,0,-1.1005729735583132,1,0.419634703196347,0.3769230769230769,0.43936605316973415,0.39441624365482236,1
47.38572864321608,392.9066666666667,8.291666666666666,1,0.2880346324249324,0,0.419634703196347,0.4452127659574468,0.42504725897920603,0.40918918918918923,0
127.4556862745098,270.8433333333333,2.125,1,-0.2496673740802083,0,0.42025495750708214,0.41073446327683616,0.42504725897920603,0.4277777777777778,1
58.25117117117117,208.5767741935484,3.5806451612903225,0,-0.10959115180236453,0,0.419634703196347,0.48418079096045197,0.4222753346080306,0.41345029239766085,0
26.867074829931973,117.89432835820895,4.388059701492537,0,0.9062639403301096,0,0.4251063829787234,0.41285714285714287,0.45460921843687374,0.4737704918032787,0
16.984819277108432,90.95096774193549,5.354838709677419,1,-0.7788736951952564,1,0.42025495750708214,0.41073446327683616,0.42504725897920603,0.4277777777777778,1
107.06279411764706,83.6812643678161,0.7816091954022989,1,1.2109499000166926,0,0.419634703196347,0.37540983606557377,0.45460921843687374,0.4737804878048781,0
15.142613636363636,380.7285714285714,25.142857142857142,1,-1.3090936583628732,1,0.4251063829787234,0.3842105263157895,0.45460921843687374,0.4737704918032787,1
102.18354166666667,64.53697368421054,0.631578947368421,1,0.5449132333297625,0,0.42025495750708214,0.438860103626943,0.42504725897920603,0.4277777777777778,1
217.03592592592594,114.90137254901961,0.5294117647058824,1,0.1974331853531811,0,0.4251063829787234,0.3842105263157895,0.43936605316973415,0.3974093264248705,1
4.732432432432432,11.082278481012658,2.3417721518987342,0,-0.131915437575168,0,0.419634703196347,0.48418079096045197,0.4222753346080306,0.41345029239766085,0
6.399,22.150384615384613,3.4615384615384617,0,-1.2952314365559912,1,0.4251063829787234,0.4875,0.45460921843687374,0.4737704918032787,1
14.88129213483146,54.058571428571426,3.63265306122449,1,-0.43377541161260225,0,0.42815126050420166,0.42923076923076925,0.4222753346080306,0.44782608695652176,0
18.60297709923664,45.98094339622641,2.4716981132075473,0,-0.38901780946249587,0,0.4251063829787234,0.4875,0.45460921843687374,0.4737704918032787,0
103.53186666666667,369.75666666666666,3.5714285714285716,0,-0.08028129762914815,0,0.4251063829787234,0.41850000000000004,0.4222753346080306,0.41350000000000003,0
78.47065217391305,112.8015625,1.4375,0,-0.6129292256482184,1,0.42815126050420166,0.47056074766355144,0.45460921843687374,0.4381642512077295,1
45.07989949748743,190.87021276595743,4.23404255319149,0,0.6847849396705942,0,0.4251063829787234,0.41285714285714287,0.4222753346080306,0.41350000000000003,0
58.43345238095238,140.2402857142857,2.4,0,-0.31181136271830734,0,0.44116766467065865,0.47210526315789475,0.43936605316973415,0.4953757225433526,0
8.062433628318583,227.76375,28.25,1,-1.4429093573567344,1,0.419634703196347,0.4452127659574468,0.43936605316973415,0.39441624365482236,1
38.7292118226601,982.75375,25.375,1,-0.334305523578324,0,0.4771641791044776,0.49819277108433735,0.42504725897920603,0.485,0
7.387065868263473,16.448533333333334,2.2266666666666666,1,-0.14982758536024443,0,0.42025495750708214,0.438860103626943,0.42504725897920603,0.4277777777777778,0
16.18048387096774,52.113766233766235,3.220779220779221,0,0.4020927620731612,0,0.42815126050420166,0.4191256830601093,0.43936605316973415,0.44792899408284026,0
12.858470588235294,91.08083333333333,7.083333333333333,0,-1.4930928171843065,1,0.44116766467065865,0.45191256830601095,0.43936605316973415,0.4953757225433526,1
42.46406666666667,113.74303571428571,2.6785714285714284,0,0.395534816450303,0,0.42025495750708214,0.4223809523809524,0.4222753346080306,0.39365853658536587,0
8.525952380952381,74.08758620689655,8.689655172413794,0,-0.9438457998878694,1,0.44116766467065865,0.43273809523809526,0.4222753346080306,0.439247311827957,0
88.4711214953271,129.6768493150685,1.4657534246575343,0,1.3194416642781883,0,0.42815126050420166,0.47056074766355144,0.45460921843687374,0.4381642512077295,0
13.64342857142857,21.22311111111111,1.5555555555555556,1,-0.8283186751737628,0,0.42815126050420166,0.38846153846153847,0.42504725897920603,0.3806282722513089,0
26.010357142857142,71.05268292682926,2.731707317073171,0,-0.5525607144195241,0,0.4251063829787234,0.4875,0.43936605316973415,0.3974093264248705,0
12.964204081632653,109.5251724137931,8.448275862068966,0,-0.7552172958785888,1,0.44116766467065865,0.45191256830601095,0.45460921843687374,0.4108247422680413,1
8.332705314009662,52.268787878787876,6.2727272727272725,0,-0.9379614288328653,0,0.4251063829787234,0.41285714285714287,0.42504725897920603,0.42169312169312173,0
23.036644736842106,54.71203125,2.375,0,0.03641192971157936,0,0.42815126050420166,0.4191256830601093,0.4222753346080306,0.44782608695652176,1
27.071428571428573,394.7916666666667,14.583333333333334,1,-0.8241535050211604,1,0.42815126050420166,0.38846153846153847,0.42504725897920603,0.3806282722513089,1
63.248536585365855,30.871309523809526,0.4880952380952381,0,0.28791907432103897,0,0.4251063829787234,0.41850000000000004,0.42504725897920603,0.42169312169312173,1
35.00698924731183,244.17375,6.975,0,0.6845139555665474,0,0.42815126050420166,0.4191256830601093,0.42504725897920603,0.3806282722513089,0
13.194432989690721,53.32749999999999,4.041666666666667,1,-0.47105038561080176,0,0.4771641791044776,0.4591623036649215,0.42504725897920603,0.485,0
20.907671232876712,89.78,4.294117647058823,0,-0.03772425808954036,0,0.42025495750708214,0.4223809523809524,0.4222753346080306,0.39365853658536587,0
65.2245652173913,200.022,3.066666666666667,1,-1.0802687903917052,1,0.4771641791044776,0.49819277108433735,0.43936605316973415,0.47803468208092487,1
15.147301038062283,625.3671428571428,41.285714285714285,0,-0.9947764476662887,0,0.4251063829787234,0.41850000000000004,0.43936605316973415,0.3974093264248705,0
35.36722543352601,91.32134328358208,2.582089552238806,1,0.5794802776953818,0,0.42815126050420166,0.42923076923076925,0.43936605316973415,0.44792899408284026,1
33.04796511627907,189.475,5.733333333333333,1,-0.27396813755152666,0,0.419634703196347,0.37540983606557377,0.43936605316973415,0.39441624365482236,1
596.2871428571428,203.61024390243904,0.34146341463414637,0,0.4449867087332547,0,0.4251063829787234,0.41850000000000004,0.43936605316973415,0.3974093264248705,0
32.086555555555556,577.5580000000001,18.0,1,-0.04083981536546477,0,0.4771641791044776,0.44292929292929295,0.42504725897920603,0.485,0
20.317449999999997,54.91202702702702,2.7027027027027026,0,0.3486685420467368,0,0.4251063829787234,0.41285714285714287,0.43936605316973415,0.3974093264248705,1
45.98921348314607,102.326,2.225,1,-0.3569101656989101,1,0.42025495750708214,0.438860103626943,0.43936605316973415,0.4317919075144509,1
7.309803921568627,37.28,5.1,0,-0.5569234105675223,0,0.419634703196347,0.3769230769230769,0.4222753346080306,0.41345029239766085,0
37.684711111111106,353.2941666666666,9.375,0,0.11353734359111739,0,0.42025495750708214,0.41236559139784945,0.42504725897920603,0.4277777777777778,0
18.38267942583732,106.72166666666666,5.805555555555555,0,-0.48663860501397516,0,0.4251063829787234,0.4875,0.42504725897920603,0.42169312169312173,0
397.057,58.39073529411765,0.14705882352941177,0,0.20614240871155193,0,0.4251063829787234,0.41850000000000004,0.43936605316973415,0.3974093264248705,0
48.22154471544715,156.08552631578948,3.236842105263158,0,-0.06133754305654204,0,0.4251063829787234,0.4875,0.4222753346080306,0.41350000000000003,1
51.0241726618705,126.64928571428571,2.482142857142857,1,0.5281927690164538,0,0.42815126050420166,0.38846153846153847,0.4222753346080306,0.44782608695652176,0
27.639802371541503,155.39711111111112,5.622222222222222,0,0.279901547230226,0,0.44116766467065865,0.45191256830601095,0.4222753346080306,0.439247311827957,0
31.840448717948714,451.5554545454545,14.181818181818182,1,-0.8029213203061308,0,0.4771641791044776,0.4591623036649215,0.43936605316973415,0.47803468208092487,0
33.27188340807175,103.05041666666666,3.0972222222222223,0,0.922851314725407,0,0.44116766467065865,0.43273809523809526,0.45460921843687374,0.4108247422680413,0
76.83181818181818,226.74756097560976,2.951219512195122,0,0.6191040571148909,0,0.4251063829787234,0.4875,0.45460921843687374,0.4737704918032787,1
11.267530364372469,34.7885,3.0875,0,0.23912529316445785,0,0.42025495750708214,0.41236559139784945,0.42504725897920603,0.4277777777777778,0
8.523666666666667,29.832833333333333,3.5,0,-0.36139294826272617,0,0.42025495750708214,0.41236559139784945,0.42504725897920603,0.4277777777777778,0
13.352056451612903,53.40822580645161,4.0,0,-0.040333229786294944,0,0.44116766467065865,0.47210526315789475,0.42504725897920603,0.42114285714285715,0
28.53329949238579,74.94746666666667,2.6266666666666665,0,0.655466298068025,0,0.42025495750708214,0.4223809523809524,0.4222753346080306,0.39365853658536587,0
76.65666666666667,158.6,2.0689655172413794,1,0.9566453177197338,0,0.419634703196347,0.37540983606557377,0.45460921843687374,0.4737804878048781,0
40.9458064516129,185.7541463414634,4.536585365853658,0,0.31061260001837526,0,0.42025495750708214,0.41236559139784945,0.4222753346080306,0.39365853658536587,1
4.841586206896552,8.16313953488372,1.686046511627907,0,-0.01737231496038516,0,0.42025495750708214,0.4223809523809524,0.42504725897920603,0.4277777777777778,1
71.34,86.02764705882353,1.2058823529411764,0,-0.6967814079100191,0,0.4251063829787234,0.4875,0.42504725897920603,0.42169312169312173,0
25.400637450199206,354.1977777777778,13.944444444444445,0,-0.398022931937705,0,0.44116766467065865,0.45191256830601095,0.4222753346080306,0.439247311827957,0
15.940190839694656,94.91659090909091,5.954545454545454,1,-0.25797525762151113,1,0.4771641791044776,0.49819277108433735,0.42504725897920603,0.485,1
22.120726495726494,112.52717391304348,5.086956521739131,0,-0.0326201529493585,1,0.4771641791044776,0.5011428571428571,0.43936605316973415,0.47803468208092487,1
13.370742049469966,87.99813953488372,6.5813953488372094,0,-0.3509124255944058,0,0.44116766467065865,0.43273809523809526,0.43936605316973415,0.4953757225433526,0
57.92757894736842,211.65846153846152,3.6538461538461537,0,-0.390861197243,0,0.4251063829787234,0.4875,0.43936605316973415,0.3974093264248705,0
32.996534653465346,77.50348837209303,2.3488372093023258,1,1.077162709320695,0,0.42815126050420166,0.42923076923076925,0.42504725897920603,0.3806282722513089,1
27.482312925170067,323.192,11.76,0,0.06116656094755474,0,0.44116766467065865,0.45191256830601095,0.45460921843687374,0.4108247422680413,0
17.62363636363636,276.9428571428571,15.714285714285714,0,-0.9402345491177455,1,0.419634703196347,0.48418079096045197,0.42504725897920603,0.40918918918918923,1
15.725773195876288,176.0076923076923,11.192307692307692,1,-0.5609937595295674,0,0.4771641791044776,0.49819277108433735,0.42504725897920603,0.485,0
58.77370370370371,17.830224719101125,0.30337078651685395,0,0.20777581214506413,0,0.42815126050420166,0.47056074766355144,0.4222753346080306,0.44782608695652176,1
47.14621761658031,168.50407407407405,3.574074074074074,1,0.8547204434751918,0,0.4251063829787234,0.3842105263157895,0.4222753346080306,0.41350000000000003,0
26.607681818181817,112.57096153846153,4.230769230769231,0,0.21719235386762017,0,0.4251063829787234,0.4875,0.43936605316973415,0.3974093264248705,0
798.326,380.15523809523813,0.47619047619047616,0,-0.040200333116010345,0,0.419634703196347,0.48418079096045197,0.45460921843687374,0.4737804878048781,0
28.460746268656713,143.01524999999998,5.025,0,-0.058176019925004666,0,0.44116766467065865,0.45191256830601095,0.42504725897920603,0.42114285714285715,1
31.799212598425196,504.8125,15.875,0,-0.1275539110559354,0,0.42025495750708214,0.4223809523809524,0.45460921843687374,0.43526315789473685,1
48.10948051948052,205.80166666666665,4.277777777777778,1,-0.8882984585209257,0,0.419634703196347,0.37540983606557377,0.4222753346080306,0.41345029239766085,0
36.02533333333333,315.22166666666664,8.75,0,-0.05417608093713533,0,0.419634703196347,0.48418079096045197,0.4222753346080306,0.41345029239766085,0
5.394961240310078,11.046825396825398,2.0476190476190474,0,-0.4994605515953327,0,0.4251063829787234,0.41285714285714287,0.4222753346080306,0.41350000000000003,0
347.02846153846156,73.95688524590163,0.21311475409836064,0,0.15902127947777797,0,0.419634703196347,0.48418079096045197,0.42504725897920603,0.40918918918918923,0
35.93298780487805,83.00014084507042,2.3098591549295775,1,0.6217343108755785,0,0.42815126050420166,0.38846153846153847,0.4222753346080306,0.44782608695652176,1
36.81691943127962,127.35032786885246,3.459016393442623,1,0.756830966794213,0,0.4771641791044776,0.4591623036649215,0.45460921843687374,0.49812500000000004,1
5.277781954887218,16.91433734939759,3.2048192771084336,0,0.048715845026193416,0,0.42025495750708214,0.41236559139784945,0.4222753346080306,0.39365853658536587,1
103.98551724137931,463.9353846153846,4.461538461538462,0,-0.5657954034609347,0,0.42025495750708214,0.4223809523809524,0.43936605316973415,0.4317919075144509,0
38.61833333333333,74.57333333333334,1.9310344827586208,0,1.0655097961994773,0,0.44116766467065865,0.43273809523809526,0.4222753346080306,0.439247311827957,1
34.44758928571429,83.87239130434783,2.4347826086956523,1,-0.27455595431427693,0,0.419634703196347,0.37540983606557377,0.4222753346080306,0.41345029239766085,0
125.78775862068964,911.96125,7.25,0,-0.43825502874098593,0,0.44116766467065865,0.43273809523809526,0.43936605316973415,0.4953757225433526,0
31.505702479338844,143.85622641509434,4.566037735849057,0,0.563107457313188,0,0.4771641791044776,0.5011428571428571,0.42504725897920603,0.485,1
20.722380952380952,131.86969696969697,6.363636363636363,0,-0.4558169950184866,0,0.4251063829787234,0.41850000000000004,0.43936605316973415,0.3974093264248705,0
63.532357142857144,125.27507042253522,1.971830985915493,1,1.1726516374564893,0,0.42815126050420166,0.42923076923076925,0.42504725897920603,0.3806282722513089,0
84.71494949494951,279.55933333333337,3.3,1,0.2220707369536271,0,0.42815126050420166,0.38846153846153847,0.43936605316973415,0.44792899408284026,0
59.066818181818185,59.066818181818185,1.0,1,0.8496471496074216,0,0.4771641791044776,0.49819277108433735,0.42504725897920603,0.485,0
33.24390374331551,155.41525,4.675,0,0.03286285170807848,0,0.419634703196347,0.48418079096045197,0.45460921843687374,0.4737804878048781,1
26.61360465116279,118.3846551724138,4.448275862068965,1,0.5285258465595524,0,0.4771641791044776,0.49819277108433735,0.42504725897920603,0.485,0
38.502349397590365,104.77688524590164,2.721311475409836,0,0.5040916412673526,0,0.44116766467065865,0.45191256830601095,0.43936605316973415,0.4953757225433526,0
134.90985507246378,244.9678947368421,1.8157894736842106,1,0.5585949571589567,0,0.4771641791044776,0.44292929292929295,0.4222753346080306,0.43333333333333335,0
36.860814814814816,622.02625,16.875,0,0.2166721386176872,0,0.44116766467065865,0.40481283422459896,0.4222753346080306,0.439247311827957,0
60.944455445544556,473.4915384615385,7.769230769230769,1,-0.5429934699468661,0,0.419634703196347,0.37540983606557377,0.43936605316973415,0.39441624365482236,1
20.524239130434783,53.189577464788734,2.591549295774648,1,0.23324978717597739,0,0.419634703196347,0.37540983606557377,0.42504725897920603,0.40918918918918923,1
35.59984962406015,58.45407407407407,1.6419753086419753,1,0.618264078372736,0,0.4251063829787234,0.3842105263157895,0.45460921843687374,0.4737704918032787,0
474.6961111111111,125.65485294117649,0.2647058823529412,0,1.0456749839027961,0,0.44116766467065865,0.47210526315789475,0.4222753346080306,0.439247311827957,1
273.2537931034483,528.2906666666667,1.9333333333333333,1,-0.17648222771539396,0,0.42815126050420166,0.38846153846153847,0.4222753346080306,0.44782608695652176,1
396.11315789473684,121.38951612903226,0.3064516129032258,0,0.7332842656048022,0,0.44116766467065865,0.40481283422459896,0.4222753346080306,0.439247311827957,1
7.226731707317073,18.5185,2.5625,1,0.00022167357247993014,0,0.4771641791044776,0.44292929292929295,0.45460921843687374,0.49812500000000004,1
9.453345588235294,128.5655,13.6,0,-1.0544545529379499,0,0.42815126050420166,0.47056074766355144,0.42504725897920603,0.3806282722513089,0
27.211779141104298,59.939459459459464,2.2027027027027026,1,0.41695320215491416,0,0.42025495750708214,0.438860103626943,0.42504725897920603,0.4277777777777778,1
13.147164179104477,28.41483870967742,2.161290322580645,1,-0.3247544497336927,0,0.4771641791044776,0.44292929292929295,0.43936605316973415,0.47803468208092487,1
7.715109489051095,14.092933333333333,1.8266666666666667,1,-0.1822546769961655,0,0.4251063829787234,0.3842105263157895,0.42504725897920603,0.42169312169312173,0
190.855625,89.81441176470588,0.47058823529411764,1,0.598345576643585,0,0.42025495750708214,0.438860103626943,0.45460921843687374,0.43526315789473685,0
23.44989090909091,230.3114285714286,9.821428571428571,1,-0.17547631738356717,0,0.42815126050420166,0.42923076923076925,0.45460921843687374,0.4381642512077295,0
36.801857923497266,224.49133333333333,6.1,0,-0.08115478218491878,0,0.419634703196347,0.3769230769230769,0.4222753346080306,0.41345029239766085,0
275.7781818181818,159.66105263157894,0.5789473684210527,0,-0.03639913279689083,0,0.419634703196347,0.48418079096045197,0.4222753346080306,0.41345029239766085,0
31.734293193717278,94.70703125,2.984375,1,0.5062312420941807,0,0.42815126050420166,0.38846153846153847,0.45460921843687374,0.4381642512077295,0
36.0923,136.19735849056605,3.7735849056603774,1,0.48860241946379057,0,0.42815126050420166,0.38846153846153847,0.43936605316973415,0.44792899408284026,0
29.432499999999997,90.90544303797468,3.088607594936709,0,1.0255318521110646,0,0.4251063829787234,0.4875,0.45460921843687374,0.4737704918032787,1
15.789581589958159,47.76848101265823,3.0253164556962027,1,0.40003974015813426,0,0.4771641791044776,0.49819277108433735,0.4222753346080306,0.43333333333333335,0
4.088458646616541,16.23179104477612,3.970149253731343,1,-0.34394021259905627,0,0.42815126050420166,0.38846153846153847,0.4222753346080306,0.44782608695652176,0
51.75445945945946,150.18941176470588,2.9019607843137254,0,0.5277592879526637,0,0.4251063829787234,0.41285714285714287,0.42504725897920603,0.42169312169312173,0
57.82434426229508,123.76438596491228,2.1403508771929824,1,0.542168399536622,0,0.42025495750708214,0.438860103626943,0.42504725897920603,0.4277777777777778,1
17.484322033898305,68.77166666666668,3.933333333333333,1,0.06743133996816328,0,0.419634703196347,0.37540983606557377,0.42504725897920603,0.40918918918918923,0
23.875555555555557,89.94976744186047,3.7674418604651163,0,-0.33550923586164705,1,0.4771641791044776,0.5011428571428571,0.43936605316973415,0.47803468208092487,1
34.394113924050636,68.78822784810127,2.0,0,0.7048290721723128,0,0.42025495750708214,0.4223809523809524,0.4222753346080306,0.39365853658536587,0
47.305222929936306,247.564,5.233333333333333,1,0.04589216573239474,0,0.42025495750708214,0.41073446327683616,0.43936605316973415,0.4317919075144509,1
11.804826086956522,93.6244827586207,7.931034482758621,0,-0.8398540791194099,0,0.44116766467065865,0.45191256830601095,0.43936605316973415,0.4953757225433526,0
11.837987421383648,134.44571428571427,11.357142857142858,1,-1.3064017010393898,0,0.4251063829787234,0.3842105263157895,0.43936605316973415,0.3974093264248705,0
87.73333333333332,84.42264150943396,0.9622641509433962,0,-0.015059125079512167,0,0.4251063829787234,0.41285714285714287,0.42504725897920603,0.42169312169312173,1
18.379212598425195,61.42526315789473,3.3421052631578947,1,-0.7215694276586531,1,0.419634703196347,0.37540983606557377,0.42504725897920603,0.40918918918918923,0
3.3179037800687285,38.6204,11.64,1,-1.2446337093559274,1,0.4771641791044776,0.49819277108433735,0.4222753346080306,0.43333333333333335,1
29.94507194244604,297.3117857142857,9.928571428571429,1,0.16885802449623177,0,0.42815126050420166,0.38846153846153847,0.42504725897920603,0.3806282722513089,1
28.508690476190477,32.8045205479452,1.1506849315068493,1,0.021462293813992006,0,0.419634703196347,0.4452127659574468,0.45460921843687374,0.4737804878048781,1
24.7659649122807,201.6657142857143,8.142857142857142,0,0.08279258836082404,0,0.4771641791044776,0.5011428571428571,0.43936605316973415,0.47803468208092487,0
21.655402298850575,403.71857142857147,18.642857142857142,1,-0.6144658964832818,0,0.4251063829787234,0.3842105263157895,0.42504725897920603,0.42169312169312173,1
24.016503496503496,104.07151515151516,4.333333333333333,0,-0.6241911855505279,1,0.42815126050420166,0.47056074766355144,0.45460921843687374,0.4381642512077295,1
12.902133333333333,207.3557142857143,16.071428571428573,1,-1.1190488425096452,0,0.4771641791044776,0.4591623036649215,0.45460921843687374,0.49812500000000004,0
39.19870370370371,67.19777777777777,1.7142857142857142,0,0.14983565564407858,0,0.4251063829787234,0.41850000000000004,0.43936605316973415,0.3974093264248705,0
44.2208904109589,807.03125,18.25,1,-0.5923309771354925,0,0.4771641791044776,0.4591623036649215,0.43936605316973415,0.47803468208092487,0
51.47975609756098,106.8693670886076,2.0759493670886076,1,1.2570110314660299,0,0.419634703196347,0.4452127659574468,0.43936605316973415,0.39441624365482236,1
28.643085714285714,56.32067415730337,1.9662921348314606,1,0.8365405512778691,0,0.42815126050420166,0.42923076923076925,0.43936605316973415,0.44792899408284026,1
2.4455172413793105,11.438709677419356,4.67741935483871,1,-0.5179404037079925,0,0.42815126050420166,0.38846153846153847,0.45460921843687374,0.4381642512077295,0
58.66897727272727,73.75528571428572,1.2571428571428571,0,0.4668081144417136,0,0.42025495750708214,0.41236559139784945,0.43936605316973415,0.4317919075144509,1
18.93344827586207,59.537710843373496,3.144578313253012,1,0.6980542678714022,0,0.4771641791044776,0.44292929292929295,0.4222753346080306,0.43333333333333335,0
13.585622895622896,106.18236842105263,7.815789473684211,1,-0.4093997064743813,0,0.42025495750708214,0.438860103626943,0.43936605316973415,0.4317919075144509,0
9.89734375,40.86645161290322,4.129032258064516,0,-0.1830568511434908,0,0.44116766467065865,0.47210526315789475,0.42504725897920603,0.42114285714285715,0
81.2467857142857,72.21936507936508,0.8888888888888888,0,0.2079023036881152,0,0.419634703196347,0.3769230769230769,0.43936605316973415,0.39441624365482236,0
199.292,106.28906666666667,0.5333333333333333,0,1.0869134602417305,0,0.42025495750708214,0.4223809523809524,0.45460921843687374,0.43526315789473685,0
163.66196428571428,305.5023333333333,1.8666666666666667,1,0.3649228405893372,0,0.42815126050420166,0.42923076923076925,0.45460921843687374,0.4381642512077295,1
34.775068493150684,43.026779661016946,1.2372881355932204,0,-0.2449003313348537,0,0.4251063829787234,0.4875,0.45460921843687374,0.4737704918032787,1
76.2704,70.62074074074074,0.9259259259259259,0,-0.11544924158728306,0,0.44116766467065865,0.40481283422459896,0.43936605316973415,0.4953757225433526,0
9.06341085271318,28.51658536585366,3.1463414634146343,1,0.1993223423607693,0,0.4771641791044776,0.44292929292929295,0.42504725897920603,0.485,0
41.26092391304348,185.1709756097561,4.487804878048781,0,0.3062240124765466,0,0.44116766467065865,0.45191256830601095,0.45460921843687374,0.4108247422680413,0
40.685874999999996,70.75804347826087,1.7391304347826086,0,-0.3852819819380144,0,0.42815126050420166,0.4191256830601093,0.43936605316973415,0.44792899408284026,1
36.90265217391305,148.90543859649125,4.035087719298246,0,0.8051973201113671,0,0.44116766467065865,0.45191256830601095,0.4222753346080306,0.439247311827957,0
110.30525,154.81438596491228,1.4035087719298245,0,0.8670174861491466,0,0.419634703196347,0.3769230769230769,0.4222753346080306,0.41345029239766085,0
71.42121495327102,162.5972340425532,2.276595744680851,0,0.44088335944440493,0,0.42815126050420166,0.4191256830601093,0.43936605316973415,0.44792899408284026,1
13.395469613259667,43.29607142857143,3.232142857142857,0,-0.3285601024179671,0,0.419634703196347,0.3769230769230769,0.42504725897920603,0.40918918918918923,0
26.08537878787879,39.57781609195402,1.5172413793103448,1,0.5066834676454424,0,0.4771641791044776,0.49819277108433735,0.4222753346080306,0.43333333333333335,0
4.695469387755103,38.346333333333334,8.166666666666666,1,-1.1061405136450153,1,0.419634703196347,0.37540983606557377,0.45460921843687374,0.4737804878048781,1
33.34575510204082,355.20478260869567,10.652173913043478,0,0.03584551569452099,0,0.44116766467065865,0.43273809523809526,0.43936605316973415,0.4953757225433526,1
15.811361256544501,64.25468085106382,4.0638297872340425,1,-0.4074851255863886,0,0.4771641791044776,0.44292929292929295,0.42504725897920603,0.485,0
61.74094890510949,201.39309523809524,3.261904761904762,1,0.48617855676502275,0,0.42815126050420166,0.42923076923076925,0.42504725897920603,0.3806282722513089,0
21.074516129032258,68.76947368421052,3.263157894736842,1,-0.03319543372334177,0,0.4771641791044776,0.49819277108433735,0.42504725897920603,0.485,1
48.43845070422535,114.63766666666668,2.3666666666666667,0,0.5725428987975574,0,0.44116766467065865,0.47210526315789475,0.42504725897920603,0.42114285714285715,0
81.49432432432432,110.31548780487806,1.353658536585366,1,1.4304597251583935,0,0.419634703196347,0.37540983606557377,0.43936605316973415,0.39441624365482236,0
25.44472222222222,30.533666666666665,1.2,0,-1.1491600514138902,0,0.44116766467065865,0.45191256830601095,0.4222753346080306,0.439247311827957,0
31.93276859504132,135.5742105263158,4.245614035087719,0,0.6657243004005862,0,0.42025495750708214,0.41236559139784945,0.45460921843687374,0.43526315789473685,1
71.75971153846154,177.69071428571428,2.4761904761904763,0,0.3034584021062843,0,0.4771641791044776,0.5011428571428571,0.42504725897920603,0.485,1
5.168280542986426,19.359152542372883,3.7457627118644066,0,-0.5012022868988072,0,0.419634703196347,0.48418079096045197,0.4222753346080306,0.41345029239766085,0
16.725112781954888,96.71478260869566,5.782608695652174,1,-0.16612608855370462,1,0.42025495750708214,0.41073446327683616,0.42504725897920603,0.4277777777777778,1
314.22344827586204,109.7889156626506,0.3493975903614458,1,1.463597569788428,0,0.4771641791044776,0.4591623036649215,0.4222753346080306,0.43333333333333335,0
32.05390977443609,69.88803278688525,2.180327868852459,0,0.11346513443880374,0,0.4251063829787234,0.4875,0.45460921843687374,0.4737704918032787,0
16.734454545454547,48.441842105263156,2.8947368421052633,1,-0.8121255730167463,1,0.419634703196347,0.4452127659574468,0.43936605316973415,0.39441624365482236,1
50.28574358974359,265.0194594594594,5.27027027027027,1,0.6288945240386474,0,0.4771641791044776,0.49819277108433735,0.43936605316973415,0.47803468208092487,0
40.95313725490196,149.1864285714286,3.642857142857143,1,-1.2685232898722134,0,0.4251063829787234,0.3842105263157895,0.4222753346080306,0.41350000000000003,0
70.89164383561643,161.7215625,2.28125,1,-0.32559879982302947,1,0.4251063829787234,0.3842105263157895,0.4222753346080306,0.41350000000000003,1
40.94050847457627,60.387249999999995,1.475,1,-0.6648179461587462,1,0.42025495750708214,0.41073446327683616,0.42504725897920603,0.4277777777777778,1
25.06860696517413,107.20829787234042,4.276595744680851,1,-0.03693856342852385,0,0.4251063829787234,0.3842105263157895,0.45460921843687374,0.4737704918032787,0
58.2,41.57142857142857,0.7142857142857143,0,-1.145466127256122,0,0.4251063829787234,0.41285714285714287,0.42504725897920603,0.42169312169312173,0
6.630820512820513,143.6677777777778,21.666666666666668,0,-1.5191117672036025,1,0.42815126050420166,0.47056074766355144,0.42504725897920603,0.3806282722513089,1
15.977441860465115,72.31894736842105,4.526315789473684,0,-1.295116973824495,1,0.42025495750708214,0.41236559139784945,0.45460921843687374,0.43526315789473685,0
27.509031007751936,147.86104166666667,5.375,1,0.36181028840329993,0,0.419634703196347,0.37540983606557377,0.45460921843687374,0.4737804878048781,0
8.366976744186045,9.108354430379746,1.0886075949367089,1,-0.16053761830594004,0,0.42815126050420166,0.38846153846153847,0.45460921843687374,0.4381642512077295,1
4.846233183856502,12.56639534883721,2.5930232558139537,0,0.0521329267936792,0,0.4251063829787234,0.41285714285714287,0.43936605316973415,0.3974093264248705,1
47.08101941747573,149.21061538461538,3.169230769230769,0,1.1947810504209138,0,0.42815126050420166,0.47056074766355144,0.42504725897920603,0.3806282722513089,1
90.8092,267.08588235294116,2.9411764705882355,0,0.43312478764608414,0,0.42815126050420166,0.4191256830601093,0.42504725897920603,0.3806282722513089,0
6.365175438596491,22.6759375,3.5625,0,-0.33991449951831315,0,0.42815126050420166,0.47056074766355144,0.43936605316973415,0.44792899408284026,0
25.653661971830985,160.7126470588235,6.264705882352941,0,-0.23070460075443106,0,0.42815126050420166,0.47056074766355144,0.4222753346080306,0.44782608695652176,0
53.03037500000001,606.0614285714286,11.428571428571429,0,-0.09451646994659235,0,0.4251063829787234,0.4875,0.4222753346080306,0.41350000000000003,0
23.701882352941176,69.47103448275863,2.9310344827586206,0,0.007807361812897928,0,0.44116766467065865,0.40481283422459896,0.45460921843687374,0.4108247422680413,0
14.646937799043062,191.325625,13.0625,0,-1.048182664984367,1,0.4251063829787234,0.4875,0.4222753346080306,0.41350000000000003,1
9.614184782608696,25.637826086956522,2.6666666666666665,1,-0.1770335318842403,0,0.4251063829787234,0.3842105263157895,0.4222753346080306,0.41350000000000003,0
34.15759259259259,22.4940243902439,0.6585365853658537,0,0.10867809486883762,0,0.42025495750708214,0.4223809523809524,0.45460921843687374,0.43526315789473685,1
13.420557939914163,48.85921875,3.640625,0,-0.03234077298261484,0,0.4251063829787234,0.41850000000000004,0.45460921843687374,0.4737704918032787,0
41.15654411764706,180.55774193548388,4.387096774193548,0,-0.2690174693664365,0,0.44116766467065865,0.45191256830601095,0.4222753346080306,0.439247311827957,0
16.650727969348658,64.86328358208955,3.8955223880597014,1,0.25410992012431305,0,0.4771641791044776,0.44292929292929295,0.43936605316973415,0.47803468208092487,0
31.84908163265306,70.93659090909091,2.227272727272727,0,-0.4516384314874359,1,0.4251063829787234,0.41850000000000004,0.42504725897920603,0.42169312169312173,1
90.71718446601942,141.5737878787879,1.5606060606060606,1,1.1505670570018958,0,0.419634703196347,0.4452127659574468,0.45460921843687374,0.4737804878048781,1
31.90168831168831,99.585,3.1216216216216215,0,0.9554352796367495,0,0.44116766467065865,0.47210526315789475,0.43936605316973415,0.4953757225433526,1
84.04684210526315,221.79027777777776,2.638888888888889,1,0.2736956582398513,0,0.419634703196347,0.4452127659574468,0.42504725897920603,0.40918918918918923,1
115.01523809523809,82.34045454545455,0.7159090909090909,0,1.2255642710071895,0,0.419634703196347,0.48418079096045197,0.4222753346080306,0.41345029239766085,1
110.89402985074626,742.99,6.7,0,-0.3717976288298743,0,0.4251063829787234,0.41850000000000004,0.42504725897920603,0.42169312169312173,0
3.5091093117408905,12.038194444444445,3.4305555555555554,1,-0.279904332748379,0,0.419634703196347,0.4452127659574468,0.45460921843687374,0.4737804878048781,0
51.57188405797101,508.3514285714286,9.857142857142858,0,-0.3455965386194952,0,0.419634703196347,0.48418079096045197,0.42504725897920603,0.40918918918918923,1
12.635531914893617,46.578039215686275,3.6862745098039214,1,-0.44213140701932274,0,0.42025495750708214,0.438860103626943,0.45460921843687374,0.43526315789473685,0
28.405416666666667,37.35506849315069,1.3150684931506849,1,0.08243447681357646,0,0.4771641791044776,0.4591623036649215,0.43936605316973415,0.47803468208092487,1
11.890642857142858,19.584588235294117,1.6470588235294117,0,0.1384083472760791,0,0.42815126050420166,0.47056074766355144,0.45460921843687374,0.4381642512077295,0
34.43911602209945,117.61283018867924,3.4150943396226414,1,0.3078131699050118,0,0.4771641791044776,0.44292929292929295,0.45460921843687374,0.49812500000000004,1
26.347169811320757,62.75955056179776,2.3820224719101124,0,0.9417234863142696,0,0.44116766467065865,0.47210526315789475,0.42504725897920603,0.42114285714285715,1
30.101496062992126,57.05805970149254,1.8955223880597014,1,0.15812448076842422,0,0.4771641791044776,0.49819277108433735,0.42504725897920603,0.485,1
38.01295546558705,247.08421052631581,6.5,0,0.5733557354991433,0,0.4251063829787234,0.4875,0.45460921843687374,0.4737704918032787,0
45.34109375,133.93061538461538,2.953846153846154,1,1.012483051820151,0,0.4771641791044776,0.44292929292929295,0.43936605316973415,0.47803468208092487,1
83.444875,105.96174603174603,1.2698412698412698,1,0.5980791225418636,0,0.419634703196347,0.4452127659574468,0.43936605316973415,0.39441624365482236,0
128.8540909090909,111.16823529411765,0.8627450980392157,0,0.1624878410583772,0,0.419634703196347,0.48418079096045197,0.42504725897920603,0.40918918918918923,1
32.40047619047619,144.32939393939392,4.454545454545454,0,1.1839485884210665,0,0.4251063829787234,0.4875,0.42504725897920603,0.42169312169312173,0
13.092816901408451,73.38868421052632,5.605263157894737,1,-0.6381275296080161,1,0.42815126050420166,0.42923076923076925,0.4222753346080306,0.44782608695652176,1
9.380933333333333,37.03,3.9473684210526314,1,-0.36525788254389097,0,0.419634703196347,0.4452127659574468,0.45460921843687374,0.4737804878048781,0
44.45478260869565,71.00416666666666,1.5972222222222223,1,0.49934986374725837,0,0.4771641791044776,0.4591623036649215,0.4222753346080306,0.43333333333333335,1
33.539539473684215,68.89202702702703,2.054054054054054,1,0.538550666002094,0,0.4251063829787234,0.3842105263157895,0.42504725897920603,0.42169312169312173,1
40.035255102040814,1120.9871428571428,28.0,1,-0.35799257889306146,0,0.42025495750708214,0.438860103626943,0.42504725897920603,0.4277777777777778,1
69.44372881355933,341.4316666666667,4.916666666666667,0,-0.941681751561676,1,0.4251063829787234,0.41850000000000004,0.43936605316973415,0.3974093264248705,0
12.681780104712042,35.62088235294117,2.8088235294117645,0,-0.07805121405676319,0,0.42025495750708214,0.4223809523809524,0.45460921843687374,0.43526315789473685,0
17.716527777777777,478.34625,27.0,1,-1.0749618081471044,0,0.4771641791044776,0.49819277108433735,0.45460921843687374,0.49812500000000004,0
42.64206896551724,32.97653333333333,0.7733333333333333,1,0.07769617527759787,0,0.42815126050420166,0.42923076923076925,0.45460921843687374,0.4381642512077295,1
15.489689655172414,236.42157894736843,15.263157894736842,0,-0.7228293734043909,0,0.419634703196347,0.3769230769230769,0.4222753346080306,0.41345029239766085,0
65.17035714285714,59.82852459016394,0.9180327868852459,0,0.0008357336319311237,0,0.4251063829787234,0.4875,0.43936605316973415,0.3974093264248705,1
30.31915662650602,119.83285714285714,3.9523809523809526,1,-1.0436047127079258,0,0.42025495750708214,0.41073446327683616,0.43936605316973415,0.4317919075144509,0
144.93166666666667,59.29022727272727,0.4090909090909091,0,0.8532556661725554,0,0.44116766467065865,0.43273809523809526,0.43936605316973415,0.4953757225433526,0
31.31041237113402,149.3660655737705,4.770491803278689,0,1.0033260535852722,0,0.44116766467065865,0.43273809523809526,0.42504725897920603,0.42114285714285715,0
99.51628571428571,81.95458823529412,0.8235294117647058,1,1.1114688836051287,0,0.4771641791044776,0.49819277108433735,0.45460921843687374,0.49812500000000004,0
28.943524229074892,938.5971428571429,32.42857142857143,0,-0.5923314066755336,0,0.42815126050420166,0.4191256830601093,0.4222753346080306,0.44782608695652176,0
26.20846153846154,50.10441176470588,1.911764705882353,0,0.10271968089079914,0,0.44116766467065865,0.40481283422459896,0.4222753346080306,0.439247311827957,0
61.254767441860466,658.48875,10.75,0,-0.8104461640638353,0,0.44116766467065865,0.45191256830601095,0.45460921843687374,0.4108247422680413,0
75.89523809523808,108.66818181818181,1.4318181818181819,1,-0.14691701153475795,0,0.42815126050420166,0.42923076923076925,0.42504725897920603,0.3806282722513089,0
23.83849710982659,412.40600000000006,17.3,0,-0.9785717082643733,0,0.42815126050420166,0.47056074766355144,0.42504725897920603,0.3806282722513089,0
352.47999999999996,211.488,0.6,1,-0.4514043118801631,0,0.42815126050420166,0.42923076923076925,0.45460921843687374,0.4381642512077295,0
85.14363636363636,83.25155555555556,0.9777777777777777,1,-0.31599008321410077,0,0.4771641791044776,0.49819277108433735,0.42504725897920603,0.485,0
7.749664804469274,18.745810810810813,2.418918918918919,0,-0.1425559179363689,0,0.4251063829787234,0.4875,0.45460921843687374,0.4737704918032787,1
5.655355450236967,108.48,19.181818181818183,0,-1.4955931447720143,0,0.4251063829787234,0.41850000000000004,0.43936605316973415,0.3974093264248705,0
32.793432835820894,160.76780487804876,4.902439024390244,1,0.12258062087362581,0,0.42025495750708214,0.438860103626943,0.42504725897920603,0.4277777777777778,1
38.93043715846995,154.8754347826087,3.9782608695652173,1,0.32493134446733235,0,0.4771641791044776,0.49819277108433735,0.4222753346080306,0.43333333333333335,1
296.63272727272727,51.793015873015875,0.1746031746031746,1,-0.028295846210573017,0,0.4771641791044776,0.44292929292929295,0.4222753346080306,0.43333333333333335,1
95.81493975903615,497.04,5.1875,1,-0.15037970556458502,0,0.4251063829787234,0.3842105263157895,0.4222753346080306,0.41350000000000003,0
47.72588785046729,154.74757575757576,3.242424242424242,0,-0.31724518671842855,0,0.42815126050420166,0.4191256830601093,0.43936605316973415,0.44792899408284026,0
23.84631355932203,104.21722222222222,4.37037037037037,0,0.21754195056081319,0,0.419634703196347,0.3769230769230769,0.42504725897920603,0.40918918918918923,1
97.5008695652174,186.87666666666667,1.9166666666666667,0,0.04299838532270245,0,0.4251063829787234,0.41285714285714287,0.45460921843687374,0.4737704918032787,0
27.232102272727275,479.285,17.6,0,-0.8558179039105636,0,0.4251063829787234,0.41850000000000004,0.45460921843687374,0.4737704918032787,0
25.34768115942029,64.77740740740741,2.5555555555555554,1,-1.0590053252004372,0,0.419634703196347,0.37540983606557377,0.42504725897920603,0.40918918918918923,0
453.2535,137.34954545454545,0.30303030303030304,0,1.0993944009307188,0,0.42815126050420166,0.4191256830601093,0.43936605316973415,0.44792899408284026,0
333.8038888888889,96.91080645161291,0.2903225806451613,0,0.4547200020965409,0,0.419634703196347,0.3769230769230769,0.45460921843687374,0.4737804878048781,0
22.541408450704225,76.21142857142857,3.380952380952381,1,0.9869672907234814,0,0.4251063829787234,0.3842105263157895,0.4222753346080306,0.41350000000000003,0
43.49783625730994,121.93655737704918,2.80327868852459,0,0.6962166987133475,0,0.4251063829787234,0.41850000000000004,0.42504725897920603,0.42169312169312173,1
38.84843317972351,324.235,8.346153846153847,0,0.14637643759836722,0,0.4251063829787234,0.41850000000000004,0.45460921843687374,0.4737704918032787,0
38.4444387755102,95.38113924050633,2.481012658227848,1,1.0904300864498255,0,0.4251063829787234,0.3842105263157895,0.43936605316973415,0.3974093264248705,1
105.34576470588235,122.66287671232875,1.1643835616438356,0,1.2254623839282464,0,0.44116766467065865,0.47210526315789475,0.45460921843687374,0.4108247422680413,0
14.522616033755275,78.22409090909092,5.386363636363637,0,-0.39278437062221794,1,0.44116766467065865,0.40481283422459896,0.43936605316973415,0.4953757225433526,1
109.58923076923078,16.565813953488373,0.1511627906976744,0,0.11526361207230618,0,0.4251063829787234,0.41285714285714287,0.45460921843687374,0.4737704918032787,1
62.25363636363636,136.958,2.2,0,-0.7933966053687562,1,0.42815126050420166,0.47056074766355144,0.42504725897920603,0.3806282722513089,1
285.77733333333333,714.4433333333333,2.5,0,-0.12010365706226322,0,0.42815126050420166,0.47056074766355144,0.4222753346080306,0.44782608695652176,0
561.49625,598.9293333333334,1.0666666666666667,0,0.017999561810780107,0,0.4251063829787234,0.41850000000000004,0.42504725897920603,0.42169312169312173,1
139.81,150.77549019607844,1.0784313725490196,1,0.53324548124523,0,0.419634703196347,0.4452127659574468,0.43936605316973415,0.39441624365482236,0
152.55412698412698,177.9798148148148,1.1666666666666667,1,0.9486391536081199,0,0.42815126050420166,0.42923076923076925,0.43936605316973415,0.44792899408284026,0
25.721310344827586,181.93121951219513,7.073170731707317,0,0.2818435823978724,0,0.4251063829787234,0.41850000000000004,0.45460921843687374,0.4737704918032787,1
9.308442622950821,28.390750000000004,3.05,1,0.1451827220369486,0,0.42815126050420166,0.38846153846153847,0.43936605316973415,0.44792899408284026,1
203.80666666666667,49.30806451612903,0.24193548387096775,0,-0.08699248695937167,0,0.4251063829787234,0.4875,0.4222753346080306,0.41350000000000003,0
162.49,357.478,2.2,1,0.21849311098847662,0,0.42025495750708214,0.41073446327683616,0.4222753346080306,0.39365853658536587,1
19.482382978723404,654.0514285714286,33.57142857142857,0,-0.9579222238049847,0,0.419634703196347,0.3769230769230769,0.45460921843687374,0.4737804878048781,0
53.31866071428571,153.1202564102564,2.871794871794872,0,-0.03300310018182542,0,0.4251063829787234,0.41285714285714287,0.43936605316973415,0.3974093264248705,0
6.935814814814815,44.587380952380954,6.428571428571429,1,-0.7226267705656714,0,0.4251063829787234,0.3842105263157895,0.4222753346080306,0.41350000000000003,0
25.09030651340996,152.29232558139535,6.069767441860465,1,0.15652833339834277,0,0.42025495750708214,0.41073446327683616,0.45460921843687374,0.43526315789473685,0
8.952181818181817,28.405961538461536,3.173076923076923,0,-0.5861118897047972,0,0.42815126050420166,0.47056074766355144,0.42504725897920603,0.3806282722513089,0
53.24901234567901,287.54466666666667,5.4,0,-0.8393021124990099,0,0.44116766467065865,0.43273809523809526,0.45460921843687374,0.4108247422680413,0
15.355985915492958,51.917857142857144,3.380952380952381,1,0.6124120814759665,0,0.419634703196347,0.4452127659574468,0.4222753346080306,0.41345029239766085,0
133.88390243902438,219.56959999999998,1.64,0,-0.4143206553786548,0,0.4251063829787234,0.4875,0.42504725897920603,0.42169312169312173,0
23.11374045801527,37.38148148148148,1.617283950617284,0,0.3049728904431454,0,0.4251063829787234,0.41285714285714287,0.43936605316973415,0.3974093264248705,0
23.163801652892563,53.90038461538462,2.326923076923077,1,-0.3427829733485579,0,0.419634703196347,0.37540983606557377,0.45460921843687374,0.4737804878048781,0
85.94612612612613,561.1776470588236,6.529411764705882,1,0.16188956006029642,0,0.4771641791044776,0.49819277108433735,0.4222753346080306,0.43333333333333335,1
24.705045045045047,609.3911111111112,24.666666666666668,1,-0.7497764026092792,0,0.42815126050420166,0.38846153846153847,0.43936605316973415,0.44792899408284026,1
32.47486301369863,123.15142857142857,3.792207792207792,1,1.406071640996148,0,0.419634703196347,0.4452127659574468,0.43936605316973415,0.39441624365482236,1
20.098160535117056,250.38958333333335,12.458333333333334,1,-0.339768325080136,0,0.42815126050420166,0.38846153846153847,0.45460921843687374,0.4381642512077295,0
47.1422,41.35280701754386,0.8771929824561403,0,-0.3200321205068109,0,0.44116766467065865,0.47210526315789475,0.43936605316973415,0.4953757225433526,1
87.22068965517241,126.47,1.45,1,0.7028496256668941,0,0.42815126050420166,0.42923076923076925,0.43936605316973415,0.44792899408284026,1
6.504202898550724,51.78346153846154,7.961538461538462,1,-1.153816498978521,1,0.419634703196347,0.4452127659574468,0.42504725897920603,0.40918918918918923,0
2.5834285714285716,12.260338983050847,4.745762711864407,0,-0.5780769050562351,0,0.44116766467065865,0.47210526315789475,0.45460921843687374,0.4108247422680413,0
35.91362318840579,152.49476923076924,4.246153846153846,0,1.2339626389844505,0,0.44116766467065865,0.40481283422459896,0.45460921843687374,0.4108247422680413,1
7.2596167247386765,29.764428571428574,4.1,1,-0.09839644151000193,0,0.42815126050420166,0.42923076923076925,0.4222753346080306,0.44782608695652176,1
40.173153846153845,66.10772151898735,1.6455696202531647,1,0.6659613474605756,0,0.42025495750708214,0.438860103626943,0.43936605316973415,0.4317919075144509,0
115.78711864406779,426.965,3.6875,1,-0.35617160652227225,0,0.42025495750708214,0.41073446327683616,0.45460921843687374,0.43526315789473685,1
27.3788679245283,88.84163265306123,3.2448979591836733,0,-0.12094492442454194,0,0.44116766467065865,0.47210526315789475,0.45460921843687374,0.4108247422680413,1
16.690186335403727,62.49116279069767,3.744186046511628,1,-0.5522258014153042,0,0.42025495750708214,0.438860103626943,0.43936605316973415,0.4317919075144509,0
112.602125,138.58723076923076,1.2307692307692308,0,1.0680387890497915,0,0.419634703196347,0.3769230769230769,0.43936605316973415,0.39441624365482236,0
31.90482071713147,143.00196428571428,4.482142857142857,0,0.6962751212301552,0,0.44116766467065865,0.43273809523809526,0.4222753346080306,0.439247311827957,0
16.184884615384615,64.73953846153846,4.0,1,0.1869990960538995,0,0.42025495750708214,0.41073446327683616,0.4222753346080306,0.39365853658536587,0
17.753025830258302,85.91196428571428,4.839285714285714,0,0.10947085879904209,0,0.44116766467065865,0.43273809523809526,0.45460921843687374,0.4108247422680413,1
57.2966935483871,373.93631578947367,6.526315789473684,0,-0.24326376246590908,0,0.44116766467065865,0.40481283422459896,0.42504725897920603,0.42114285714285715,0
192.2564705882353,42.44623376623377,0.22077922077922077,1,0.26546103617867106,0,0.42025495750708214,0.41073446327683616,0.4222753346080306,0.39365853658536587,0
348.1190476190476,243.68333333333334,0.7,0,0.024523727354323066,0,0.4251063829787234,0.41850000000000004,0.42504725897920603,0.42169312169312173,0
87.8279746835443,165.2002380952381,1.880952380952381,0,0.20717011166532576,0,0.44116766467065865,0.45191256830601095,0.45460921843687374,0.4108247422680413,0
9.642173913043479,21.63609756097561,2.2439024390243905,1,-0.9244398213516958,1,0.4771641791044776,0.4591623036649215,0.42504725897920603,0.485,1
224.62416666666664,88.37672131147541,0.39344262295081966,1,0.32047027519789134,0,0.419634703196347,0.37540983606557377,0.45460921843687374,0.4737804878048781,0
64.9753947368421,56.76011494252874,0.8735632183908046,1,0.7810592088741333,0,0.42025495750708214,0.438860103626943,0.42504725897920603,0.4277777777777778,1
68.26507462686567,142.93,2.09375,1,-0.4359705834502913,1,0.4771641791044776,0.44292929292929295,0.43936605316973415,0.47803468208092487,1
51.179502762430936,118.7626923076923,2.3205128205128207,1,1.386755677692105,0,0.42815126050420166,0.42923076923076925,0.42504725897920603,0.3806282722513089,0
27.905168539325842,34.49388888888889,1.2361111111111112,1,0.016854856858647516,0,0.4771641791044776,0.44292929292929295,0.45460921843687374,0.49812500000000004,1
106.3295238095238,153.9944827586207,1.4482758620689655,0,-0.518514394171451,0,0.44116766467065865,0.40481283422459896,0.4222753346080306,0.439247311827957,0
32.52134831460674,101.55789473684212,3.1228070175438596,0,0.3098412371434615,0,0.42025495750708214,0.41236559139784945,0.42504725897920603,0.4277777777777778,0
13.40982142857143,15.977659574468086,1.1914893617021276,0,-0.8239549250075546,0,0.42815126050420166,0.47056074766355144,0.45460921843687374,0.4381642512077295,1
32.026768707482994,276.93735294117647,8.647058823529411,1,0.49460355791523986,0,0.4771641791044776,0.4591623036649215,0.45460921843687374,0.49812500000000004,0
31.682396694214876,136.9132142857143,4.321428571428571,0,0.6336914033657757,0,0.42815126050420166,0.47056074766355144,0.4222753346080306,0.44782608695652176,1
17.866949152542375,38.332727272727276,2.1454545454545455,0,-0.4075239048718565,0,0.4251063829787234,0.4875,0.43936605316973415,0.3974093264248705,0
95.35534482758621,138.26524999999998,1.45,1,-0.09304978123606475,0,0.419634703196347,0.37540983606557377,0.43936605316973415,0.39441624365482236,0
37.60570422535211,184.13827586206898,4.896551724137931,0,-0.35806388930150673,0,0.4251063829787234,0.41850000000000004,0.42504725897920603,0.42169312169312173,0
66.0365625,81.27576923076923,1.2307692307692308,0,-0.08150141176160927,0,0.42025495750708214,0.41236559139784945,0.4222753346080306,0.39365853658536587,1
2.418235294117647,8.222,3.4,1,-0.48728324343432533,0,0.4771641791044776,0.44292929292929295,0.43936605316973415,0.47803468208092487,0
244.60181818181817,36.35972972972973,0.14864864864864866,1,0.0966835910408681,0,0.42025495750708214,0.438860103626943,0.45460921843687374,0.43526315789473685,0
19.118296296296293,31.863827160493823,1.6666666666666667,0,0.22294062653392388,0,0.4251063829787234,0.4875,0.43936605316973415,0.3974093264248705,1
118.41,457.852,3.8666666666666667,1,-0.3704133789050774,0,0.42815126050420166,0.38846153846153847,0.45460921843687374,0.4381642512077295,0
91.23911764705882,147.72047619047618,1.619047619047619,0,1.080952234421531,0,0.42815126050420166,0.47056074766355144,0.45460921843687374,0.4381642512077295,0
5.6844255319148935,18.814647887323943,3.3098591549295775,1,-0.2147165250924407,0,0.42025495750708214,0.438860103626943,0.4222753346080306,0.39365853658536587,1
15.334840764331211,37.03953846153846,2.4153846153846152,1,-0.14347567889643548,0,0.42815126050420166,0.38846153846153847,0.43936605316973415,0.44792899408284026,0
6.266041666666666,13.517752808988764,2.157303370786517,0,0.13732897883560102,0,0.4251063829787234,0.41285714285714287,0.43936605316973415,0.3974093264248705,1
37.06381188118812,182.60707317073172,4.926829268292683,0,0.2869296451659223,0,0.42815126050420166,0.47056074766355144,0.4222753346080306,0.44782608695652176,1
70.75340425531914,116.00267441860464,1.6395348837209303,0,1.684871038466106,0,0.42815126050420166,0.4191256830601093,0.45460921843687374,0.4381642512077295,0
54.51496402877698,291.4453846153846,5.346153846153846,0,-0.010102129404359506,0,0.4251063829787234,0.41850000000000004,0.42504725897920603,0.42169312169312173,1
73.76969072164948,170.37285714285713,2.3095238095238093,1,0.2470455045328405,0,0.419634703196347,0.4452127659574468,0.42504725897920603,0.40918918918918923,1
7.716939501779359,50.429302325581396,6.534883720930233,0,-0.6474238279500116,0,0.419634703196347,0.48418079096045197,0.42504725897920603,0.40918918918918923,0
62.6991,73.76364705882352,1.1764705882352942,1,0.9836785739335532,0,0.4771641791044776,0.44292929292929295,0.43936605316973415,0.47803468208092487,1
54.515,697.792,12.8,1,-0.45475680060552126,0,0.419634703196347,0.37540983606557377,0.42504725897920603,0.40918918918918923,0
52.19316666666667,202.03806451612905,3.870967741935484,1,-0.1467959487379007,0,0.42025495750708214,0.438860103626943,0.43936605316973415,0.4317919075144509,0
27.51879120879121,100.1684,3.64,0,-0.9622113065699898,0,0.4251063829787234,0.4875,0.45460921843687374,0.4737704918032787,0
38.55497777777778,1084.35875,28.125,1,-0.18511190176736547,0,0.42815126050420166,0.42923076923076925,0.4222753346080306,0.44782608695652176,0
21.058789808917197,367.3588888888889,17.444444444444443,0,-1.1495930632738531,0,0.419634703196347,0.48418079096045197,0.43936605316973415,0.39441624365482236,0
76.05,136.31603773584905,1.7924528301886793,1,0.4897569245092988,0,0.42025495750708214,0.438860103626943,0.43936605316973415,0.4317919075144509,0
39.1,90.54736842105264,2.3157894736842106,0,0.9077453523933965,0,0.419634703196347,0.3769230769230769,0.43936605316973415,0.39441624365482236,0
28.153287671232874,162.25184210526314,5.7631578947368425,1,-0.01832901805439685,0,0.4771641791044776,0.44292929292929295,0.43936605316973415,0.47803468208092487,1
4.2340526315789475,32.1788,7.6,0,-1.2741919752587332,0,0.44116766467065865,0.40481283422459896,0.4222753346080306,0.439247311827957,0
61.87894736842105,209.01333333333335,3.3777777777777778,1,0.7227487584304049,0,0.42815126050420166,0.42923076923076925,0.4222753346080306,0.44782608695652176,0
4.656395348837209,9.649397590361446,2.072289156626506,0,-0.06196062514725986,0,0.44116766467065865,0.40481283422459896,0.43936605316973415,0.4953757225433526,0
38.34371287128713,124.92629032258066,3.2580645161290325,1,0.7735322570800088,0,0.42025495750708214,0.41073446327683616,0.45460921843687374,0.43526315789473685,1
222.2334482758621,214.82566666666668,0.9666666666666667,0,-0.13437764832896126,0,0.4771641791044776,0.5011428571428571,0.42504725897920603,0.485,0
16.082037037037036,108.55375,6.75,0,-0.3111869936978672,0,0.44116766467065865,0.47210526315789475,0.4222753346080306,0.439247311827957,0
211.1440625,125.12240740740741,0.5925925925925926,0,0.4247434856599158,0,0.42815126050420166,0.47056074766355144,0.4222753346080306,0.44782608695652176,0
64.32025,96.48037500000001,1.5,0,1.1449895978304596,0,0.4251063829787234,0.4875,0.43936605316973415,0.3974093264248705,1
25.21652985074627,109.00048387096774,4.32258064516129,0,0.5922988259297944,0,0.42815126050420166,0.47056074766355144,0.4222753346080306,0.44782608695652176,0
32.28086805555555,357.5726923076923,11.076923076923077,1,0.305470536699423,0,0.419634703196347,0.37540983606557377,0.45460921843687374,0.4737804878048781,0
45.58616766467066,447.8170588235294,9.823529411764707,1,-0.1918276590732994,0,0.42025495750708214,0.438860103626943,0.42504725897920603,0.4277777777777778,0
3.7679464285714284,13.397142857142857,3.5555555555555554,0,-0.4722828787672871,0,0.419634703196347,0.48418079096045197,0.4222753346080306,0.41345029239766085,0
51.19416666666667,433.6447058823529,8.470588235294118,0,-0.23604942387684524,0,0.42025495750708214,0.41236559139784945,0.4222753346080306,0.39365853658536587,0
14.821503496503496,100.92738095238094,6.809523809523809,1,-0.288305276275486,0,0.4771641791044776,0.44292929292929295,0.4222753346080306,0.43333333333333335,0
36.8920606060606,276.69045454545454,7.5,0,-0.36730477190698296,0,0.42025495750708214,0.4223809523809524,0.4222753346080306,0.39365853658536587,1
21.031463414634146,26.13,1.2424242424242424,1,-0.24792399994414088,0,0.42815126050420166,0.38846153846153847,0.42504725897920603,0.3806282722513089,1
60.412125,241.6485,4.0,0,0.6659739627769148,0,0.42025495750708214,0.4223809523809524,0.42504725897920603,0.4277777777777778,1
82.17642857142857,40.60482352941176,0.49411764705882355,1,0.46635385680080144,0,0.419634703196347,0.37540983606557377,0.4222753346080306,0.41345029239766085,0
217.3486046511628,161.13775862068965,0.7413793103448276,0,0.9836614699690757,0,0.4251063829787234,0.41285714285714287,0.43936605316973415,0.3974093264248705,1
206.35282608695653,114.36421686746988,0.5542168674698795,0,1.5332992058825075,0,0.4251063829787234,0.4875,0.4222753346080306,0.41350000000000003,0
41.95925465838509,93.82555555555555,2.236111111111111,0,0.8009418224875491,0,0.42025495750708214,0.41236559139784945,0.45460921843687374,0.43526315789473685,0
33.503587786259544,137.1553125,4.09375,0,1.0048691295475691,0,0.44116766467065865,0.40481283422459896,0.45460921843687374,0.4108247422680413,0
334.4136363636364,89.72073170731707,0.2682926829268293,1,-0.41207635563072265,1,0.42815126050420166,0.38846153846153847,0.4222753346080306,0.44782608695652176,0
29.826338028169015,162.89769230769232,5.461538461538462,0,0.6975306939383104,0,0.42815126050420166,0.47056074766355144,0.43936605316973415,0.44792899408284026,0
41.456756756756754,296.8838709677419,7.161290322580645,0,0.39287000116738896,0,0.42815126050420166,0.47056074766355144,0.42504725897920603,0.3806282722513089,1
68.9126168224299,179.8451219512195,2.6097560975609757,0,0.26614488342453035,0,0.42815126050420166,0.4191256830601093,0.42504725897920603,0.3806282722513089,0
45.79702127659574,175.71102040816328,3.836734693877551,0,0.660337456610502,0,0.42025495750708214,0.41236559139784945,0.42504725897920603,0.4277777777777778,1
31.469894179894183,71.66036144578314,2.2771084337349397,0,0.8827346950080467,0,0.4251063829787234,0.41850000000000004,0.43936605316973415,0.3974093264248705,0
107.09370370370371,240.96083333333334,2.25,0,-1.1629741216915686,1,0.42815126050420166,0.47056074766355144,0.45460921843687374,0.4381642512077295,1
35.21795,146.74145833333333,4.166666666666667,0,0.35194652033563484,0,0.4771641791044776,0.5011428571428571,0.43936605316973415,0.47803468208092487,1
28.094583333333333,74.91888888888889,2.6666666666666665,0,-1.3207129087057325,0,0.4251063829787234,0.4875,0.42504725897920603,0.42169312169312173,0
8.659477611940298,72.523125,8.375,1,-0.8495036450768418,1,0.4771641791044776,0.4591623036649215,0.43936605316973415,0.47803468208092487,1
45.040924855491326,149.8476923076923,3.326923076923077,0,0.5729763022241767,0,0.44116766467065865,0.45191256830601095,0.42504725897920603,0.42114285714285715,1
140.6397142857143,246.11950000000002,1.75,0,0.6987993494762303,0,0.419634703196347,0.48418079096045197,0.4222753346080306,0.41345029239766085,1
15.63013698630137,14.628205128205128,0.9358974358974359,0,-0.10409578289459143,0,0.4251063829787234,0.41285714285714287,0.42504725897920603,0.42169312169312173,1
68.76053571428572,179.09720930232558,2.604651162790698,1,0.36808541773908476,0,0.42025495750708214,0.41073446327683616,0.42504725897920603,0.4277777777777778,0
157.22241379310344,77.27881355932203,0.4915254237288136,0,0.12602250035294618,0,0.42025495750708214,0.4223809523809524,0.42504725897920603,0.4277777777777778,1
17.5003515625,640.0128571428571,36.57142857142857,0,-0.9759593002472893,0,0.4251063829787234,0.41285714285714287,0.42504725897920603,0.42169312169312173,0
39.318245614035085,88.46605263157895,2.25,0,0.8787120283713781,0,0.44116766467065865,0.47210526315789475,0.43936605316973415,0.4953757225433526,0
10.330363636363636,119.61473684210526,11.578947368421053,1,-1.1301787665121539,0,0.42025495750708214,0.438860103626943,0.42504725897920603,0.4277777777777778,0
25.00277108433735,34.02016393442623,1.360655737704918,0,-0.2881227462081477,0,0.44116766467065865,0.43273809523809526,0.43936605316973415,0.4953757225433526,1
5.987066115702479,144.887,24.2,0,-1.4695924320629778,0,0.419634703196347,0.3769230769230769,0.4222753346080306,0.41345029239766085,0
129.17041666666668,364.7164705882353,2.823529411764706,1,-0.4511250871877609,0,0.42815126050420166,0.38846153846153847,0.42504725897920603,0.3806282722513089,0
17.703702127659575,520.04625,29.375,0,-1.0137308251293695,0,0.44116766467065865,0.45191256830601095,0.45460921843687374,0.4108247422680413,0
5.476627906976744,39.24916666666667,7.166666666666667,0,-0.9324739469201753,0,0.44116766467065865,0.40481283422459896,0.42504725897920603,0.42114285714285715,0
6.997309236947791,31.11303571428571,4.446428571428571,0,-0.4537844374414974,0,0.42815126050420166,0.47056074766355144,0.4222753346080306,0.44782608695652176,0
16.18128755364807,145.00923076923075,8.961538461538462,0,-0.708924584088841,1,0.42025495750708214,0.41236559139784945,0.45460921843687374,0.43526315789473685,1
33.44459119496855,85.7691935483871,2.564516129032258,0,0.32793001873625616,0,0.419634703196347,0.3769230769230769,0.4222753346080306,0.41345029239766085,0
11.162756756756757,44.89369565217392,4.021739130434782,1,-0.6036578043456293,0,0.4771641791044776,0.44292929292929295,0.43936605316973415,0.47803468208092487,0
25.531048034934496,116.9322,4.58,1,0.17406917119585116,0,0.42815126050420166,0.42923076923076925,0.4222753346080306,0.44782608695652176,0
16.904067164179104,52.67779069767442,3.116279069767442,0,0.6852899243905561,0,0.419634703196347,0.48418079096045197,0.42504725897920603,0.40918918918918923,0
14.925829787234044,40.31689655172414,2.7011494252873565,0,0.5184854826575538,0,0.44116766467065865,0.43273809523809526,0.43936605316973415,0.4953757225433526,0
22.415301204819276,26.20380281690141,1.1690140845070423,0,-0.11842272826811723,0,0.42025495750708214,0.4223809523809524,0.42504725897920603,0.4277777777777778,0
28.482108108108108,79.83621212121211,2.803030303030303,0,0.4026753846916309,0,0.42815126050420166,0.47056074766355144,0.4222753346080306,0.44782608695652176,1
4.349407407407407,35.586060606060606,8.181818181818182,1,-1.0390090699622225,1,0.42025495750708214,0.438860103626943,0.45460921843687374,0.43526315789473685,0
150.59756756756755,109.2570588235294,0.7254901960784313,0,0.14459760150580336,0,0.419634703196347,0.3769230769230769,0.43936605316973415,0.39441624365482236,0
423.2665217391304,190.8849019607843,0.45098039215686275,0,0.9087037373645892,0,0.4771641791044776,0.5011428571428571,0.42504725897920603,0.485,1
43.162237442922375,143.2201515151515,3.3181818181818183,0,1.1705111775495787,0,0.42025495750708214,0.41236559139784945,0.43936605316973415,0.4317919075144509,0
15.9640625,43.29237288135593,2.711864406779661,0,-0.24202416375725203,0,0.42025495750708214,0.41236559139784945,0.45460921843687374,0.43526315789473685,1
111.547,21.451346153846153,0.19230769230769232,0,-0.6524895057075959,0,0.44116766467065865,0.47210526315789475,0.43936605316973415,0.4953757225433526,0
23.408832487309645,56.238292682926826,2.402439024390244,1,0.6165556936085352,0,0.4251063829787234,0.3842105263157895,0.4222753346080306,0.41350000000000003,0
484.3229411764706,92.51112359550561,0.19101123595505617,1,1.4277334012508107,0,0.4771641791044776,0.44292929292929295,0.45460921843687374,0.49812500000000004,1
68.58693693693694,845.9055555555556,12.333333333333334,0,-0.3590746418747435,0,0.42815126050420166,0.47056074766355144,0.45460921843687374,0.4381642512077295,0
3.766036363636364,94.1509090909091,25.0,1,-1.5245236829712212,0,0.42025495750708214,0.41073446327683616,0.42504725897920603,0.4277777777777778,0
27.66099644128114,971.5925,35.125,0,-0.35069435593340054,0,0.4251063829787234,0.41850000000000004,0.42504725897920603,0.42169312169312173,0
35.96351851851852,277.43285714285713,7.714285714285714,1,0.5695293459015327,0,0.42815126050420166,0.38846153846153847,0.45460921843687374,0.4381642512077295,0
25.607467532467535,70.42053571428572,2.75,0,-0.049759064425014876,0,0.419634703196347,0.3769230769230769,0.45460921843687374,0.4737804878048781,1
337.6425,75.03166666666667,0.2222222222222222,1,0.5525745653524226,0,0.42025495750708214,0.438860103626943,0.45460921843687374,0.43526315789473685,0
13.796098484848486,60.70283333333334,4.4,0,-0.02142883931353945,0,0.44116766467065865,0.40481283422459896,0.43936605316973415,0.4953757225433526,0
45.526976744186044,293.649,6.45,0,-0.4484458607911723,0,0.4771641791044776,0.5011428571428571,0.42504725897920603,0.485,1
11.35444881889764,33.929764705882356,2.988235294117647,1,0.36221346368148954,0,0.419634703196347,0.37540983606557377,0.4222753346080306,0.41345029239766085,0
20.361081081081082,33.732537313432836,1.6567164179104477,0,-0.12872321878177473,0,0.42815126050420166,0.47056074766355144,0.45460921843687374,0.4381642512077295,0
25.595110294117646,116.03116666666666,4.533333333333333,0,0.5878891892355455,0,0.4251063829787234,0.4875,0.42504725897920603,0.42169312169312173,1
93.54852272727273,164.6454,1.76,0,0.6119477891397649,0,0.4251063829787234,0.41285714285714287,0.4222753346080306,0.41350000000000003,0
9.355809523809524,19.6472,2.1,0,-0.7187450048953277,0,0.42815126050420166,0.4191256830601093,0.45460921843687374,0.4381642512077295,0
67.84352112676056,321.12600000000003,4.733333333333333,1,-0.7468462648800247,1,0.4771641791044776,0.44292929292929295,0.42504725897920603,0.485,1
48.16583333333333,57.799,1.2,1,-1.629439070223904,0,0.419634703196347,0.4452127659574468,0.43936605316973415,0.39441624365482236,0
73.33621951219511,91.11469696969696,1.2424242424242424,1,0.5393034396638777,0,0.42815126050420166,0.38846153846153847,0.45460921843687374,0.4381642512077295,1
6.193659574468085,24.2585,3.9166666666666665,0,-0.42278178093692165,0,0.4251063829787234,0.4875,0.4222753346080306,0.41350000000000003,0
8.55657894736842,22.42413793103448,2.6206896551724137,1,-1.218841926975673,0,0.42815126050420166,0.38846153846153847,0.45460921843687374,0.4381642512077295,0
28.82642857142857,46.92674418604651,1.627906976744186,1,0.5945098527756235,0,0.42815126050420166,0.42923076923076925,0.45460921843687374,0.4381642512077295,1
26.03294776119403,303.34043478260867,11.652173913043478,1,-0.18310297058304403,0,0.419634703196347,0.4452127659574468,0.45460921843687374,0.4737804878048781,1
16.27896226415094,20.064767441860464,1.2325581395348837,0,0.1704944726834171,0,0.4251063829787234,0.41285714285714287,0.42504725897920603,0.42169312169312173,0
20.76341232227488,136.90875,6.59375,1,-0.47133624834194954,1,0.419634703196347,0.37540983606557377,0.43936605316973415,0.39441624365482236,1
152.33894736842106,964.8133333333333,6.333333333333333,1,-0.16264909902075841,0,0.42815126050420166,0.42923076923076925,0.4222753346080306,0.44782608695652176,0
64.39575757575757,86.73714285714286,1.346938775510204,0,-0.13987219951083935,0,0.4251063829787234,0.41850000000000004,0.4222753346080306,0.41350000000000003,0
23.746309523809522,78.73776315789473,3.3157894736842106,0,0.7430072103433134,0,0.419634703196347,0.3769230769230769,0.43936605316973415,0.39441624365482236,1
9.089859154929577,71.7088888888889,7.888888888888889,1,-1.024654670309043,0,0.419634703196347,0.37540983606557377,0.43936605316973415,0.39441624365482236,0
61.51114093959731,482.37684210526317,7.842105263157895,0,0.13490914065234805,0,0.4251063829787234,0.41285714285714287,0.43936605316973415,0.3974093264248705,0
36.741573033707866,121.11111111111111,3.2962962962962963,0,0.3849855623041858,0,0.44116766467065865,0.40481283422459896,0.45460921843687374,0.4108247422680413,0
28.978944444444444,434.68416666666667,15.0,0,-0.7362881456673837,0,0.42815126050420166,0.47056074766355144,0.42504725897920603,0.3806282722513089,0
21.940298507462686,73.5,3.35,0,-0.5685461748678823,0,0.44116766467065865,0.45191256830601095,0.4222753346080306,0.439247311827957,0
67.07819444444445,65.26527027027028,0.972972972972973,0,0.48929056041966085,0,0.44116766467065865,0.47210526315789475,0.43936605316973415,0.4953757225433526,0
69.46444444444444,416.78666666666663,6.0,1,-0.7757083441767331,0,0.4771641791044776,0.49819277108433735,0.42504725897920603,0.485,0
35.593117647058826,114.16660377358491,3.207547169811321,0,0.2742884725183533,0,0.4251063829787234,0.41285714285714287,0.4222753346080306,0.41350000000000003,1
17.56906976744186,119.28473684210526,6.7894736842105265,0,-0.31801393268930916,1,0.42025495750708214,0.4223809523809524,0.45460921843687374,0.43526315789473685,1
186.5102777777778,319.73190476190473,1.7142857142857142,0,-0.273100159379121,0,0.44116766467065865,0.45191256830601095,0.43936605316973415,0.4953757225433526,0
25.82377358490566,93.31772727272727,3.6136363636363638,1,-0.2708877266122116,1,0.4771641791044776,0.49819277108433735,0.45460921843687374,0.49812500000000004,1
17.205714285714286,97.8575,5.6875,0,-1.322674040263721,0,0.419634703196347,0.3769230769230769,0.43936605316973415,0.39441624365482236,0
27.573950617283952,957.21,34.714285714285715,0,-0.5684171837217546,0,0.44116766467065865,0.45191256830601095,0.4222753346080306,0.439247311827957,1
16.55478448275862,87.28886363636364,5.2727272727272725,0,-0.31957700378581627,1,0.4251063829787234,0.41850000000000004,0.45460921843687374,0.4737704918032787,0
6.024,26.834181818181822,4.454545454545454,0,-0.5236021371262808,0,0.419634703196347,0.48418079096045197,0.42504725897920603,0.40918918918918923,0
42.821100917431195,150.56451612903226,3.5161290322580645,1,1.0652916505917023,0,0.4251063829787234,0.3842105263157895,0.45460921843687374,0.4737704918032787,1
48.59034482758621,214.43130434782609,4.413043478260869,0,0.827768766967021,0,0.42815126050420166,0.47056074766355144,0.45460921843687374,0.4381642512077295,1
42.65346666666667,111.59337209302326,2.616279069767442,1,1.615270352733717,0,0.4771641791044776,0.49819277108433735,0.4222753346080306,0.43333333333333335,0
7.227885906040268,93.6482608695652,12.956521739130435,0,-1.0683311858585065,0,0.4251063829787234,0.41850000000000004,0.4222753346080306,0.41350000000000003,0
19.735984555984555,567.9577777777778,28.77777777777778,1,-0.8182207478350388,0,0.42025495750708214,0.41073446327683616,0.43936605316973415,0.4317919075144509,0
8.392700729927007,52.26363636363636,6.2272727272727275,0,-1.2735435106417983,1,0.44116766467065865,0.47210526315789475,0.42504725897920603,0.42114285714285715,1
14.228666666666665,26.678749999999997,1.875,0,-1.3252384140525582,1,0.44116766467065865,0.47210526315789475,0.45460921843687374,0.4108247422680413,0
22.14299625468165,85.68376811594203,3.869565217391304,0,0.5834292136481007,0,0.44116766467065865,0.40481283422459896,0.42504725897920603,0.42114285714285715,1
535.7316666666667,94.54088235294117,0.17647058823529413,0,0.6573372970929254,0,0.42025495750708214,0.4223809523809524,0.42504725897920603,0.4277777777777778,0
53.35647435897436,1189.087142857143,22.285714285714285,0,-0.27049614722473325,0,0.44116766467065865,0.40481283422459896,0.4222753346080306,0.439247311827957,1
28.80295532646048,558.7773333333333,19.4,1,-0.09254659062303727,0,0.4251063829787234,0.3842105263157895,0.45460921843687374,0.4737704918032787,0
43.566113744075835,437.7357142857143,10.047619047619047,1,0.18174179025094095,0,0.4771641791044776,0.44292929292929295,0.43936605316973415,0.47803468208092487,1
17.16613475177305,88.01545454545455,5.127272727272727,0,0.09402502392044465,0,0.42025495750708214,0.4223809523809524,0.4222753346080306,0.39365853658536587,0
29.015630630630632,378.91,13.058823529411764,0,-0.40683724578383623,0,0.4771641791044776,0.5011428571428571,0.45460921843687374,0.49812500000000004,1
12.93578947368421,69.4595652173913,5.369565217391305,1,-0.3962451912175387,0,0.42025495750708214,0.41073446327683616,0.45460921843687374,0.43526315789473685,0
24.856521739130432,36.49148936170213,1.4680851063829787,0,-0.646988940965141,0,0.42025495750708214,0.41236559139784945,0.43936605316973415,0.4317919075144509,0
8.196803652968036,112.19375,13.6875,0,-1.2805722330556633,0,0.44116766467065865,0.40481283422459896,0.4222753346080306,0.439247311827957,0
184.19795918367348,158.34561403508772,0.8596491228070176,0,0.9039616476054109,0,0.42815126050420166,0.4191256830601093,0.45460921843687374,0.4381642512077295,0
38.40053475935829,299.20416666666665,7.791666666666667,0,-0.1247348773750181,0,0.4251063829787234,0.41285714285714287,0.43936605316973415,0.3974093264248705,0
49.024145077720206,473.08299999999997,9.65,0,0.2102424010076439,0,0.419634703196347,0.48418079096045197,0.42504725897920603,0.40918918918918923,0
11.66777777777778,97.50928571428572,8.357142857142858,0,-1.4013152311002437,1,0.42815126050420166,0.4191256830601093,0.45460921843687374,0.4381642512077295,1
12.531070110701107,339.592,27.1,1,-1.1122189743750854,0,0.42025495750708214,0.438860103626943,0.43936605316973415,0.4317919075144509,0
74.56925,85.222,1.1428571428571428,0,0.6141350722919694,0,0.44116766467065865,0.45191256830601095,0.45460921843687374,0.4108247422680413,0
41.884750000000004,124.10296296296298,2.962962962962963,0,-0.7650029981981059,1,0.44116766467065865,0.40481283422459896,0.42504725897920603,0.42114285714285715,1
3.3004687500000003,33.352105263157895,10.105263157894736,1,-1.4310090088869662,0,0.419634703196347,0.4452127659574468,0.43936605316973415,0.39441624365482236,0
41.62342105263158,71.895,1.7272727272727273,0,1.0568486847065242,0,0.42025495750708214,0.41236559139784945,0.42504725897920603,0.4277777777777778,0
51.136378378378375,860.0209090909091,16.818181818181817,0,0.021773387177817738,0,0.419634703196347,0.3769230769230769,0.45460921843687374,0.4737804878048781,1
30.7148,186.15030303030304,6.0606060606060606,0,-0.12703818614454201,0,0.42815126050420166,0.4191256830601093,0.45460921843687374,0.4381642512077295,0
19.4848046875,237.52904761904762,12.19047619047619,1,-0.5899484709624399,0,0.4251063829787234,0.3842105263157895,0.42504725897920603,0.42169312169312173,0
15.201028037383178,61.377735849056606,4.037735849056604,0,-0.23923867555373612,0,0.4251063829787234,0.41850000000000004,0.4222753346080306,0.41350000000000003,0
13.004102564102565,18.783703703703704,1.4444444444444444,0,-1.2869383936684042,1,0.4251063829787234,0.41285714285714287,0.42504725897920603,0.42169312169312173,1
32.05722772277228,215.852,6.733333333333333,0,-1.0366857660584883,0,0.42025495750708214,0.4223809523809524,0.4222753346080306,0.39365853658536587,0
13.082529411764707,29.26355263157895,2.236842105263158,0,0.05286648676416439,0,0.4251063829787234,0.41850000000000004,0.45460921843687374,0.4737704918032787,0
16.52658536585366,28.232916666666668,1.7083333333333333,0,-0.06588589504352504,0,0.4251063829787234,0.4875,0.43936605316973415,0.3974093264248705,1
15.558949416342413,210.45526315789473,13.526315789473685,0,-0.8133836833013625,0,0.4251063829787234,0.41850000000000004,0.45460921843687374,0.4737704918032787,0
139.4149295774648,112.48249999999999,0.8068181818181818,1,1.7124203335208046,0,0.4771641791044776,0.44292929292929295,0.42504725897920603,0.485,1
24.801886120996443,409.9605882352941,16.529411764705884,0,-0.3099505950172249,0,0.44116766467065865,0.40481283422459896,0.45460921843687374,0.4108247422680413,0
28.744803493449783,124.19924528301888,4.320754716981132,1,0.3718854467390375,0,0.42815126050420166,0.38846153846153847,0.43936605316973415,0.44792899408284026,0
26.00548387096774,73.28818181818181,2.8181818181818183,0,-1.1886460919217048,1,0.4251063829787234,0.41850000000000004,0.42504725897920603,0.42169312169312173,1
119.938,224.88375000000002,1.875,0,0.5428897754212105,0,0.42815126050420166,0.47056074766355144,0.4222753346080306,0.44782608695652176,1
11.164206896551724,154.17238095238093,13.80952380952381,0,-0.9112441048434796,1,0.42815126050420166,0.4191256830601093,0.43936605316973415,0.44792899408284026,1
39.286337209302324,965.3214285714286,24.571428571428573,1,-0.5579954354731127,0,0.42025495750708214,0.438860103626943,0.45460921843687374,0.43526315789473685,0
2.352876712328767,45.80266666666667,19.466666666666665,1,-1.5048641761983483,1,0.42815126050420166,0.42923076923076925,0.42504725897920603,0.3806282722513089,0
10.8411004784689,78.13068965517242,7.206896551724138,1,-0.9223250182367021,0,0.419634703196347,0.37540983606557377,0.43936605316973415,0.39441624365482236,0
4.753186274509804,80.80416666666666,17.0,1,-1.5157277237363063,1,0.419634703196347,0.37540983606557377,0.45460921843687374,0.4737804878048781,0
146.25809523809525,76.7855,0.525,0,0.8557961789668116,0,0.419634703196347,0.48418079096045197,0.45460921843687374,0.4737804878048781,1
22.734236453201973,71.00076923076924,3.123076923076923,0,0.26169869278219027,0,0.4251063829787234,0.41850000000000004,0.42504725897920603,0.42169312169312173,1
34.20033898305085,53.10052631578947,1.5526315789473684,0,0.3853804590206356,0,0.44116766467065865,0.45191256830601095,0.42504725897920603,0.42114285714285715,1
14.144623655913978,54.81041666666667,3.875,0,-0.4579855733470056,0,0.42025495750708214,0.41236559139784945,0.4222753346080306,0.39365853658536587,0
18.903033707865166,152.94272727272727,8.090909090909092,1,-0.866999884966433,0,0.42025495750708214,0.41073446327683616,0.45460921843687374,0.43526315789473685,0
49.35701754385965,38.01824324324324,0.7702702702702703,0,0.1192102053866913,0,0.42025495750708214,0.41236559139784945,0.43936605316973415,0.4317919075144509,0
150.42268292682925,205.57766666666666,1.3666666666666667,1,-0.18530068168759561,0,0.4771641791044776,0.44292929292929295,0.4222753346080306,0.43333333333333335,0
80.19,129.5376923076923,1.6153846153846154,0,-1.3637015558746244,1,0.44116766467065865,0.47210526315789475,0.42504725897920603,0.42114285714285715,1
38.63979423868312,118.85405063291138,3.0759493670886076,1,1.4307906550012854,0,0.42025495750708214,0.41073446327683616,0.42504725897920603,0.4277777777777778,1
81.33809523809524,115.80338983050846,1.423728813559322,0,0.5432136359949146,0,0.4771641791044776,0.5011428571428571,0.43936605316973415,0.47803468208092487,1
9.693150684931506,10.561194029850746,1.0895522388059702,0,-0.4136748869933249,0,0.419634703196347,0.48418079096045197,0.43936605316973415,0.39441624365482236,0
209.4469696969697,80.36918604651163,0.38372093023255816,1,1.1223976486633833,0,0.42025495750708214,0.438860103626943,0.42504725897920603,0.4277777777777778,0
136.68375,87.4776,0.64,0,-1.0204449815760952,0,0.42815126050420166,0.4191256830601093,0.4222753346080306,0.44782608695652176,0
39.63484848484848,75.8231884057971,1.9130434782608696,0,0.45854810985431615,0,0.419634703196347,0.48418079096045197,0.45460921843687374,0.4737804878048781,1
14.98559405940594,48.04904761904762,3.2063492063492065,1,-0.07158886768657163,0,0.42025495750708214,0.438860103626943,0.45460921843687374,0.43526315789473685,1
187.58581395348835,448.12166666666667,2.388888888888889,0,-0.08771436833077095,0,0.4251063829787234,0.41850000000000004,0.4222753346080306,0.41350000000000003,1
248.38466666666667,155.24041666666668,0.625,0,-0.7589105558944023,1,0.4251063829787234,0.41850000000000004,0.42504725897920603,0.42169312169312173,1
54.16044444444444,65.87081081081081,1.2162162162162162,1,-0.7235650034379113,1,0.42815126050420166,0.42923076923076925,0.45460921843687374,0.4381642512077295,0
5.128053691275168,19.59179487179487,3.8205128205128207,0,-0.9888396693454546,0,0.42025495750708214,0.4223809523809524,0.42504725897920603,0.4277777777777778,0
9.463175675675675,44.46190476190476,4.698412698412699,0,-0.11306845357439521,0,0.4251063829787234,0.41850000000000004,0.42504725897920603,0.42169312169312173,1
26.611219512195124,80.22500000000001,3.014705882352941,0,0.4786588278240268,0,0.419634703196347,0.48418079096045197,0.42504725897920603,0.40918918918918923,1
6.354,22.583493975903615,3.5542168674698793,0,0.13508163264359452,0,0.419634703196347,0.3769230769230769,0.43936605316973415,0.39441624365482236,0
27.838303886925793,96.07609756097561,3.451219512195122,0,1.216145778212956,0,0.4771641791044776,0.5011428571428571,0.42504725897920603,0.485,1
64.43830508474576,52.80361111111111,0.8194444444444444,0,0.2588236965237554,0,0.4251063829787234,0.41285714285714287,0.45460921843687374,0.4737704918032787,1
63.05660130718954,964.766,15.3,1,0.035263596881792036,0,0.4771641791044776,0.49819277108433735,0.4222753346080306,0.43333333333333335,0
38.980538461538465,63.343375,1.625,0,0.6584161963295765,0,0.4251063829787234,0.41850000000000004,0.42504725897920603,0.42169312169312173,1
18.830439560439558,23.473561643835616,1.2465753424657535,0,-0.10356197594728012,0,0.44116766467065865,0.45191256830601095,0.45460921843687374,0.4108247422680413,1
31.252,54.82807017543859,1.7543859649122806,1,-0.17905218721516813,0,0.42025495750708214,0.438860103626943,0.4222753346080306,0.39365853658536587,1
58.27594936708861,156.06101694915256,2.6779661016949152,1,0.9791723616055984,0,0.4771641791044776,0.4591623036649215,0.42504725897920603,0.485,0
31.709741697416973,101.09811764705883,3.1882352941176473,0,1.4101351173175338,0,0.4251063829787234,0.4875,0.43936605316973415,0.3974093264248705,1
29.479555555555553,15.98289156626506,0.5421686746987951,1,0.03452589509483517,0,0.419634703196347,0.4452127659574468,0.4222753346080306,0.41345029239766085,0
6.470045248868779,109.99076923076925,17.0,0,-1.4103424584364848,0,0.419634703196347,0.48418079096045197,0.42504725897920603,0.40918918918918923,0
39.68994565217391,87.98734939759036,2.216867469879518,0,1.1314653734452569,0,0.4771641791044776,0.5011428571428571,0.45460921843687374,0.49812500000000004,0
39.05408,751.0400000000001,19.23076923076923,0,0.11926476373352957,0,0.44116766467065865,0.47210526315789475,0.43936605316973415,0.4953757225433526,1
10.684891304347826,89.36454545454545,8.363636363636363,0,-1.1237295029717274,1,0.44116766467065865,0.40481283422459896,0.42504725897920603,0.42114285714285715,1
64.74609271523178,199.52367346938775,3.0816326530612246,0,0.8745027312050868,0,0.4251063829787234,0.41850000000000004,0.43936605316973415,0.3974093264248705,1
66.34952380952382,146.66736842105266,2.210526315789474,0,0.7817823425826727,0,0.4251063829787234,0.4875,0.43936605316973415,0.3974093264248705,1
31.141340206185568,51.19847457627119,1.6440677966101696,0,-0.1564072442774779,0,0.4771641791044776,0.5011428571428571,0.42504725897920603,0.485,0
98.56935483870969,50.092622950819674,0.5081967213114754,0,-0.10817046692083448,0,0.44116766467065865,0.40481283422459896,0.45460921843687374,0.4108247422680413,0
35.14747252747253,168.33789473684212,4.7894736842105265,0,0.024119691305649893,0,0.44116766467065865,0.40481283422459896,0.43936605316973415,0.4953757225433526,1
51.47222222222222,17.591772151898734,0.34177215189873417,0,-0.037526849395101425,0,0.4251063829787234,0.41285714285714287,0.42504725897920603,0.42169312169312173,1
50.122962962962966,60.59641791044776,1.208955223880597,0,0.20163775757901906,0,0.44116766467065865,0.47210526315789475,0.42504725897920603,0.42114285714285715,1
131.59744680851063,84.72712328767123,0.6438356164383562,0,0.717166300052816,0,0.42815126050420166,0.47056074766355144,0.45460921843687374,0.4381642512077295,1
19.971592356687896,60.298846153846156,3.019230769230769,0,-0.28171351090952684,0,0.42815126050420166,0.4191256830601093,0.4222753346080306,0.44782608695652176,0
49.977222222222224,233.22703703703704,4.666666666666667,0,-0.22421191062525403,0,0.44116766467065865,0.43273809523809526,0.43936605316973415,0.4953757225433526,0
177.8495744680851,98.34035294117648,0.5529411764705883,1,1.3671100731652939,0,0.419634703196347,0.37540983606557377,0.42504725897920603,0.40918918918918923,0
20.54088028169014,121.53354166666666,5.916666666666667,1,0.1298593955400744,0,0.419634703196347,0.37540983606557377,0.42504725897920603,0.40918918918918923,0
4.448185483870968,50.14318181818182,11.272727272727273,0,-1.282105936774224,1,0.44116766467065865,0.40481283422459896,0.43936605316973415,0.4953757225433526,1
47.99776119402985,76.56785714285714,1.5952380952380953,1,-0.47609130362993635,0,0.419634703196347,0.37540983606557377,0.43936605316973415,0.39441624365482236,0
34.4230412371134,104.34484375,3.03125,0,0.6194461549988547,0,0.4251063829787234,0.41285714285714287,0.4222753346080306,0.41350000000000003,0
99.1391935483871,79.82636363636364,0.8051948051948052,0,0.7937563044354337,0,0.4771641791044776,0.5011428571428571,0.43936605316973415,0.47803468208092487,0
24.19549019607843,159.22193548387096,6.580645161290323,0,-0.3904167034124799,1,0.4251063829787234,0.41285714285714287,0.4222753346080306,0.41350000000000003,1
253.54695652173913,132.5359090909091,0.5227272727272727,0,0.045839444537079346,0,0.44116766467065865,0.45191256830601095,0.45460921843687374,0.4108247422680413,0
13.64953642384106,42.06285714285714,3.0816326530612246,0,-0.5416619808811706,0,0.44116766467065865,0.40481283422459896,0.42504725897920603,0.42114285714285715,0
231.19080000000002,231.19080000000002,1.0,1,-0.3609950034118006,0,0.419634703196347,0.4452127659574468,0.43936605316973415,0.39441624365482236,0
4.295121951219512,14.851807228915662,3.4578313253012047,0,0.017294586084928287,0,0.42815126050420166,0.47056074766355144,0.45460921843687374,0.4381642512077295,1
65.91583333333334,102.06322580645161,1.5483870967741935,1,-0.7156457304771828,0,0.4771641791044776,0.4591623036649215,0.43936605316973415,0.47803468208092487,0
40.85278409090909,152.98063829787233,3.74468085106383,1,0.357924187668758,0,0.4771641791044776,0.4591623036649215,0.45460921843687374,0.49812500000000004,0
38.0042,304.0336,8.0,0,-0.026744684934262852,0,0.44116766467065865,0.40481283422459896,0.43936605316973415,0.4953757225433526,1
14.73537142857143,35.81513888888889,2.4305555555555554,1,0.03431559850875876,0,0.4771641791044776,0.4591623036649215,0.43936605316973415,0.47803468208092487,0
195.9109090909091,205.24,1.0476190476190477,0,-0.7144055832371267,1,0.4771641791044776,0.5011428571428571,0.45460921843687374,0.49812500000000004,1
54.14382716049382,146.18833333333333,2.7,1,0.9200030309675002,0,0.419634703196347,0.4452127659574468,0.4222753346080306,0.41345029239766085,1
98.34640449438203,108.05962962962963,1.0987654320987654,0,1.355761534351183,0,0.44116766467065865,0.40481283422459896,0.4222753346080306,0.439247311827957,0
36.57409302325581,271.15275862068967,7.413793103448276,1,0.10510004105404708,0,0.42025495750708214,0.41073446327683616,0.42504725897920603,0.4277777777777778,0
85.21161616161616,100.4279761904762,1.1785714285714286,0,1.360334956625299,0,0.42025495750708214,0.4223809523809524,0.4222753346080306,0.39365853658536587,0
15.648795811518324,56.39471698113208,3.6037735849056602,0,-0.2877132037761096,0,0.4251063829787234,0.41285714285714287,0.42504725897920603,0.42169312169312173,1
23.31753488372093,147.44911764705884,6.323529411764706,1,-0.31347655549567116,1,0.42025495750708214,0.438860103626943,0.42504725897920603,0.4277777777777778,1
55.43168831168831,118.56222222222222,2.138888888888889,0,-0.40840023924317276,0,0.42025495750708214,0.41236559139784945,0.43936605316973415,0.4317919075144509,0
43.8551030927835,500.4641176470588,11.411764705882353,1,-0.02755388868699027,0,0.4771641791044776,0.44292929292929295,0.42504725897920603,0.485,1
6.572692307692307,9.321272727272726,1.4181818181818182,0,-0.7003955878232607,0,0.42025495750708214,0.4223809523809524,0.42504725897920603,0.4277777777777778,1
7.366545454545455,11.74376811594203,1.5942028985507246,0,-0.3529973541542414,0,0.42025495750708214,0.41236559139784945,0.43936605316973415,0.4317919075144509,1
25.853396226415093,89.8511475409836,3.4754098360655736,0,0.3369784125258743,0,0.42815126050420166,0.47056074766355144,0.42504725897920603,0.3806282722513089,1
22.741435185185182,102.33645833333333,4.5,0,-0.03927100497408045,0,0.42815126050420166,0.4191256830601093,0.43936605316973415,0.44792899408284026,1
20.36752100840336,173.1239285714286,8.5,1,-0.46937952948533007,0,0.4771641791044776,0.49819277108433735,0.4222753346080306,0.43333333333333335,0
159.05532258064517,469.5919047619048,2.9523809523809526,0,0.3045304683660618,0,0.42815126050420166,0.4191256830601093,0.42504725897920603,0.3806282722513089,1
86.9425,42.87575342465753,0.4931506849315068,1,0.1564053954765781,0,0.42025495750708214,0.438860103626943,0.45460921843687374,0.43526315789473685,0
11.643676470588234,263.92333333333335,22.666666666666668,1,-1.3204598100090745,0,0.42025495750708214,0.41073446327683616,0.4222753346080306,0.39365853658536587,0
20.130073529411764,456.2816666666667,22.666666666666668,0,-0.6887184997779761,0,0.419634703196347,0.3769230769230769,0.45460921843687374,0.4737804878048781,0
41.484111675126904,127.69328125,3.078125,0,0.893719110404734,0,0.44116766467065865,0.40481283422459896,0.42504725897920603,0.42114285714285715,1
71.783125,106.34537037037036,1.4814814814814814,0,0.23863506977063964,0,0.42815126050420166,0.4191256830601093,0.42504725897920603,0.3806282722513089,0
237.59428571428572,84.21063291139241,0.35443037974683544,0,0.9284561488489248,0,0.44116766467065865,0.45191256830601095,0.45460921843687374,0.4108247422680413,0
19.523945945945947,144.47719999999998,7.4,0,-0.7588936072042664,0,0.4251063829787234,0.4875,0.43936605316973415,0.3974093264248705,0
86.61243902439024,273.1623076923077,3.1538461538461537,0,-0.09735260928238848,0,0.4251063829787234,0.41850000000000004,0.43936605316973415,0.3974093264248705,0
44.624545454545455,401.6209090909091,9.0,0,-0.9037395287952839,1,0.44116766467065865,0.45191256830601095,0.45460921843687374,0.4108247422680413,1
57.459375,22.7,0.3950617283950617,0,0.08669985385834189,0,0.42815126050420166,0.47056074766355144,0.4222753346080306,0.44782608695652176,0
21.64537162162162,116.49145454545454,5.381818181818182,1,0.38149127386863435,0,0.4771641791044776,0.4591623036649215,0.43936605316973415,0.47803468208092487,0
17.599009900990097,32.31818181818182,1.8363636363636364,1,-0.46824095877553384,0,0.419634703196347,0.4452127659574468,0.42504725897920603,0.40918918918918923,0
16.171022727272728,16.741764705882353,1.035294117647059,0,0.09405626473289719,0,0.44116766467065865,0.43273809523809526,0.43936605316973415,0.4953757225433526,0
21.485,64.80721311475409,3.0163934426229506,1,0.05657868789597817,0,0.4771641791044776,0.4591623036649215,0.42504725897920603,0.485,1
61.45768115942029,100.96619047619048,1.6428571428571428,1,-0.28800609611265954,1,0.42815126050420166,0.42923076923076925,0.4222753346080306,0.44782608695652176,1
91.155,56.09538461538462,0.6153846153846154,0,-1.1332391443438738,0,0.419634703196347,0.3769230769230769,0.43936605316973415,0.39441624365482236,0
58.866341463414635,144.8112,2.46,1,0.429923274246126,0,0.419634703196347,0.4452127659574468,0.4222753346080306,0.41345029239766085,1
103.76010752688173,110.91597701149426,1.0689655172413792,0,1.6458477290990712,0,0.44116766467065865,0.45191256830601095,0.43936605316973415,0.4953757225433526,0
204.49125,204.49125,1.0,1,-0.0743920843327339,0,0.4251063829787234,0.3842105263157895,0.43936605316973415,0.3974093264248705,0
22.023611111111112,110.11805555555556,5.0,1,-0.4641964218797472,0,0.4251063829787234,0.3842105263157895,0.42504725897920603,0.42169312169312173,0
15.704402985074626,32.37523076923077,2.0615384615384613,1,-0.1991231891821576,0,0.419634703196347,0.4452127659574468,0.4222753346080306,0.41345029239766085,0
18.49038062283737,82.21107692307693,4.446153846153846,1,0.39544323833234896,0,0.4771641791044776,0.44292929292929295,0.4222753346080306,0.43333333333333335,0
138.7873469387755,151.124,1.0888888888888888,0,0.24460746532231153,0,0.4251063829787234,0.41850000000000004,0.43936605316973415,0.3974093264248705,0
26.094653846153847,141.34604166666665,5.416666666666667,0,0.30441174820753825,0,0.44116766467065865,0.47210526315789475,0.45460921843687374,0.4108247422680413,0
20.076936936936935,79.59071428571428,3.9642857142857144,0,0.044497370554293925,0,0.42025495750708214,0.41236559139784945,0.4222753346080306,0.39365853658536587,0
18.82969879518072,130.23875,6.916666666666667,1,-0.8690455650369733,0,0.4771641791044776,0.49819277108433735,0.4222753346080306,0.43333333333333335,0
7.382723880597014,34.71175438596491,4.701754385964913,1,-0.38951166580517244,0,0.42815126050420166,0.38846153846153847,0.45460921843687374,0.4381642512077295,0
217.8409090909091,191.7,0.88,0,0.8602361214466612,0,0.44116766467065865,0.47210526315789475,0.43936605316973415,0.4953757225433526,0
23.43857142857143,14.915454545454546,0.6363636363636364,0,-0.6439221200328029,0,0.4771641791044776,0.5011428571428571,0.45460921843687374,0.49812500000000004,0
32.48857707509882,104.04569620253166,3.2025316455696204,0,1.216067400225724,0,0.4251063829787234,0.4875,0.4222753346080306,0.41350000000000003,0
9.170516431924883,130.22133333333332,14.2,1,-1.2724434052879843,0,0.419634703196347,0.4452127659574468,0.42504725897920603,0.40918918918918923,0
99.7898780487805,120.33485294117648,1.2058823529411764,0,0.9792753423665376,0,0.4251063829787234,0.4875,0.4222753346080306,0.41350000000000003,0
50.15581632653062,468.1209523809524,9.333333333333334,1,0.2988607289613322,0,0.42815126050420166,0.42923076923076925,0.43936605316973415,0.44792899408284026,1
31.486827586206896,71.33734375,2.265625,1,0.23170866397575904,0,0.42815126050420166,0.38846153846153847,0.45460921843687374,0.4381642512077295,0
32.204417808219176,303.34483870967745,9.419354838709678,0,0.4296324519726113,0,0.44116766467065865,0.40481283422459896,0.45460921843687374,0.4108247422680413,0
158.04708333333335,90.31261904761905,0.5714285714285714,0,1.2043776605811165,0,0.419634703196347,0.3769230769230769,0.4222753346080306,0.41345029239766085,0
23.804285714285715,27.77166666666667,1.1666666666666667,1,-0.22803677869122846,0,0.42025495750708214,0.438860103626943,0.45460921843687374,0.43526315789473685,1
15.532833333333333,75.56513513513514,4.864864864864865,0,-0.6577288484659947,1,0.4771641791044776,0.5011428571428571,0.43936605316973415,0.47803468208092487,1
16.96411149825784,162.29,9.566666666666666,1,-0.423659169326448,1,0.4771641791044776,0.4591623036649215,0.4222753346080306,0.43333333333333335,1
453.9766666666667,510.72375,1.125,0,-0.11019411976751403,0,0.44116766467065865,0.45191256830601095,0.4222753346080306,0.439247311827957,1
35.92863309352518,146.88470588235293,4.088235294117647,0,1.3106476578053519,0,0.419634703196347,0.3769230769230769,0.43936605316973415,0.39441624365482236,1
36.77906542056075,262.3573333333333,7.133333333333334,0,0.1273499303105446,0,0.4771641791044776,0.5011428571428571,0.45460921843687374,0.49812500000000004,1
3.467378277153558,46.2895,13.35,1,-1.3564833514251897,1,0.42815126050420166,0.38846153846153847,0.42504725897920603,0.3806282722513089,1
26.5394923857868,163.38375,6.15625,0,-0.3158359821170543,0,0.44116766467065865,0.43273809523809526,0.45460921843687374,0.4108247422680413,0
33.0256880733945,59.99666666666667,1.8166666666666667,1,-0.029205688085905845,0,0.42815126050420166,0.38846153846153847,0.42504725897920603,0.3806282722513089,0
105.44518518518518,32.724367816091956,0.3103448275862069,0,0.39724409826797097,0,0.4251063829787234,0.4875,0.45460921843687374,0.4737704918032787,1
21.40774193548387,100.55151515151515,4.696969696969697,0,-0.6455119019394371,1,0.419634703196347,0.48418079096045197,0.42504725897920603,0.40918918918918923,1
12.056451612903226,38.22443181818182,3.1704545454545454,0,0.5129997189050288,0,0.4251063829787234,0.41285714285714287,0.4222753346080306,0.41350000000000003,1
356.03038461538466,120.21805194805196,0.33766233766233766,1,1.3646140806417844,0,0.42025495750708214,0.438860103626943,0.4222753346080306,0.39365853658536587,0
44.80652482269504,161.99282051282051,3.6153846153846154,0,0.030509361010101627,0,0.42815126050420166,0.47056074766355144,0.42504725897920603,0.3806282722513089,0
56.682142857142864,222.19400000000002,3.92,0,-0.40227819495960915,0,0.44116766467065865,0.43273809523809526,0.4222753346080306,0.439247311827957,0
28.838787878787876,29.282461538461536,1.0153846153846153,0,-0.23602146411038089,0,0.44116766467065865,0.40481283422459896,0.45460921843687374,0.4108247422680413,1
8.789629629629628,65.92222222222222,7.5,0,-0.7562274636374426,0,0.4771641791044776,0.5011428571428571,0.4222753346080306,0.43333333333333335,0
62.733636363636364,263.8502941176471,4.205882352941177,0,0.4129328798469803,0,0.42815126050420166,0.4191256830601093,0.45460921843687374,0.4381642512077295,0
10.637177033492824,123.50944444444445,11.61111111111111,0,-1.1601779726241932,1,0.4251063829787234,0.41285714285714287,0.4222753346080306,0.41350000000000003,1
43.47322404371585,106.07466666666667,2.44,1,1.0839620387581417,0,0.4771641791044776,0.4591623036649215,0.45460921843687374,0.49812500000000004,0
30.88800925925926,104.24703125,3.375,1,0.6182971563367115,0,0.42025495750708214,0.438860103626943,0.43936605316973415,0.4317919075144509,0
31.4521768707483,256.8594444444445,8.166666666666666,0,0.5054207893851158,0,0.4251063829787234,0.41850000000000004,0.4222753346080306,0.41350000000000003,1
39.92248366013072,87.25914285714286,2.1857142857142855,0,0.6403087478864808,0,0.44116766467065865,0.40481283422459896,0.4222753346080306,0.439247311827957,1
32.514845814977974,113.55184615384616,3.4923076923076923,1,0.7693542007261701,0,0.4771641791044776,0.49819277108433735,0.42504725897920603,0.485,0
135.88125,197.64545454545453,1.4545454545454546,1,0.5716660175852432,0,0.42025495750708214,0.41073446327683616,0.43936605316973415,0.4317919075144509,0
50.58841530054645,136.14235294117648,2.6911764705882355,0,1.1765708937921775,0,0.42025495750708214,0.4223809523809524,0.45460921843687374,0.43526315789473685,0
27.97307692307692,159.09687499999998,5.6875,1,0.4608003776153047,0,0.4771641791044776,0.44292929292929295,0.45460921843687374,0.49812500000000004,1
199.43956521739128,60.35671052631579,0.3026315789473684,0,0.48660063349542665,0,0.4251063829787234,0.41285714285714287,0.4222753346080306,0.41350000000000003,0
39.931869158878506,87.19816326530612,2.183673469387755,1,-0.13572589283706646,0,0.4771641791044776,0.4591623036649215,0.4222753346080306,0.43333333333333335,1
64.63954545454546,112.26868421052632,1.736842105263158,0,-0.3669491616532129,0,0.42025495750708214,0.4223809523809524,0.45460921843687374,0.43526315789473685,0
83.9931884057971,144.88825,1.725,0,-0.04442474520171717,0,0.42025495750708214,0.41236559139784945,0.43936605316973415,0.4317919075144509,0
59.68221374045802,390.9185,6.55,0,-0.09137708964947144,0,0.44116766467065865,0.43273809523809526,0.4222753346080306,0.439247311827957,1
55.072897727272725,125.88090909090909,2.2857142857142856,1,1.4446475273895454,0,0.42815126050420166,0.38846153846153847,0.43936605316973415,0.44792899408284026,0
65.13967032967032,148.19275,2.275,1,-0.020163620095949103,0,0.42025495750708214,0.438860103626943,0.45460921843687374,0.43526315789473685,1
131.45216216216215,113.10999999999999,0.8604651162790697,0,1.6392102721431987,0,0.42025495750708214,0.41236559139784945,0.4222753346080306,0.39365853658536587,0
119.04123456790124,209.61608695652174,1.7608695652173914,1,0.7871133031228115,0,0.42815126050420166,0.42923076923076925,0.45460921843687374,0.4381642512077295,0
3.8714018691588787,12.945,3.34375,0,-0.45422334725148156,0,0.4771641791044776,0.5011428571428571,0.4222753346080306,0.43333333333333335,1
42.73919047619047,236.19026315789472,5.526315789473684,1,0.4973731514468297,0,0.4771641791044776,0.4591623036649215,0.42504725897920603,0.485,1
29.76158227848101,65.31013888888889,2.1944444444444446,1,0.4241014641435989,0,0.42815126050420166,0.38846153846153847,0.42504725897920603,0.3806282722513089,0
53.0603125,115.11389830508475,2.169491525423729,1,0.5357469801521045,0,0.419634703196347,0.4452127659574468,0.42504725897920603,0.40918918918918923,0
58.81275362318841,135.26933333333332,2.3,1,-0.5724453187684033,1,0.42815126050420166,0.42923076923076925,0.4222753346080306,0.44782608695652176,1
22.357591240875912,226.88814814814813,10.148148148148149,0,-0.2556258277220327,0,0.44116766467065865,0.45191256830601095,0.4222753346080306,0.439247311827957,0
33.00230158730159,58.567464788732394,1.7746478873239437,1,0.30333319918335666,0,0.42025495750708214,0.438860103626943,0.45460921843687374,0.43526315789473685,1
35.15981343283582,200.48574468085107,5.702127659574468,1,0.7677349341406331,0,0.4771641791044776,0.49819277108433735,0.45460921843687374,0.49812500000000004,1
32.17130434782609,9.366329113924051,0.2911392405063291,0,-0.15679694854004855,0,0.4251063829787234,0.4875,0.43936605316973415,0.3974093264248705,0
34.410606060606064,55.84672131147541,1.6229508196721312,0,-0.04374578155145509,0,0.4251063829787234,0.4875,0.45460921843687374,0.4737704918032787,1
2.601948529411765,16.458837209302327,6.325581395348837,0,-0.915535140370563,1,0.44116766467065865,0.43273809523809526,0.45460921843687374,0.4108247422680413,1
34.378478260869564,225.91571428571427,6.571428571428571,1,-0.6347116967968679,1,0.4251063829787234,0.3842105263157895,0.42504725897920603,0.42169312169312173,1
42.49149700598802,85.49493975903614,2.0120481927710845,0,1.0934951892219988,0,0.42025495750708214,0.41236559139784945,0.4222753346080306,0.39365853658536587,1
18.677155963302752,66.74786885245902,3.5737704918032787,1,0.07830687665389024,0,0.42815126050420166,0.42923076923076925,0.42504725897920603,0.3806282722513089,0
24.09829268292683,133.00403846153847,5.519230769230769,0,0.41221376896355477,0,0.4251063829787234,0.41850000000000004,0.45460921843687374,0.4737704918032787,0
29.5529,422.1842857142857,14.285714285714286,0,-0.5670155555667805,0,0.4251063829787234,0.41850000000000004,0.42504725897920603,0.42169312169312173,1
10.22768115942029,23.922372881355933,2.3389830508474576,0,-0.45178616712103503,0,0.419634703196347,0.48418079096045197,0.43936605316973415,0.39441624365482236,0
26.479306569343066,154.36872340425532,5.829787234042553,0,0.369898736026303,0,0.44116766467065865,0.47210526315789475,0.43936605316973415,0.4953757225433526,1
230.36935483870968,510.1035714285714,2.2142857142857144,1,-0.34109415248812525,0,0.42025495750708214,0.438860103626943,0.45460921843687374,0.43526315789473685,1
30.39607142857143,119.68453125,3.9375,1,0.7996407151542239,0,0.4771641791044776,0.49819277108433735,0.42504725897920603,0.485,0
15.65207920792079,35.13022222222222,2.2444444444444445,1,-0.7134518472596175,0,0.419634703196347,0.37540983606557377,0.43936605316973415,0.39441624365482236,0
10.642203389830508,38.053939393939395,3.5757575757575757,1,-0.10347688059373006,0,0.4251063829787234,0.3842105263157895,0.45460921843687374,0.4737704918032787,1
9.264947735191637,42.206984126984125,4.555555555555555,0,-0.1391430142683383,0,0.419634703196347,0.3769230769230769,0.42504725897920603,0.40918918918918923,1
58.23535433070867,136.96092592592592,2.3518518518518516,0,0.5420808442437817,0,0.4251063829787234,0.41285714285714287,0.45460921843687374,0.4737704918032787,0
10.47566037735849,30.42246575342466,2.904109589041096,0,-0.010454539630114446,0,0.44116766467065865,0.40481283422459896,0.42504725897920603,0.42114285714285715,0
13.070562770562772,40.80135135135136,3.1216216216216215,0,0.15701152718675881,0,0.419634703196347,0.3769230769230769,0.45460921843687374,0.4737804878048781,1
34.3744776119403,153.53933333333333,4.466666666666667,0,1.0009578791983222,0,0.4251063829787234,0.4875,0.45460921843687374,0.4737704918032787,1
34.50324324324324,63.04296296296296,1.8271604938271604,1,0.6864881682638992,0,0.42815126050420166,0.38846153846153847,0.42504725897920603,0.3806282722513089,0
26.948627450980393,56.09714285714286,2.0816326530612246,0,-0.41544099046859273,0,0.4251063829787234,0.4875,0.43936605316973415,0.3974093264248705,1
29.961635514018692,118.73685185185185,3.962962962962963,0,0.36145311526370677,0,0.44116766467065865,0.47210526315789475,0.42504725897920603,0.42114285714285715,0
47.237158469945356,109.42278481012657,2.3164556962025316,0,1.2940359532116457,0,0.44116766467065865,0.43273809523809526,0.4222753346080306,0.439247311827957,0
98.40716216216217,220.67060606060608,2.242424242424242,1,0.08205203844872277,0,0.4771641791044776,0.4591623036649215,0.45460921843687374,0.49812500000000004,1
35.28327160493827,132.92767441860465,3.7674418604651163,0,0.0036931567220612888,0,0.4251063829787234,0.41850000000000004,0.43936605316973415,0.3974093264248705,0
26.50412213740458,84.6839024390244,3.1951219512195124,0,1.044684342074325,0,0.4251063829787234,0.41285714285714287,0.45460921843687374,0.4737704918032787,0
42.945929203539826,255.41526315789474,5.947368421052632,1,0.6314627636878559,0,0.42025495750708214,0.438860103626943,0.45460921843687374,0.43526315789473685,1
98.54823529411765,122.58439024390243,1.2439024390243902,1,-0.16476448864053608,0,0.4251063829787234,0.3842105263157895,0.4222753346080306,0.41350000000000003,0
13.233915662650602,137.301875,10.375,0,-1.2068362534162307,1,0.4251063829787234,0.41850000000000004,0.45460921843687374,0.4737704918032787,1
25.92007462686567,144.72041666666667,5.583333333333333,0,-0.8052522782934362,0,0.44116766467065865,0.40481283422459896,0.4222753346080306,0.439247311827957,0
23.0829012345679,46.1658024691358,2.0,0,0.43557145563082206,0,0.4771641791044776,0.5011428571428571,0.45460921843687374,0.49812500000000004,1
141.2141379310345,240.89470588235295,1.7058823529411764,1,0.2696769747645104,0,0.4251063829787234,0.3842105263157895,0.4222753346080306,0.41350000000000003,1
7.614043715846994,22.473709677419354,2.9516129032258065,0,-0.3923636601491084,0,0.4771641791044776,0.5011428571428571,0.4222753346080306,0.43333333333333335,0
31.594285714285714,30.504827586206897,0.9655172413793104,0,-1.1758297310512842,1,0.4251063829787234,0.41285714285714287,0.4222753346080306,0.41350000000000003,1
20.60411214953271,32.421176470588236,1.5735294117647058,0,-0.11798717714129192,0,0.4251063829787234,0.41285714285714287,0.43936605316973415,0.3974093264248705,0
39.80867647058823,67.67474999999999,1.7,1,-0.6113142544630934,1,0.42025495750708214,0.438860103626943,0.45460921843687374,0.43526315789473685,0
91.90708333333333,294.10266666666666,3.2,1,-0.821246681445489,0,0.42025495750708214,0.41073446327683616,0.45460921843687374,0.43526315789473685,0
523.1382352941176,123.51875000000001,0.2361111111111111,1,1.193346891142962,0,0.4771641791044776,0.44292929292929295,0.42504725897920603,0.485,0
33.6284076433121,188.55928571428572,5.607142857142857,1,-0.39005273526939827,1,0.42815126050420166,0.42923076923076925,0.4222753346080306,0.44782608695652176,1
2.418675958188153,24.791428571428572,10.25,0,-1.2317034325950087,0,0.42025495750708214,0.41236559139784945,0.42504725897920603,0.4277777777777778,0
13.399391634980988,135.54,10.115384615384615,0,-0.7541136369034882,1,0.42815126050420166,0.47056074766355144,0.42504725897920603,0.3806282722513089,1
238.7682857142857,103.17148148148148,0.43209876543209874,0,1.283088286701177,0,0.4251063829787234,0.41285714285714287,0.45460921843687374,0.4737704918032787,0
42.479345238095235,96.4395945945946,2.27027027027027,1,0.9127130865695792,0,0.42025495750708214,0.41073446327683616,0.43936605316973415,0.4317919075144509,1
51.291891891891886,65.44137931034483,1.2758620689655173,1,0.9196860810078402,0,0.42025495750708214,0.438860103626943,0.4222753346080306,0.39365853658536587,0
435.9336363636364,154.68612903225807,0.3548387096774194,0,-0.41622512224378594,0,0.44116766467065865,0.40481283422459896,0.4222753346080306,0.439247311827957,0
24.349955156950674,63.882823529411766,2.623529411764706,1,0.8295237007108162,0,0.419634703196347,0.4452127659574468,0.43936605316973415,0.39441624365482236,0
34.194170616113745,86.92734939759036,2.5421686746987953,0,1.1153169864971144,0,0.42815126050420166,0.47056074766355144,0.42504725897920603,0.3806282722513089,1
19.542782608695653,38.09186440677966,1.9491525423728813,0,-0.29834161735237075,0,0.4251063829787234,0.4875,0.45460921843687374,0.4737704918032787,1
113.84642857142856,59.03148148148148,0.5185185185185185,0,-1.0874806690414784,0,0.419634703196347,0.3769230769230769,0.4222753346080306,0.41345029239766085,0
11.810409356725145,26.927733333333332,2.28,0,-0.005571353966483783,0,0.419634703196347,0.3769230769230769,0.42504725897920603,0.40918918918918923,0
90.64687500000001,79.11,0.8727272727272727,0,0.004124138182775017,0,0.44116766467065865,0.47210526315789475,0.45460921843687374,0.4108247422680413,0
21.264954836324105,156.045078845498,7.349416481550797,0,-0.5687560273238513,1,0.44997779651899916,0.4571918493058491,0.4235995241565349,0.43067936171733207,1
29.028190283115016,205.29077952772346,7.075715280012743,0,0.40891320492673494,0,0.42141959883292474,0.48317983450075314,0.42495553297408273,0.41323265707724455,1
48.69414719033344,123.97797235171437,2.546197819867008,0,1.074559386512585,0,0.4241345976141328,0.45514684131385524,0.4389895623324427,0.42456164037373495,1
8.74073797263321,160.9286607030086,18.870551573035176,0,-1.1777778987576935,1,0.4354881411341606,0.47143133570524126,0.4319087602733596,0.4746281127569841,1
285.8016063526502,194.1617127423495,0.6797090934801095,1,0.31481684548308725,0,0.43101925438690536,0.4479732504501089,0.43936605316973415,0.4109635592301756,1
22.15756144018738,146.75972831972433,6.623547327316258,0,-0.5580741412875864,1,0.42151261324609957,0.42283505696528023,0.4389883597190115,0.43182597199421313,1
69.05118918022401,145.30461546509687,2.1092643070588353,0,0.7675250461890896,0,0.422676984725187,0.4377325319953881,0.4317778602423601,0.40453143449209517,1
127.39760813792654,34.10402934038378,0.26811825515897947,0,-0.3070890567100264,0,0.4256032310093157,0.4550137835358562,0.4222753346080306,0.4303469557654094,1
164.74377937594215,63.7233803121559,0.386899987387806,0,0.9426319048723962,0,0.4402600367988741,0.43300379519752924,0.4223956382969829,0.43874952506611414,1
30.18819420824968,56.89001511717285,1.8848868172271585,1,0.13271596994287643,0,0.4728756896853305,0.4937216588557973,0.4248383759897222,0.4781168115045699,1
32.422416819799395,123.07706359354823,3.7961203201907368,0,1.3769718747605744,0,0.4196848720226161,0.4425559457380768,0.44059898568925593,0.3977201170961918,1
19.33200145726401,100.88682623752722,5.241507167105485,1,-0.026089681163146,0,0.44055104701452846,0.43269636104246334,0.43045548930963423,0.46055121741706756,1
45.63660994793977,207.27353240223087,4.561225764628216,0,0.5219308917129144,0,0.42266008356858437,0.41750253697258516,0.4340515030091839,0.43094138205468946,1
25.77852750243671,98.5021385846144,3.823143885135586,0,0.3257649507659742,0,0.4744487983413521,0.4959827749097879,0.4235645652221714,0.43801347286375836,1
76.82067727700827,124.370324286472,1.6197761694705106,1,1.0514783585465175,0,0.4771641791044776,0.45211493581964124,0.4274272635400044,0.4838422566736957,1
42.63755105244738,126.1171458945695,2.959603125782281,0,0.9611376169890373,0,0.4247890228635221,0.4185720243790675,0.42928561507343344,0.39738032630290665,1
30.81974092876739,102.30059062732651,3.319534965886248,0,1.4548017550995604,0,0.4364377144339008,0.4623928515234524,0.4450870853714701,0.4116125894763385,1
34.2699967702544,107.57762416054665,3.1392386565536343,0,1.58830295423397,0,0.44110071121073735,0.432966377081725,0.4544859857144978,0.4108700484659029,1
42.57847925665365,237.09755610908041,5.568852623738412,1,0.11083669511933736,0,0.45972843640743694,0.454934548303503,0.42504725897920603,0.46202364274859464,1
12.860130085089267,59.70712349636627,4.653563304757805,0,-0.5520038809220663,0,0.45499759143940044,0.48326155994576353,0.4327997677987408,0.47153892298572087,1
33.67628773977225,463.42064040096454,13.906955770450942,0,0.025804288619017846,0,0.4215303938392318,0.432118374386257,0.4356016522838652,0.4291369438501809,1
148.46732275944993,236.93208157785185,1.5963488718894985,0,-0.04945484818988882,0,0.42066609475251965,0.41914617449528946,0.42481235042352733,0.42656779810049783,1
63.686717115914576,66.7086450421084,1.047351715529468,0,0.2612004612620875,0,0.4196603182061753,0.4442698670222247,0.42361064616931615,0.41435111123022655,1
574.412846247092,592.6522962805091,1.0411101118236792,0,0.007136635179582903,0,0.4251063829787234,0.4165158774005713,0.4248868646308002,0.42121903573715447,1
52.765388674725884,148.28409852304176,2.8121623553398054,0,0.9723759086753111,0,0.4326724419804536,0.44926935023313647,0.4326233921432655,0.46305435449052956,1
16.547078011062457,52.52725707259219,3.1766947435892385,0,0.04855107664962657,0,0.4224875158519348,0.41874316373525294,0.4247513392382675,0.4290022201110926,1
57.9444889907067,77.79666950244477,1.3426096706386839,0,0.1435874479248373,0,0.4218833872952509,0.4551865743952409,0.42504725897920603,0.4257354017221349,1
93.79517286748636,170.65900551181213,1.8283881089944898,0,0.7129546417531907,0,0.42417794887910243,0.41144523168803443,0.42504725897920603,0.41957145562753784,1
150.10647257484422,25.588558802115692,0.1712490591004595,0,-0.2893644412187062,0,0.4276403143038414,0.43346275435328213,0.4441693640221156,0.4302765505504802,1
7.323763843757142,25.483643616588534,3.488341809674708,0,-0.13854858908879047,0,0.4262886126549879,0.4033851009620053,0.423351585204169,0.4007369473880607,1
40.55011247567904,93.36105290997875,2.3115540093930242,0,0.3257359130491948,0,0.4197769862762305,0.47378446341440816,0.4354455321313573,0.39424242963430556,1
50.12169788643174,512.7907800335679,10.263355731538782,0,-0.3653786402986007,0,0.4218995787746369,0.48055870490815117,0.42504725897920603,0.40159375820365334,1
30.396717126625408,143.04762512000343,4.708959636125933,0,0.10347813592246455,0,0.4458128253235062,0.48158086081544976,0.4232741839594636,0.4612215241913263,1
33.49687354101394,299.4652376122821,8.986733516194317,0,-0.4392537029170267,0,0.4292815109518056,0.3895660934311658,0.43936605316973415,0.4228756776601963,1
42.86161778572889,76.1039422921935,1.7783190523289616,0,-0.6793094694452289,0,0.43238601189393255,0.4500227989620813,0.44627487830376433,0.40348974086219014,1
27.605671650750374,114.98915659773334,4.166076229181654,0,0.7431271873444013,0,0.42520478109197163,0.41852021954318064,0.43985865055326334,0.39872636058163086,1
48.45603385846215,125.62403885542214,2.5956636086790597,0,0.12290323853318014,0,0.42116547952237005,0.4562127591108535,0.45460921843687374,0.47377769128841296,1
22.193011557326134,101.6024777005947,4.580995263202097,0,-0.2885613362738177,0,0.42464919490051867,0.44587678065579545,0.43347806876380335,0.43199892594529377,1
22.05007080916557,53.01029771453637,2.412262886788431,0,-0.13823002413998736,0,0.4247683296387349,0.40176095659118244,0.42504725897920603,0.39197318592506264,1
268.5283348185371,85.09040204760159,0.31803434899747296,0,1.0397400658196492,0,0.42362378952429297,0.4571283134311934,0.4222753346080306,0.41348653134525515,1
33.130037840139245,190.42435929126063,5.747780247912938,0,0.4095105500130693,0,0.42437763662172334,0.40786971861281557,0.4245515640998349,0.410958327521428,1
32.211777838673676,232.8342217605532,7.228774301430326,1,0.38666118325871773,0,0.42025495750708214,0.41287764774798386,0.42483603728990227,0.4251778786472806,1
271.6766088243922,525.485989052577,1.9343244695477437,0,-0.15172817269847105,0,0.4279701872011649,0.38991230048087305,0.4222753346080306,0.4457847772836255,1
745.5859861046056,353.26527121389665,0.46181636905242895,1,0.3531028774268503,0,0.4251063829787234,0.3842105263157895,0.43574689349950524,0.43861104091435277,1
84.5044654518765,33.49444008646614,0.3959038206272022,0,0.3801798376348625,0,0.42025495750708214,0.411682413971126,0.4422275648248655,0.4321280009070846,1
27.486445317495058,71.19806983817028,2.59137201967694,0,-1.0098704996144747,1,0.4729566885177527,0.455875836072413,0.42249937109376,0.4323925312912076,1
7.496592801989877,100.04843464153797,13.609500118607354,0,-1.4669183823234841,1,0.4203394348577121,0.47879758356647223,0.45460921843687374,0.4708333004988604,1
5.895337645945695,13.859308859529822,2.3509165504791745,0,-0.29039084087794786,0,0.427100840980823,0.4722406235654175,0.45062120525117616,0.43511606825120447,1
42.378102538071744,68.9336796238964,1.6319014477822775,0,-0.7574683072320056,0,0.42815126050420166,0.4236569262480204,0.4329453322041558,0.41775053422704356,1
23.714789209387416,89.7643922065185,3.785795499125896,0,-0.19588192072900867,0,0.47123072024427165,0.4930280188568744,0.43936605316973415,0.48089307967289596,1
491.4782975907565,697.6921060847259,1.4897544343739866,1,-0.11922199394289645,0,0.4251063829787234,0.3842105263157895,0.45460921843687374,0.4737704918032787,1
163.83151546828358,107.33277225513142,0.6550174793070088,0,1.4724805221769879,0,0.4691586365009043,0.4620407882978662,0.44275609831379253,0.4630873449562466,1
31.72817215704962,84.1795425738731,2.6614900885947366,0,1.2189066614089799,0,0.4475924449447735,0.45416395083966227,0.4236068841451395,0.4375362428436463,1
31.53401331563862,161.97591547259938,5.1375477910416745,1,0.029642462327313386,0,0.42887243410522186,0.4294323286144267,0.4543849312754357,0.4387509027075422,1
7.155998580204804,25.978837118216095,3.6310053012924612,0,0.05401168337227438,0,0.44116766467065865,0.43273809523809526,0.4451087475510701,0.46352207332718864,1
5.680442479646467,17.82316172397264,3.139448285920737,0,0.007081828112959321,0,0.4314108505637644,0.465890838886485,0.43037244076482567,0.43856014731646115,1
25.533705001281707,93.77053776608528,3.672928951468889,0,0.71250755473771,0,0.42001120410727955,0.44058820710226343,0.44861881531784686,0.4192107515751061,1
64.07163850600716,475.2594259529502,7.484965565629058,0,-0.42631174562166607,0,0.419634703196347,0.3756683517467241,0.43936605316973415,0.39441624365482236,1
48.11913194301285,121.79044684775529,2.5310534367442528,0,1.5353543777696015,0,0.42330464555921343,0.46050180832738685,0.44187042229879386,0.43363947193457847,1
71.70296139830512,162.80240522121764,2.270844797221687,0,0.42960826198351787,0,0.42815126050420166,0.4191256830601093,0.44033417448459294,0.44730881739736605,1
34.16033823686484,91.28611517213601,2.672332136717602,0,1.1935699776277178,0,0.42815126050420166,0.39148458467579456,0.4222753346080306,0.44782608695652176,1
80.56289602657343,564.6920949393436,7.3749210762248145,1,0.1039308763280763,0,0.4695467592143715,0.48648629127758536,0.4245629634993399,0.4331270102215019,1
2.67184458174813,20.132265653026025,7.560163647582513,0,-1.078003786399365,0,0.42103301838309354,0.4119705236578377,0.4542050483669514,0.4359431582506059,1
36.212922244564766,152.42462733613348,4.212532111535055,0,1.2331258113005392,0,0.4438803281743551,0.41207217423545006,0.45460921843687374,0.4174036076592495,1
41.09633385416713,136.82396516065867,3.3338309564031285,0,0.8025209664578468,0,0.42268927403668605,0.4049963160282726,0.4349517750708929,0.41601889537432324,1
9.532196192683017,21.90137264365088,2.298166428816739,1,-0.7356154762147129,0,0.4467549485290831,0.4332850675458267,0.4408435818979828,0.45842330368932405,1
11.896993586176405,120.61681252017941,10.1886613561641,0,-1.2983400020673115,1,0.4214682468672872,0.4124885231339011,0.43509184817361807,0.4272172980733973,1
47.33931195079463,198.71650100814736,4.201958642792531,0,0.43286513026324913,0,0.44429339492286624,0.435032621499026,0.42508302308689694,0.4443599115891854,1
131.12258591859614,40.41556416001441,0.30683404932856584,0,-0.516795613566296,0,0.42487547551294685,0.4505733370581022,0.4222753346080306,0.4253546533522642,1
58.582576472899454,1174.5371722485215,20.104288522874267,0,-0.05269671132934768,0,0.46730548411498773,0.4726179527965681,0.4222753346080306,0.4349530487716181,1
33.898915189437155,85.8425630701846,2.532145487196654,0,1.0225096224220565,0,0.44991189468758336,0.47915904058430103,0.44742806278014746,0.42884330671447973,1
57.887696821925196,135.086245575877,2.3344993979773543,0,0.09926838923207859,0,0.425167638079492,0.42285825252296666,0.43449271037297843,0.4430791773100136,1
14.127524873580832,135.13132468119636,9.641925474970362,0,-0.6793146140381691,1,0.4260980477136118,0.473844333518107,0.4243789900569508,0.38854116347501194,1
68.68314494319891,175.1922999105713,2.5516563433225854,0,-0.9160980343852706,0,0.42411162084916576,0.4775266164696632,0.4222753346080306,0.4094316006160962,1
669.5890632161368,163.66651540975744,0.24558309320698504,1,0.8362833913553555,0,0.42388652872302424,0.39087976973073224,0.45077643977622267,0.46321529416244417,1
54.20565122375762,198.65847187731865,3.6662693648294664,1,0.6945968313897185,0,0.4416166677087401,0.43745391347360674,0.44355383535593834,0.4617194329919847,1
15.49250778417761,84.31083725829556,5.446045431681639,0,-0.3315255004733911,0,0.43155640123745453,0.390601389885963,0.43582438374233395,0.4024809406551359,1
20.079369919580387,25.192105364089528,1.254707048962413,1,0.009575028955052023,0,0.4711954185924393,0.4362962461463026,0.4510091827461118,0.4838163269213854,1
127.81994262769382,91.11501076366095,0.714841917604148,0,0.3594899126050103,0,0.4360858586812815,0.4447363600078653,0.4358865737551886,0.47894936330194415,1
12.68843425871349,119.70018107727564,9.445630489874757,0,-0.7848303734535287,1,0.44285577405040044,0.4073616323676769,0.43936605316973415,0.4945624889978401,1
37.7716727495292,180.36777983700708,4.776249637535557,0,0.3488664094252647,0,0.43767051505621213,0.45692282093925446,0.43477424739416526,0.4826004439308399,1
58.13980048567575,140.02579526075345,2.4085949921339482,0,1.2490254299190928,0,0.41982364082320806,0.37900040449277267,0.43898689998733026,0.3956011272503494,1
150.14714030445307,106.04153069033448,0.7071918225059437,0,0.6156424676565739,0,0.41994596840260684,0.4080052331587199,0.45460921843687374,0.45445115073852377,1
44.95980538394692,181.53380347660575,4.039883015437541,0,-0.3383227973737768,0,0.45237369973813174,0.4726570177820447,0.44735026008373907,0.4501631189092127,1
17.947145527254513,86.00495925598528,4.794512277952778,0,0.14143907223953073,0,0.43764118602290547,0.42930271027181865,0.45460921843687374,0.4149457558804042,1
123.7499390755065,127.31170983104843,1.0287719419600516,0,-0.056403909778352745,0,0.4377703206478475,0.4267685543297689,0.45460921843687374,0.4546106021448183,1
24.798130590189132,358.16700940618443,14.481717262176709,0,-0.7002309499801702,0,0.42566546592693033,0.4129845099692847,0.43622795344634646,0.4066665628428287,1
18.561131171311903,84.96397684084548,4.578018780377862,1,-0.1117615022206202,0,0.4753415910249623,0.49629256915926584,0.4398542343560191,0.47666487121484175,1
99.63724481144939,466.2310855146797,4.707032162154826,0,0.2721762105172476,0,0.419634703196347,0.37554361900130995,0.42631315813432896,0.40788313932061837,1
11.446808251637878,31.51329829765519,2.758667303204989,0,0.04420087396289296,0,0.42126493774342044,0.44898606234185917,0.44253940824836874,0.44053109988770517,1
72.37654884775954,365.11717585738126,5.043945638783511,0,-0.0641170385818644,0,0.4464523752881001,0.4351733378265998,0.4355336529946845,0.44819998220472757,1
196.55517441919034,189.05493714851536,0.9621450245060272,0,-0.1479966019908714,0,0.4598841975238005,0.45490001813815,0.4390874679067937,0.4698610032456394,1
28.083257793052574,183.19105448142165,6.5547824431089134,0,-0.120760250820039,0,0.4552720132751458,0.43265590120503555,0.45460921843687374,0.4878830579314869,1
40.28764385656618,355.5164358087107,8.825629274679043,0,0.030674008256013963,0,0.46490981762033246,0.4818680805493982,0.4482435903856462,0.4829770105121935,1
34.28647646421567,317.9195738668743,9.339691232070154,0,-0.006171466889950877,0,0.4277968878405494,0.40964177529978535,0.45460921843687374,0.4264497208454259,1
95.86222745840679,159.03707306457744,1.6589153726382562,0,0.6809571304391037,0,0.42070143634754775,0.44000496978873527,0.42504725897920603,0.41162689750780884,1
25.494990246297206,91.15909849886907,3.5755163514194934,1,0.3569116750323059,0,0.425206372032938,0.45034382336529305,0.44084233758827385,0.4044603269128165,1
220.8470151702745,60.462792776969906,0.2753032626516383,0,0.2835213175993258,0,0.4572397714589105,0.4695124367783262,0.4346506852781594,0.44881010125945375,1
68.38311144346017,322.4027725672256,4.7146578528553835,0,0.2775264129744137,0,0.4261234504527172,0.4134446707201657,0.42504725897920603,0.4229299655781466,1
29.232821423271222,84.57560433782172,2.8947557740577694,1,0.51697214780631,0,0.42025495750708214,0.41073446327683616,0.4222753346080306,0.39365853658536587,1
55.95457657190232,97.10803854094976,1.7369599786910948,0,0.5725136579711163,0,0.42025495750708214,0.41236559139784945,0.4357887648121215,0.43049763314809053,1
27.27823706401317,394.29956697936456,14.455508168620174,0,-0.5666613625616895,0,0.42815126050420166,0.4340114611757888,0.4329915494916148,0.41796776318960105,1
20.007838674359533,26.175432735613164,1.3090797490738404,0,-1.2200424452812555,0,0.4273762359806284,0.468254028324365,0.45191901831065134,0.43552745997570036,1
12.133372249356164,38.39731880293839,3.1647008780377073,0,0.5081193421940872,0,0.4393495504724192,0.4210849723514708,0.43112198116954487,0.43665365111197446,1
20.03482786004107,106.39777313680766,5.318097891890986,0,0.14683970280965722,0,0.4221109320893269,0.43057010923082384,0.4477108677006825,0.4392184366759517,1
35.32791440859176,69.33399697721345,1.966234643895167,0,0.7481280028823454,0,0.4251063829787234,0.3999400841755236,0.42504725897920603,0.42169312169312173,1
9.152569117783006,12.760941612499535,1.394154207863269,0,-0.38249064426021356,0,0.47201363867229296,0.44662248681197253,0.4380841098310495,0.4718710331146312,1
8.692969178223256,40.75482439599942,4.692063439977954,0,-0.21549415791915505,0,0.4347517152796988,0.39650281743539934,0.42504725897920603,0.41758114879546765,1
44.960299417438364,181.53453808586258,4.039855041284296,0,-0.3378824067747329,0,0.4523639635144937,0.4726623177019307,0.4473474091972814,0.45014428233919324,1
89.01100146369808,218.5747757159271,2.459918670221448,1,0.1676509042461133,0,0.45976967443493333,0.482173835885904,0.42504725897920603,0.4620779851226801,1
22.312184771454497,95.63908594021439,4.290391028346789,0,-0.09044161961824204,0,0.4385184590435485,0.44043607252555245,0.43936605316973415,0.48571897414970083,1
2.8604277704558077,9.916357878724195,3.4863875275240876,0,-0.15050030806476947,0,0.42986114278818405,0.444855711613103,0.45460921843687374,0.4240374496853524,1
8.81111828694001,29.95500497768184,3.403423215091186,1,-0.14383741197936795,0,0.4694246184825049,0.48086526741261837,0.45220219177890375,0.4901986197339089,1
29.349480968041057,210.12699124346446,7.159285506803189,0,-0.916749213729253,0,0.423841974855813,0.48673298967809486,0.4222753346080306,0.4134885134549777,1
7.324159839267018,38.061181132257886,5.1976784986914515,0,-0.36358946940587766,0,0.4251063829787234,0.4230702824717788,0.4524675520237217,0.46977841684307564,1
32.99382749110002,189.35947546992674,5.739448168853951,1,-0.312595883217991,0,0.41966314884453026,0.378319745689651,0.4387093751347692,0.3959462458589025,1
31.096251011259927,719.5194831464119,23.779220007035335,0,-0.33915665082685564,0,0.4418346108407781,0.4301727663114422,0.4433994914531815,0.45412308569584864,1
7.864964660478369,48.8897070629078,6.334542880189826,0,-0.8284635932913437,1,0.46465850734078923,0.4910548076498755,0.43936605316973415,0.4840591920501517,1
157.3720232786333,375.91464600033845,2.3944559610540126,0,-0.008804458029119056,0,0.4669140686645351,0.48610382530969454,0.42804175973556163,0.4772473112064681,1
4.427396788965493,36.67683806341948,8.800144691410313,1,-1.2218045744057844,1,0.4771641791044776,0.4661592995930855,0.432181968502397,0.4592444672056731,1
329.7009934526589,137.97438777977118,0.42118074018927776,0,0.9917136664123355,0,0.43259718529989666,0.4481036792685238,0.4445119406571265,0.4323503692044857,1
38.29059263870544,318.9052634376295,8.349393906786043,0,-0.2657083869524767,0,0.42025495750708214,0.41236559139784945,0.4396471475095507,0.41601117758113354,1
15.940148464429326,37.68689622298003,2.3777738224064553,1,-0.23884818240059708,0,0.4506937650328629,0.4527438541067486,0.4371527740420304,0.4519438440320591,1
247.61997046751958,92.4873565217489,0.37339477899651635,0,0.11894281993207123,0,0.4228343560756879,0.3973077518363629,0.4411830939448355,0.44872350051416043,1
20.578376997312212,128.85750462493917,6.26461911796511,0,-0.0017501794782968077,0,0.44777115578281196,0.48162186014847236,0.4307790792942801,0.4196201057290994,1
19.36504886939635,59.966589280910945,3.0965000970565817,0,0.1738704838533836,0,0.42815126050420166,0.42617567401079204,0.42311337722869663,0.4275100085944308,1
203.22863354483502,118.34738964273568,0.5831378108959506,0,1.211677129986581,0,0.42112854045876646,0.40729578562570595,0.42762560519242543,0.42230941357718743,1
12.023751341513602,33.28462166731651,2.769679174293512,0,0.005929204049866799,0,0.42815126050420166,0.42616389039432495,0.4447959321036359,0.44109660419104274,1
66.4613383828983,861.8089241458207,13.502090480924249,0,0.02538340250782446,0,0.4534815251907844,0.45000639157035716,0.4456410730942573,0.4762833952991346,1
136.02972559230784,745.4642337662439,5.559638599019209,0,-0.24905639902390037,0,0.4244966442055772,0.4125903594033633,0.42504725897920603,0.42245785584347845,1
7.489833449226741,18.957300668969363,2.532202253429013,1,-0.49168852058141266,0,0.4492759634016579,0.44403623832303196,0.45460921843687374,0.4863236582258864,1
25.032958409489307,93.05769957287531,3.7174868631821307,0,0.9633451930221223,0,0.4196513816181264,0.4822058448616461,0.4397759365597856,0.39551460291212764,1
26.651160506294474,82.36775437787433,3.092175609695904,0,1.031453854168545,0,0.4314998107225288,0.41919830997087354,0.43936605316973415,0.4364062811460517,1
19.6005457951651,53.54868118517245,2.733934731219298,0,0.45279567757091005,0,0.419634703196347,0.37658433937063357,0.4361608044652796,0.39772315371337535,1
57.99352304041413,29.82261916851722,0.5147645689386897,0,0.03360941728443401,0,0.46788699240962545,0.4385757641940233,0.4368143099758847,0.46799408848502444,1
15.932619889405231,37.81386453758327,2.379533449706671,0,0.11795142973739614,0,0.43989334124323787,0.4285143238404188,0.43346834309708865,0.4323238267866241,1
165.33291208901503,125.71391049141148,0.7602450539462908,0,0.939388059935915,0,0.4646510990328789,0.440269383790526,0.44466487030612695,0.4546712155977418,1
12.059255098403955,23.458102409792602,1.9471931073904212,1,-0.4584382718056097,0,0.4753541994380038,0.45762207162636404,0.4222753346080306,0.4320714890597756,1
388.07823298275343,104.61895144302646,0.2689434235641633,0,0.5630597705690903,0,0.4293521990571305,0.3886789589981446,0.4222753346080306,0.4250920923346325,1
160.67107880325355,71.44197829040746,0.44577461967739135,0,0.520871344512907,0,0.4299914224357679,0.4272029946637227,0.4237567161425557,0.4331177232546808,1
31.820899933213596,94.43250311802258,2.9677995742135996,0,0.8697425809943361,0,0.4198555084490517,0.4370848347537293,0.42504725897920603,0.41580656843136216,1
39.734803480301615,162.1212241763937,4.080336220562653,0,1.0273305284334304,0,0.4262749707341169,0.4454485437682348,0.43785137192823015,0.437420405173659,1
26.298900136814154,67.684479467469,2.5743444351410574,0,0.09598957001112307,0,0.4244019129707339,0.4131470377476187,0.42885331390997977,0.4283992866516575,1
32.68109166080123,288.25903679966063,8.883499188850259,0,0.14781676538857996,0,0.4304082042483685,0.4757526061178558,0.43463942617625256,0.40524375336400953,1
40.35621215114466,76.02142157327317,1.8847057871755801,0,0.23404124158815065,0,0.44116766467065865,0.4137931168657305,0.4442111986823515,0.4199649507664294,1
38.20280420965864,125.15000616876657,3.276610482690071,1,0.7719908852087563,0,0.42550714293012737,0.4152038970560447,0.45460921843687374,0.44106471415405046,1
42.32059223534812,58.436973458726754,1.38079069507206,0,0.2871302898925772,0,0.4521168102738494,0.4945786592668034,0.45460921843687374,0.4864069405566413,1
43.854710706981464,174.5909037678324,3.9822644465546295,0,0.07433311307489365,0,0.42359169380260764,0.4197116926455557,0.43936605316973415,0.40814409370672067,1
45.215077428483745,30.236057579463516,0.6733879072174759,0,-0.5794687174077557,0,0.419634703196347,0.4642425276635793,0.42362898443367153,0.4113694125312525,1
32.40062623085507,202.89125102202436,6.275672835310908,0,0.595643104835561,0,0.42681435107329496,0.40348732491014416,0.4222753346080306,0.4424298543851438,1
256.92468729814647,135.6188682180127,0.5272040759719834,0,0.9468257638167956,0,0.45569312850292926,0.46959003588807374,0.43044953906648203,0.4649253334679001,1
17.092831560250747,38.84501905455569,2.272591323838145,1,0.21326247307231652,0,0.42040263832478175,0.4108601347034906,0.4393217023383325,0.4317959075520365,1
55.24886794736201,71.8119846180071,1.2997483649338977,0,1.0214151667702382,0,0.46966929762063414,0.48820843848748274,0.4226403939790955,0.4326016728168644,1
37.82533792994095,101.05011046843872,2.672434159303007,0,-0.15999133228628604,1,0.47302175388668544,0.49855814876110316,0.42754574733374573,0.4810415826595932,1
54.77762223708082,121.41192955392117,2.21941639685359,0,0.7481947402528428,0,0.4249712462181095,0.45779420350339056,0.42504725897920603,0.39961641153763666,1
14.284576720990861,166.88510636563709,11.682918812019324,1,-0.8113995972483612,1,0.4771641791044776,0.4431523832629267,0.4391692699219915,0.47813040647387567,1
3.76129665997841,140.66560098726535,37.38848307311622,0,-1.5931350605451446,1,0.42257075538540817,0.4489370929100241,0.4475453930673203,0.43699699093064165,1
8.606870250364135,29.719470140327466,3.453581992380596,0,0.26831197643259663,0,0.425337666519292,0.4224544428120752,0.42357351552556755,0.4161151658262332,1
83.65220016714889,97.82421537600787,1.1698453584211508,0,0.741563046758432,0,0.44116766467065865,0.41140645004150433,0.4263107358233053,0.45250015757546597,1
25.933061413184447,82.00507771942053,3.164108250542216,0,0.7396111925098494,0,0.43731224087497983,0.42108931480088724,0.42848440807517824,0.4154457514671908,1
12.173231286041243,72.78708789256416,6.020987915170058,0,-0.8284242006779181,1,0.42972793965772543,0.4207342941779,0.43936605316973415,0.4417394088708625,1
43.54954959790988,146.82646718130653,3.3724131942063265,0,0.95416707034323,0,0.4251063829787234,0.40485087363835703,0.4313121358110265,0.4303446344310538,1
30.683444718441617,70.78624587073902,2.3071868156950646,0,-0.8343207766631708,1,0.4401663824863066,0.40566611078795467,0.4224481401501078,0.43815295969717,1
62.30380578134108,30.68277907111829,0.49288977157360386,0,0.24220003578606525,0,0.4327973545049818,0.422109161553285,0.4271627046301068,0.4300169726613956,1
31.078372966842895,163.50465912978177,5.26109307738229,0,0.5200797533972692,0,0.43943496092676665,0.44346616209740236,0.42264432466659824,0.43144412532276577,1
22.51415524663168,71.72970110511307,3.187362692845689,0,0.3241580600580648,0,0.4251063829787234,0.4400855801271702,0.4295266717230336,0.41409631287348936,1
348.79503483613064,121.9645972994504,0.35163347979387727,1,0.33370693281857744,0,0.46821493252846896,0.4324260116354301,0.4367074324860676,0.4679879778634287,1
24.210361075433042,28.383818691903066,1.1721097920577843,1,-0.20074720893988207,0,0.4345041028440963,0.44394344497096744,0.44651333877001137,0.43477996114949025,1
72.27190308559986,167.40423417174605,2.316324072854975,0,0.9660144448744078,0,0.4407710268148562,0.4524808184755974,0.45370840189317535,0.409904590821676,1
91.29018075974226,201.35736454626354,2.205791277790845,0,0.7467566468452719,0,0.4271027497612894,0.42174611846855564,0.4503157630607331,0.432254559049316,1
5.7095911545928155,16.231442250554238,2.8572516220332482,0,-0.26940217208580447,0,0.4570099677383318,0.4425894038114741,0.4222753346080306,0.41928263615064676,1
22.55323450452976,75.94414887935693,3.368598598370225,0,0.8513823313227991,0,0.4231795722452984,0.4576593303266422,0.4417673692156686,0.441952920639537,1
80.00559039024081,536.4365014865682,6.768727239239483,1,-0.2477502794881571,0,0.4771641791044776,0.4591623036649215,0.42504725897920603,0.485,1
12.136831948245536,105.96978578365022,8.74126861089314,0,-0.7955975934566086,1,0.4634940728596252,0.43651428778725154,0.43281007563045515,0.4820511896094142,1
44.06087197903519,168.17922289588623,3.823975777212714,0,0.5925982812124342,0,0.42659882940686317,0.45321627045694907,0.44871527268636113,0.4336592949433351,1
15.651876468113013,168.38555690003756,10.851590099450007,0,-1.1003228214434706,1,0.46146844224568473,0.4384855749817937,0.433122559062466,0.45322786042917407,1
33.91752104682643,270.95108032822696,7.9967831734733235,0,0.2609746672488178,0,0.4243335993468335,0.41437419061068637,0.43664367236868407,0.39681186305836685,1
19.27697302420109,262.03757861853586,13.63455477827844,0,-0.7269236641581264,1,0.4273915467266167,0.42492888028964976,0.42515965700963615,0.450141331861323,1
35.28311791174542,69.32292619720347,1.968434407408646,0,0.7428783595735695,0,0.4251063829787234,0.39954607893909133,0.42504725897920603,0.42169312169312173,1
87.30393799960972,196.68390429729794,2.2555364317027626,0,0.6253191578040984,0,0.437421910189575,0.43612334101845757,0.42504725897920603,0.42127118786667295,1
80.25480100579877,129.41692001894276,1.6125766105311037,0,-0.1610045287189088,0,0.42742648659825694,0.4502607619373228,0.42322590194065424,0.4030836484509649,1
33.7644651088928,137.98997386782386,4.08690972574559,0,0.9787055557052298,0,0.4225129712327437,0.4466624081712819,0.42504725897920603,0.4157666335365812,1
23.087177781305964,75.3169728045578,3.2621957695025796,0,0.21899885963728302,0,0.4337414723636527,0.40749485079844383,0.42406293670663686,0.41138305664018415,1
10.073608564578628,32.71040668710097,3.24842544395018,0,0.018659581338246592,0,0.46452302540620577,0.46370757541788504,0.42407382245161007,0.46893270091871675,1
33.05961381342252,108.20771658519108,3.273026741854123,1,-0.14877192437568856,1,0.4771641791044776,0.47168939608049104,0.43249901575725413,0.48137512388794146,1
29.540050278294643,90.37019349694623,3.059380878502396,0,0.20347753021036952,0,0.42688519886012555,0.4009515462476244,0.4373391369545631,0.41935685513588394,1
14.485114603090539,36.73655504835255,2.535701726778274,1,0.005152156551634701,0,0.4347751682576768,0.44461180717839477,0.44609966692993036,0.46313570581373736,1
600.2504638186658,501.75752726431267,0.9038711329752187,0,-0.13652556495034854,0,0.4340644386236516,0.4219708166248873,0.4222753346080306,0.42786036404105726,1
29.877473837663395,296.96957936551667,10.004464221999928,0,-0.43165841758200274,0,0.44663043702637717,0.43255790165530733,0.4334457391535654,0.4336249662023827,1
34.74272119866818,458.6148622455729,13.207643345041676,0,-0.1028216843266398,0,0.4236941248231304,0.4019543853423526,0.4460050835867524,0.43456732737416814,1
11.711251277905294,90.28776803665072,7.791698096956035,0,-0.8482424386013011,1,0.45480215896784976,0.4192503053801398,0.42504725897920603,0.44533019482860375,1
23.229353419386694,89.20464959894139,3.8412145174406183,0,0.22572432736101006,0,0.45331457449677565,0.4685251734046047,0.43936605316973415,0.48952404334326155,1
313.6882193696849,155.309890123285,0.4963900378622986,0,0.48575603794941846,0,0.44478000858779954,0.40863792006722965,0.4264841872459704,0.42685209985656253,1
3.5842559468244195,11.913279418819956,3.3227879290364566,0,-0.1730160215442754,0,0.4250523976297945,0.42261211826514966,0.4349645984596264,0.442895831053528,1
13.358957058988477,135.9705197157843,10.178822453822555,0,-0.8647378367985915,1,0.4274072350728476,0.4578395396961135,0.43227081705440534,0.40338786750581435,1
93.91998147099133,855.2348940966752,9.418082816681123,0,-0.1649686785153542,0,0.4591028451178951,0.4764414463834079,0.43936605316973415,0.48673558905464265,1
83.15675410951556,436.9028733933194,5.273923054929522,1,0.10982443371170565,0,0.4771641791044776,0.4852991154486491,0.4439277690201019,0.4767211713170075,1
41.107346854681275,60.54165160238314,1.4728901943923598,0,-0.5604884237592082,0,0.42025495750708214,0.4115067207289306,0.4270074585969285,0.42827411968179746,1
8.594303546607048,16.648069257818737,1.9375185026830768,0,-0.3671583821857491,0,0.4410695943549687,0.4326355343816156,0.439237285489868,0.4950174663219485,1
13.021989048043348,71.73005649529603,5.508225897818727,1,-0.9919887579208736,1,0.42155376288140495,0.3875374575111863,0.43551495374130805,0.40645123307138203,1
27.371301191742173,81.70101453075712,2.985669080835324,0,0.917769365501643,0,0.42310726745515953,0.38154800698213237,0.43936605316973415,0.3963157832229845,1
7.924770205577821,59.95719853847256,7.574524067872578,0,-0.8784373689948548,1,0.43481813514697326,0.4408481644171335,0.42362750648339054,0.41065236980847275,1
24.852743961184697,972.3667063534525,39.211464022848205,0,-0.5489435020510973,0,0.47179412973199353,0.4937985604565329,0.4222753346080306,0.43421559532462495,1
28.91808344255885,46.74017591550579,1.616665536396028,0,0.5403520096824259,0,0.4274027605131543,0.43406019610902036,0.45460921843687374,0.4412944776373126,1
7.565200554307769,35.8601008730674,4.740074946360392,0,-0.45664301911107275,0,0.4251063829787234,0.47300920047460676,0.4228134624597737,0.4150905726078378,1
31.94182105608838,94.19305961091736,2.9488634146539776,1,1.092561214203844,0,0.41966922251302813,0.44329392810616486,0.4258441498392933,0.41044710933294287,1
82.17484142264699,302.16252153819437,3.6907396467237272,0,-0.41166761689311876,0,0.42680831894917426,0.4293839605081557,0.42271242817657984,0.4417335904589944,1
19.4505761566166,63.02015396423304,3.240237696567886,1,0.8674343878819814,0,0.42815126050420166,0.39056667717488397,0.4239449101510719,0.4473271934504878,1
23.035006163146207,74.68998832378327,3.2424486971871795,0,0.07101891896796715,0,0.44078616499861034,0.4049506152570649,0.42499669220034403,0.420641474935516,1
47.10955411383532,149.78768456297024,3.193077871618965,0,0.7043511142833546,0,0.44116766467065865,0.45191256830601095,0.42938640543137985,0.4436382761181736,1
9.405575298645763,34.43948263229883,3.661628951787705,0,-0.01237933237984068,0,0.41963640546273756,0.3770930609394147,0.4250865564120205,0.4092512215637727,1
29.872141989140676,322.414724465275,10.851640743818708,0,-0.24614840209678027,0,0.42025495750708214,0.4371563285132087,0.4247606704474143,0.42425019840336836,1
31.693419481714802,57.56523236113331,1.8187876690272655,0,-0.4833429512673072,0,0.42278638209373504,0.4695701458593351,0.42345063492713203,0.4116722093956758,1
13.001023306553726,18.801397833748286,1.4461520286700664,0,-1.1679391325399526,0,0.4294065853118097,0.4153412343770527,0.42504725897920603,0.42692254756313025,1
35.361021153265604,91.32136297596757,2.582558595825179,1,0.583074642652688,0,0.42815126050420166,0.4290146920468669,0.43927547225201746,0.4479284486744124,1
171.66503803713312,24.9805091753702,0.14555859889258646,1,0.14918297140888354,0,0.47572980605580883,0.4968718292493431,0.43936605316973415,0.4759498371808652,1
27.54121149222808,108.93675068837899,3.9600870514722226,0,-0.2777246134685391,0,0.4481830885345716,0.43533102081623964,0.43955475449555415,0.4623005912075798,1
29.00366401235387,55.690312517610295,1.9215636615265075,0,0.7664380360858309,0,0.43175815690667546,0.4411114588533417,0.4346301483447474,0.44552326604212267,1
125.00223798991017,124.19436888796936,0.9945154882348584,0,1.300317835844137,0,0.4771641791044776,0.4666826381711658,0.45460921843687374,0.49812500000000004,1
4.2066803584147054,16.703621105097017,3.970966355187119,0,-0.6064179415511244,0,0.4366457275892483,0.4764395393831741,0.42426684382671065,0.4189910662842508,1
2.5812458592537975,13.412440004300029,5.420212386669735,0,-0.9094961504257042,0,0.4251063829787234,0.45279381321335227,0.4237584159650599,0.41788362105593413,1
8.321798111561328,43.5017486316478,5.309679416978691,0,-0.7895207113012794,0,0.4499181429129383,0.45648312744282116,0.4222753346080306,0.42295295310184056,1
97.87556045285777,218.66121009838534,2.23383117634371,1,0.108059670000098,0,0.4679780381680007,0.45588517448208354,0.4493899656420153,0.48126229077422394,1
10.99601305809449,31.73262260906225,2.8896568654727943,0,0.27157957071075994,0,0.42454368446830854,0.4456779398303301,0.4358611303058989,0.4333208436409925,1
40.02824617498207,401.2667112620291,10.02849369566075,0,-0.4467839968082696,0,0.4203238857292607,0.37785837742590556,0.4259934170876127,0.40924153659225976,1
62.277694996664756,74.44259928912437,1.197598864494854,0,0.18876250502351655,0,0.42025495750708214,0.4223809523809524,0.45460921843687374,0.43526315789473685,1
19.571576338099728,53.559943624136174,2.7384003136819492,0,0.45968121523024313,0,0.419634703196347,0.37662117488927366,0.4365093545375921,0.3973635486261202,1
330.7409718429469,209.13240106718087,0.6358955047648236,1,-0.05548895860417524,0,0.4642368837884981,0.4405147777278573,0.43936605316973415,0.47009422208473545,1
13.494315457414213,46.26925113932401,3.429963675096749,0,0.40606947652827696,0,0.4336162928426968,0.4307806757217087,0.4394071203654404,0.41208254138128353,1
43.34199940052502,113.98881035595073,2.629944379720161,0,1.148741859608358,0,0.4350450533945626,0.4345304350485621,0.43174172268404465,0.4380808714619903,1
240.51324180635714,81.99687880025756,0.3405828973481295,0,1.0250147914647179,0,0.4395330648972993,0.4246533692113913,0.4360409356440723,0.45653764155893856,1
486.8118269160468,177.98425397703858,0.36537240666290344,0,0.7039744495675371,0,0.42208043147109703,0.4417620795728872,0.4222753346080306,0.397637988963565,1
25.034966181664174,56.390648628998115,2.258654313003267,0,0.08020928675697547,0,0.419948616356959,0.40826965118303804,0.4222753346080306,0.4034336064777603,1
17.913477764138072,277.00081678382094,15.508834550776449,0,-0.944973789036058,1,0.419634703196347,0.48418079096045197,0.42602073162033666,0.4081848407702328,1
34.39419501370936,167.32650641741992,4.868637019691057,0,0.29631955579666336,0,0.4344621684017395,0.4067115583450638,0.4338860477045282,0.4627609010574868,1
25.12154691415397,210.93740997019864,8.554053462432009,0,-0.8179343688235842,1,0.4346449067006799,0.4549778303718294,0.42392153363978047,0.4180389636741925,1
145.36561681171474,26.378217998747786,0.1844907889512262,0,-0.16260787885524905,0,0.42025495750708214,0.41606356795613597,0.44267056294166496,0.4199014635356409,1
13.603272577178144,275.6996371470742,21.292241163800924,0,-1.0708969106934534,1,0.4251063829787234,0.41285714285714287,0.4369635824489271,0.4408789540961233,1
10.591427402153508,124.7333156458451,11.812283568973566,0,-0.961163155915297,1,0.4199749766451309,0.443887906592113,0.4299900316789801,0.39400056319403476,1
14.205966295642572,78.54607648649511,5.550718680074016,0,-0.7153651026842175,0,0.4238168062292195,0.41997310242354324,0.42998458209911855,0.418138747103846,1
6.988341585630966,48.8341652842971,6.9890702328463705,0,-0.8817457049829421,1,0.4656838555207812,0.4852541816812281,0.43936605316973415,0.4687061057881972,1
38.32103846240035,165.27120725009138,4.313249682710571,1,0.28991712611218445,0,0.4233804594944712,0.3814345382125749,0.449801090411248,0.4487399041406515,1
131.26414273257677,118.89225591941128,0.905667476185351,0,0.9157995471955149,0,0.47216367329042463,0.49422219733355455,0.45201166489469646,0.49194372245216594,1
27.198974886881473,81.94514521203295,3.013144373377573,1,0.9893371168543268,0,0.4243467782725877,0.39267914841349844,0.4414821821344841,0.408011535600954,1
42.2103590742984,239.17577347064804,5.666286189555884,1,-0.7745518371830445,0,0.419790659818893,0.44525058175104815,0.42504725897920603,0.4093947046718161,1
140.70674726427308,245.50978709052,1.7448516442290434,0,0.6487224573122409,0,0.42027322669119394,0.47251465454521757,0.4222753346080306,0.4134560930792118,1
23.84683112993456,207.04486416066052,8.82220520265954,0,-1.139204276139142,1,0.44116766467065865,0.47210526315789475,0.45460921843687374,0.4108247422680413,1
28.446916249655512,29.949690864615732,1.0536381827051542,0,-0.07091091408116973,0,0.44116766467065865,0.4313191954006078,0.44296481821419487,0.414889028308281,1
46.39125300697062,317.4339465943339,6.877167898992555,0,-0.06415463389493498,0,0.46545735182769693,0.48288043697597804,0.4479577974097219,0.4766351463509172,1
48.5498408877352,159.26758268443797,3.2884192786350552,0,-0.17350573129012378,0,0.42458873951891807,0.4206724077892267,0.42657506358186403,0.4227706545673138,1
33.17199950615712,136.48730665954665,4.114526673533937,0,0.1760033001336494,0,0.4209791421097749,0.435820899244221,0.44978265747020946,0.43201451603772656,1
124.11689837878063,124.07739487522237,0.9998536709717207,1,1.1018711879335226,0,0.46255022669198115,0.43788704334653156,0.45460921843687374,0.49194087373934914,1
22.17012483342852,96.75476902980914,4.3640575938041914,0,-0.263601179770944,0,0.44116766467065865,0.4405712182437459,0.4455931650236061,0.460835100415224,1
128.80824447817906,111.19215627021367,0.8632403351296413,0,0.23486550368880943,0,0.4196762986493145,0.48003637433239993,0.42504725897920603,0.4104357758698237,1
50.089904758909896,78.07281729370371,1.5586822968098402,0,-0.4146424368095416,0,0.4409779754679917,0.4048665465003279,0.4223004774132976,0.4391432771493321,1
32.91030259624949,175.68575645301055,5.338704028779652,0,0.8837475289266257,0,0.4213806128598793,0.4504091480883946,0.4514843419661695,0.4684808847992804,1
17.667131874046436,691.5218252651198,39.28122033661991,0,-0.9097794043645339,1,0.458577079338749,0.4534079304086571,0.4233265275649381,0.4133460675987666,1
59.952895038336884,98.89396976139868,1.6503976336996284,0,1.071761413268632,0,0.4399863481443288,0.4367658648986587,0.4235323668095099,0.43617010388571475,1
8.864494258546921,11.059839559765013,1.244285001593011,0,-0.2987854557433171,0,0.42200574212657815,0.45753222090524504,0.4332774104587716,0.4172559463973465,1
262.93304455079505,266.0018466685624,1.0131167210811147,0,-0.6087688778097672,0,0.42025495750708214,0.4218208186340583,0.423830421238755,0.3956594960345008,1
10.401142947515746,138.4289501931252,14.078047785892059,0,-1.0239113159789877,1,0.42198018535965565,0.42508039027411876,0.42504725897920603,0.4174762936276627,1
72.70245780699571,862.5370967143948,12.151605908635954,0,0.026853588191229124,0,0.4672657085185808,0.4797697119632348,0.44198877866220504,0.47730270918801365,1
17.6433300042769,88.76279637546104,5.034924294742896,1,-0.09578934167672959,0,0.42025495750708214,0.4318428104948483,0.42296692440333494,0.40217122159134067,1
23.20651055566444,47.72272873214803,2.057477180524324,0,0.22134936903786165,0,0.44116766467065865,0.4142545820514867,0.44242174181305294,0.47842639045379626,1
5.931250961895866,12.389291055479424,2.089569393420252,0,0.03833219065216836,0,0.4216357628762111,0.4308060242195095,0.4279294743253064,0.40144113177325286,1
125.06030803035878,124.15371588396302,0.9937592896524299,0,1.2966360283280303,0,0.4771641791044776,0.46698768818133507,0.45460921843687374,0.49812500000000004,1
30.22064315680218,95.72613191472414,3.16822244612389,1,0.3601394609527535,0,0.42815126050420166,0.38846153846153847,0.43201476882088646,0.39418902759310676,1
15.433920275840368,168.15344778263403,10.98447968950761,0,-1.0539321622980582,1,0.46398076395716836,0.4391968540494571,0.43412191741959993,0.4571985384030267,1
87.50434084907971,126.91911073496362,1.4504187903160795,1,0.5045518249861602,0,0.4274237435540366,0.4275266329910842,0.4407704649697951,0.44676204158390237,1
24.694388415963296,79.36265103268786,3.214050049206915,0,0.8243772141931471,0,0.4322670030154252,0.40246163439014243,0.4295748127648579,0.41691102386089,1
13.130139855568506,18.607282945935534,1.4172657612802253,0,-0.2834639871358999,0,0.4557323319666826,0.4424219046992791,0.42504725897920603,0.45893698082480344,1
174.2720435929704,23.70783822336578,0.1363874379317967,1,0.16612577362460304,0,0.4589263033593882,0.4813971591788608,0.43936605316973415,0.45152613727080027,1
80.70080494188822,103.34550035313565,1.2838555236145204,0,0.978183134823903,0,0.4574362390206638,0.4293760009194976,0.4222753346080306,0.43657449751919924,1
28.72645764713299,323.8139894196445,11.436503660735259,0,-0.14734573986610233,0,0.4350045532977863,0.4275293359646835,0.45460921843687374,0.4288437812083475,1
48.310118053876245,191.61578060990828,3.9664940196241103,0,0.5443269733731031,0,0.44477928692438085,0.45101125333782094,0.42801328589376303,0.42886667220259717,1
186.0715841922272,111.32604239176827,0.5984750374643273,0,0.8412619967970252,0,0.4198678558339669,0.3940106221124667,0.42400529688843647,0.4033512408575637,1
101.64593347116204,837.7523655337709,8.288232737962305,0,-0.1856080219679425,0,0.44116766467065865,0.45191256830601095,0.43936605316973415,0.4953757225433526,1
28.953943548064714,78.05250382476858,2.6970963976057645,0,0.45960311924329256,0,0.4264423067802366,0.44134137583411914,0.44042289907234367,0.4623875223206447,1
32.96100545142793,107.5583627577641,3.270465930594519,0,1.1628639093244384,0,0.43438155264897194,0.4558757518313312,0.44211888470709265,0.4154167817881392,1
22.537032159821322,121.90672559904675,5.43892657843453,1,-0.26944800479425585,0,0.44007851880688764,0.4190422808953004,0.43376558284225947,0.44354050409823387,1
34.70959526384856,141.47530993426045,4.084501189595043,0,0.0823836333430128,0,0.4348799602213591,0.39674739924943714,0.4233604934101773,0.4323751604310933,1
20.001070560265042,24.8864082528922,1.2443675488597419,0,-0.18034199819293417,0,0.4342447927560842,0.4181656634893107,0.4388864691850746,0.3947645238294625,1
29.150520938332964,318.36587071879177,10.921491869406083,0,-0.20435249334352218,0,0.4276252158073646,0.4684488788956153,0.4384121478102544,0.44658653793900166,1
54.08295714991003,98.40805516870299,1.8210455764633597,0,0.3659520351115278,0,0.4220634113878581,0.4068909563294238,0.4318176983005014,0.43015654391540253,1
36.61687829318333,228.8964933866492,6.318760279819901,1,0.06895151694799563,0,0.4251063829787234,0.3842105263157895,0.4463344766800408,0.43231788581997327,1
8.60494659708678,85.82701399496315,10.33606144275386,0,-1.0968883874222435,1,0.4292793791973365,0.4147998149745396,0.4418524009646316,0.4291698507307501,1
32.76448066116224,136.3246523073297,4.161806333809357,0,0.4587309552728457,0,0.42025495750708214,0.4300423117170493,0.45460921843687374,0.43526315789473685,1
42.31065817838318,95.56205661421195,2.258453455260377,0,0.6856862952053054,0,0.4200878294476568,0.4305246396693733,0.43936605316973415,0.4217210026251486,1
88.02742126912112,164.6991715931502,1.8758131603010997,0,0.8522245187530826,0,0.43624837688588375,0.40900497210615594,0.4231243262365312,0.4338707724733629,1
78.81932366083566,105.96191692401025,1.3444435898667548,0,1.0210579398533546,0,0.4276435857602919,0.4274416199216095,0.4520677139071788,0.4313691516252103,1
17.395275204739555,273.89919174836973,15.745665325549052,0,-1.3229199878228497,1,0.43855419008789176,0.47357088064962377,0.43762816845204405,0.48491518674726114,1
46.23263543740906,44.664278584814554,0.9678276141567039,0,0.17927923590688805,0,0.4330635213992376,0.4798730836461495,0.44705739422235247,0.48447423356582053,1
32.67971211643017,121.73607191347928,3.726168435706592,0,0.46313612365072987,0,0.42025495750708214,0.41236559139784945,0.45460921843687374,0.43526315789473685,1
145.91469988328038,39.906010505082136,0.2725904956659082,0,0.032770706263383687,0,0.4288260295146303,0.41755151228323395,0.4419907211480808,0.4513121598596912,1
39.88306000758816,151.5716407518866,3.8004113162918363,0,1.2207862373031384,0,0.4771641791044776,0.5011360501612624,0.45453461174820675,0.4979755007400657,1
16.916635324023275,219.304182702906,13.083577870876741,1,-1.028618508042689,1,0.42375161213646034,0.39931449052170787,0.4472897695096164,0.4577803627722015,1
465.00766094509373,207.62264341044227,0.44974758111478796,0,0.7033126951077953,0,0.4251063829787234,0.43871834817420136,0.4501426731811068,0.45139517834518555,1
238.55228010394833,91.35056826477215,0.3837741945868428,0,0.10633849196277856,0,0.4286628014401283,0.41107590719496134,0.45460921843687374,0.459832536538694,1
25.43224298892107,70.32255949646402,2.7657440784103318,0,-0.0797165698230663,0,0.41972347894637024,0.38176243254049147,0.4524274948988056,0.46777074689186904,1
47.33349577859503,247.44556868055489,5.227718383716917,0,0.09944024301085877,0,0.4218701035911708,0.4229716062775575,0.4364372212373553,0.4213266625544807,1
20.42581259076095,391.54989381606214,19.72999637671564,0,-0.6938255297328494,0,0.4365751673494101,0.4188623202808389,0.4437246216202108,0.489198011062919,1
66.48441614777148,174.2709054054593,2.622303741199524,0,-0.4468430727325683,0,0.45082197052567874,0.49423931886014244,0.42364461393111813,0.4488196763298567,1
33.204829032435484,360.6972442693978,10.868416123519829,0,0.34281577173731564,0,0.46833190484637055,0.4752806301306269,0.42436712656488673,0.47377390502005157,1
23.04596383655796,395.67951395726345,17.232184945442505,0,-0.43845591661956035,0,0.43982806801928537,0.4366306524979386,0.43936605316973415,0.4904926935784014,1
31.917239380680144,230.4847336526887,7.225348434065826,1,-0.2757621705728273,0,0.422857656800735,0.40954162453299353,0.4396218603032742,0.43663710659074506,1
3.5705538750517523,24.45057666471679,7.011599828183501,1,-0.9571546481123672,1,0.42209278209943196,0.41815766519290815,0.43624596674188976,0.44520080970912956,1
22.899928693840288,252.0625569785359,11.022660794984882,0,-0.6404741761538383,0,0.44116766467065865,0.4628771971826958,0.4463321830393638,0.4567359060170545,1
3.45843409260192,12.783219629924172,3.707535207494826,0,-0.23078340627092225,0,0.42502399186246226,0.41644840197320304,0.45460921843687374,0.4370152960387357,1
14.567409430550441,294.32023190355824,21.14190992642805,1,-1.003535906433231,1,0.44853108858062735,0.4522194562004005,0.43851626768346563,0.45598141135111275,1
3.8294832843971545,20.013532340738514,5.227959044364873,0,-0.8396151329971469,0,0.42355350644997525,0.45424637505863263,0.42377178746508193,0.4269675467117861,1
31.19727753259581,94.78227743242692,3.0385231888503297,0,-0.0028973318907040135,0,0.42431083446144824,0.4049584992061514,0.44023153827218625,0.4331127121435239,1
37.37886603153725,124.57433585757525,3.335641954632491,0,0.858850256779863,0,0.42880731736849964,0.4275744625110874,0.44138610924978744,0.43689249827203275,1
40.04230384376472,229.77780589650365,5.738383625959985,1,0.610006033993221,0,0.42088289195110334,0.3774174320948213,0.42831363395017064,0.40650199022656835,1
23.31559280110592,64.04580516185534,2.747889967805171,1,0.09062258663174952,0,0.42815126050420166,0.42873325935934126,0.4222753346080306,0.44782608695652176,1
15.063008622719611,53.68673890421134,3.5707089116194197,0,-0.4459093590562784,0,0.419634703196347,0.3769230769230769,0.4239341725162534,0.4109002662834688,1
7.535284343161062,50.9661888487116,6.815058676156909,0,-1.1426827918664384,1,0.4293413542045352,0.4439857503486522,0.43314465661754936,0.4271649840190562,1
127.37885994387186,120.45337384922688,0.9461126437918995,0,0.4318914879226507,0,0.43596277227872093,0.41109549844434956,0.45460921843687374,0.48068996978127254,1
15.889100510816101,89.46470464597313,5.660807392026133,0,-0.055623635874960276,0,0.44116766467065865,0.46000924598762843,0.43690073664137397,0.4170055960672017,1
47.4210910758443,863.8430540753056,19.051802129682926,0,-0.09716529429287368,0,0.4205824045485079,0.37818527170017674,0.45196908434470523,0.4605529131322787,1
39.72427417526622,847.887436749997,21.770391418772547,0,-0.34112306943132054,0,0.43015712426693453,0.42248225275872364,0.43936605316973415,0.4491610755489531,1
10.352555216257736,73.843879510873,7.230430947710208,0,-0.6370562805076505,1,0.4534973440381192,0.4676719855718721,0.43936605316973415,0.48943599554025646,1
45.5226177378831,792.1620204897412,18.838920927183835,1,-0.48587596377590847,0,0.4640847962035642,0.45599086255431326,0.44725807816320884,0.4788741219888315,1
72.48142227491931,165.51135271741825,2.286954296049127,0,0.054082175014456474,0,0.4564024605673302,0.4328461584744255,0.45460921843687374,0.4727258149432115,1
4.586790506895982,22.707722338365052,5.0463825193760705,0,-0.7126448085386721,0,0.4297309016563909,0.40951802418497174,0.45022025970763013,0.47999127760413773,1
54.53618036331059,1227.7917923339853,22.50574270676991,0,-0.22076753168586188,0,0.4328764035214309,0.4203688173069827,0.4288561112927466,0.4219851208253061,1
189.3221201438435,108.766269576926,0.5743140122972232,0,0.11923393227086121,0,0.42025495750708214,0.4238335498675989,0.42251967306421917,0.39666606550858285,1
33.808854939757026,16.370438806647215,0.48391458461006226,0,-0.044785728174672065,0,0.4197209906154573,0.38324700355060587,0.45460921843687374,0.4684221034592265,1
62.78952078514085,474.5346075341329,7.601511814414861,0,-0.47415023270928985,0,0.419634703196347,0.3755623625770732,0.43936605316973415,0.39441624365482236,1
13.60959452922309,179.07237995780886,13.289182978911809,0,-1.0556420874680814,1,0.4343631425682295,0.4075994423282422,0.4222753346080306,0.4185406596976752,1
30.88203481169718,135.86937201965085,4.414893078789186,0,0.22788614672234286,0,0.421583784357654,0.4140458329908753,0.4504340481878239,0.4248948263706904,1
7.695221294768329,49.83912856205358,6.530404392636964,0,-0.8647116786686966,1,0.4198871697089893,0.4590259642095787,0.4484046847318776,0.4566895780711559,1
41.30131004951762,107.70575765487683,2.608885302084645,0,0.5049478091733598,0,0.4255149442003965,0.38826134313096605,0.45460921843687374,0.47626880525560433,1
70.75169601394391,351.38889922369043,4.986045614649307,1,0.20459808456649792,0,0.4725403345711418,0.4575127605148779,0.45460921843687374,0.49301750815921996,1
11.984976551897308,51.73541184172498,4.331662200495157,1,-0.695225482960607,0,0.4197649041050603,0.43797524053890086,0.42446538946896617,0.4059290666121579,1
114.05252875449645,1332.9121722523344,11.818099337010402,0,-0.08570647238373995,0,0.42547615551949974,0.41267194191870604,0.4538648082082329,0.4729756782746944,1
37.44962921742968,181.22325439487,4.840776492078074,0,0.44501044600267964,0,0.4452387710134219,0.4801941770547781,0.42324171833248314,0.46078613193935,1
9.346253410881475,40.86894735994746,4.374878260339764,0,-0.13672100056157022,0,0.4220612631240508,0.4256779272696432,0.43180965569023194,0.4301537181772105,1
37.10945450329889,83.84131679040917,2.260213798370841,0,0.7909377405005638,0,0.4232898376885783,0.41995316583962927,0.43400459017305315,0.408780348735033,1
51.82958022523136,195.86591739878685,3.7806327809572666,1,0.5739967378456214,0,0.4771641791044776,0.4580434995764574,0.45460921843687374,0.49812500000000004,1
4.025897734298449,29.762280190693044,7.45564293816605,0,-1.0904408869464601,1,0.4202932124816866,0.47915066070210943,0.4235968071771905,0.41611622234862894,1
50.23378209079141,82.56762462444311,1.6447286774645553,0,0.9347516304792711,0,0.4261875711989807,0.4453528917183297,0.42564604389785915,0.4045488484505038,1
47.567059279544665,35.21694907405542,0.740068172972429,0,-0.13494336984459343,0,0.4209936082146481,0.4410503014097904,0.4222753346080306,0.41893530682843805,1
65.41976786742724,59.492780648940915,0.9097236750016586,0,0.050027213139997695,0,0.424617686455432,0.477488801320876,0.44072747821035885,0.40423032519134544,1
28.131155848354837,161.8643781283682,5.753866289531409,1,0.040513237633073136,0,0.4771641791044776,0.44292929292929295,0.4412380782139953,0.48050198973209585,1
36.26782970914431,175.34186976459782,4.83718504431187,0,0.10370791858387149,0,0.4373871312325093,0.4373000056123996,0.4476353738063548,0.47641960055242016,1
5.35325487183728,12.172881118118742,2.2743325376532937,0,-0.023718406763980397,0,0.42319884996929424,0.38933537580896366,0.44971610781998345,0.4650678803131755,1
26.898875764019877,179.57347867052465,6.6798161600056005,0,0.1765931216671066,0,0.4251063829787234,0.39059937121002214,0.45460921843687374,0.4737704918032787,1
43.291931845711304,159.5582563926994,3.698321901199894,0,-0.06155928112084641,0,0.4210433588326918,0.435551399250701,0.4370391172233957,0.4301507617985939,1
12.371694052756686,60.65464241159238,4.919988858493432,0,-0.7811429838824288,1,0.4272010381703673,0.44990236410328976,0.43936605316973415,0.4529110435792158,1
39.5874475031591,62.948658325855156,1.5912602047283888,0,0.4513921331216515,0,0.4413194849809469,0.4311640412393219,0.4342541616862464,0.44549739178203346,1
71.85733726800254,317.4240012665903,4.418243025360265,0,-0.199008752058905,0,0.4689787293553874,0.44497205041109184,0.4222753346080306,0.4346781461449722,1
10.159387450205932,121.45304983346004,12.00871657129285,1,-1.1223758469297698,1,0.4771641791044776,0.474466368752905,0.43375157369352185,0.4807658222859995,1
63.11880610133727,51.272754384965836,0.8120690558647254,0,-0.23714898271722562,0,0.42326620965203704,0.4164695780798624,0.45460921843687374,0.4591644406221337,1
33.82769021149913,405.50601869321036,12.113415233772699,0,0.007750850389208641,0,0.42597314800762126,0.4079453399712913,0.44704873701338066,0.43075386900862556,1
74.3306295658264,192.85134837188346,2.5974753546107623,0,0.5434249800623749,0,0.43146160182949134,0.4757003158999983,0.43936605316973415,0.41160650620313055,1
30.83348875821314,54.02915679246397,1.7526935190125377,0,0.7290217038327732,0,0.44116766467065865,0.41909296805720575,0.43573922988180575,0.4834647062591598,1
47.388671371345254,247.21444523312823,5.216760585403486,0,0.2039414533465367,0,0.4250221256475084,0.4468528793245068,0.4307214888084999,0.4009033192645047,1
33.639963333542624,138.57882884677585,4.119471204358242,0,1.0712717302045913,0,0.4245520236886575,0.4158284309777619,0.42842522427078944,0.42324373309153823,1
26.16635784096524,83.17998410954348,3.179009349242085,0,0.2721615250005248,0,0.4345101897811657,0.44988563584150554,0.433430847337492,0.4648339467148858,1
160.7787411452764,468.7664072336746,2.9179355307261274,0,0.2868824317628304,0,0.42698890492724934,0.4133657929035481,0.4290819301731129,0.39334185983608266,1
15.752012398707981,48.45182726901841,3.0758629980928207,0,0.6212663560338442,0,0.44116766467065865,0.47210526315789475,0.4222753346080306,0.439247311827957,1
38.64458476118972,155.33592023038173,4.019957674916533,1,0.6286190730162649,0,0.45433885691712705,0.4470909226297058,0.4235662201267455,0.408788579940614,1
135.0580650429531,150.9210588095603,1.1225382733416922,0,0.885796477871605,0,0.42277363821551506,0.40256427863733485,0.43193226470765894,0.42654899134981844,1
13.22804436686486,18.749012104871085,1.4191843073187655,0,-0.48019330433856633,0,0.47252350097582774,0.4561629582573661,0.4262148889900102,0.48066113146281075,1
23.071800731979696,103.24052123530028,4.483490342738218,0,-0.6292245337347683,1,0.4483902520220635,0.45915084199044404,0.45460921843687374,0.46292394968862294,1
35.3650513502567,91.20297649678956,2.578895506964116,1,0.5768089277583763,0,0.4297611716791334,0.43149594136498076,0.43880467997291445,0.4474495752272161,1
29.444867150396806,557.0117891113659,18.941269445771084,0,-0.46685503154827296,0,0.4740234638856477,0.4437130885310163,0.4520299215958468,0.49140826668699866,1
98.15335156772119,833.9380637948489,8.532345308340249,0,-0.1184924610900048,0,0.44116766467065865,0.45191256830601095,0.43936605316973415,0.4953757225433526,1
35.53340891372214,212.78192778297725,6.003991595174678,1,0.37831345022177043,0,0.4528655667830231,0.423787937584974,0.4458042790970755,0.47623784635763605,1
17.105226390640933,279.1913328963821,16.32370959426827,0,-0.8842984219713299,1,0.42776473899370077,0.422663495799492,0.4520862715854066,0.47734644521686515,1
20.718251465322012,136.90582792242873,6.6089250405271205,0,-0.4838277385027757,1,0.42036422184871897,0.377352069344738,0.43936605316973415,0.3978366660184996,1
52.647542451373624,446.12032869829517,8.588460839292376,0,-0.15845345696387092,0,0.43220552118667366,0.4362955411157308,0.4222753346080306,0.44515402866279286,1
19.523808613620265,59.630841104057765,3.0549644864469077,0,-0.007438461561044329,0,0.46640563308602284,0.43770429838710884,0.4281902957667911,0.47686275507559905,1
17.781669608824316,38.010195024431155,2.145061105727615,0,-0.2992260331115295,0,0.4627136026646108,0.46702848466940694,0.4312508060002072,0.4445581698221732,1
31.477836697728414,162.2584891291302,5.155011840176544,0,0.1331984380894183,0,0.4310161347985924,0.43422297001757715,0.44749262068572354,0.4384026298329225,1
19.812218542930594,95.69315231493822,4.844333910911591,0,-0.24928242195901498,0,0.4309195995516261,0.4299767100769477,0.42591020203668883,0.45793898074826844,1
231.63485807315564,91.2613803953179,0.3955641740474943,0,0.454835944769992,0,0.42667502374600175,0.452275351360026,0.4324239249099657,0.43520915268328825,1
9.70557519972279,33.06343391775526,3.4096429084114814,0,0.04794851708741596,0,0.42549922079735675,0.4866295782425352,0.4389480366796786,0.39843262850231403,1
25.26734711739076,69.61033236457445,2.7550093612220645,0,-0.09440204054480496,0,0.43128427247455503,0.41749321754424756,0.45460921843687374,0.4397207362018506,1
7.836722210232318,33.944404437192645,4.339614394870256,0,-0.1594291108078673,0,0.43405742149689436,0.43462294114408206,0.42350245064499276,0.43147616610178213,1
10.931585527970677,163.82196608881245,15.159119264204985,0,-0.9982533537190461,1,0.4349820920668078,0.4667098075744943,0.4246572335667726,0.4520361979013656,1
91.56868999518349,122.52775199380139,1.3448736401545938,1,0.5857191376773265,0,0.4771641791044776,0.4773087498523812,0.42375850740222076,0.4609786021449057,1
48.837933341405126,155.21431819583015,3.181252700039309,0,-0.13028945728500088,0,0.4347091135318174,0.4822727471646358,0.4222753346080306,0.417158513616474,1
53.500214210802,58.975482547494636,1.104751651095914,0,-0.41995628558497355,0,0.42991827731135696,0.4188133949125002,0.45460921843687374,0.4549122025794449,1
41.97372631664362,415.9965943735496,9.949182150544768,1,-0.41016047791330823,0,0.42006271779250803,0.41919452272805124,0.44544687558808693,0.42718187217851544,1
198.93426018673088,120.03643281180453,0.6034797028466693,0,1.344941894552418,0,0.4200085192332364,0.4254163688919754,0.4307363753026119,0.4145226359112708,1
25.40346149585886,298.96402359607396,12.0511764219673,0,-0.21478542290174607,0,0.4236250120194301,0.40790452284462164,0.42504725897920603,0.40765489192696713,1
65.76861022298833,32.397440899448476,0.49255454111162567,0,0.2037645767817604,0,0.4379519073274038,0.42988737260000986,0.4486903826907371,0.4130007872198605,1
5.8008282262696405,27.90452498928334,4.8399051523465655,1,-1.0129704134442084,0,0.4401382996592296,0.42765452110046936,0.4442806541359412,0.4526405639000852,1
26.536564923224475,360.7964984348829,14.477288210023397,1,-0.1495182747620084,0,0.4465718348900853,0.4700196906288444,0.43266153798482737,0.4368304415154133,1
147.0934073595103,143.3626120726062,0.9739593338728728,0,0.5614602354282232,0,0.4465322819240173,0.4307197387777858,0.43440131747574845,0.46668938717305714,1
69.08039967183566,189.73810766273417,2.757419681807524,0,0.3275272493776945,0,0.4198689893435233,0.4670619913987626,0.4339574730679161,0.40701776073947327,1
10.165669094141368,124.75943282834615,12.278672931819134,0,-1.0092954487842287,1,0.42104785113483817,0.41108138381036413,0.4222753346080306,0.39690132986308996,1
15.167136629344993,54.83485301719431,3.62893899378078,1,-0.6463579595447563,0,0.42463778548251224,0.38307710567947373,0.4424135386108345,0.4262106938048865,1
18.76116139827208,14.568602327490261,0.8057179546504913,0,-0.5881198092146152,0,0.42725593046895527,0.4392307871516525,0.4273007694651626,0.4330013067786318,1
12.561475612152122,73.71559089392963,5.899462838727153,0,-0.6061737400915375,1,0.4318731815274174,0.4414903363328977,0.4271622683497309,0.4614224678059222,1
31.45583082351338,123.16183111725239,3.916187016965581,0,0.8967785083610813,0,0.4312894999731259,0.4231150968065211,0.4465661968834457,0.46698141618476063,1
101.17201008318362,253.49486770092346,2.5400880249767215,0,0.038414307477814935,0,0.43369042960012033,0.4337305450738486,0.4222753346080306,0.42726080249048903,1
21.811757435101843,72.46417603795668,3.3248593892585934,1,0.3890933817581357,0,0.419956560633252,0.44191629291432416,0.44669935627503526,0.45199210746207996,1
56.028559761484104,131.6233541278018,2.3507991837742113,0,0.9858546660161195,0,0.41994297700009026,0.39951618419366924,0.4236530141417336,0.4205712238281407,1
41.75800860604184,127.81179922942057,3.062232278517904,0,0.6568914524394363,0,0.42629844260312977,0.39642051588764327,0.4243968443361503,0.383685741933342,1
66.25650284499051,384.0885112817766,5.805474627844991,0,0.2928864335337663,0,0.4294917090608377,0.4666657149645438,0.43760602568941476,0.44703494160114793,1
321.28967605981353,220.32165905732248,0.6852423784061379,1,0.26399152500980894,0,0.4607760818507575,0.435522597049716,0.44446280076172523,0.46470349272600303,1
33.0699859462612,126.09943472577872,3.8135536160226446,0,0.9079543167233493,0,0.4196815344832214,0.3789563133490086,0.4261283761062065,0.4108957704538583,1
40.01077386767169,278.2637321331526,6.968296785354741,0,0.2905819742696937,0,0.46312161360099946,0.47948591830726806,0.4466307104041938,0.47234750534729086,1
94.03786504170643,210.6617183748123,2.241788037120058,1,0.21009279066451753,0,0.43575144409874145,0.45501649902109426,0.42303013475544604,0.4185309864860371,1
46.0484046816397,103.87900376427167,2.259180839605657,0,1.3723248493266957,0,0.44485981240408407,0.46911269584841064,0.45157706037035,0.4184328680551869,1
6.041308706304058,14.193706607048723,2.3494950230317535,0,-0.5521867770018706,0,0.4236666248158155,0.4777327691786665,0.43758289146914175,0.4251504126724426,1
77.5491403837546,216.92695639418295,2.800656519492146,0,0.6291606651871373,0,0.42013137169393144,0.4189103984348845,0.43651303015522824,0.4272883107231077,1
27.122383929255935,777.32398830434,28.724229720944415,0,-0.31888189111653054,0,0.4764057842225277,0.5005310767244273,0.425348935416511,0.48521860157843555,1
26.002801444663536,324.9029933572059,12.526878150883107,0,-0.6594865969473109,0,0.42688618479495666,0.4654819513264851,0.4227194277730367,0.44461412447702786,1
15.021376738784825,74.28218518271073,4.946148607940188,0,-0.21277497808916834,0,0.42036247075062183,0.47469430070396956,0.4413934892674393,0.40497085382816106,1
3.3009345349291705,6.897761933899784,2.140658600259772,0,-0.06451783496500146,0,0.419634703196347,0.3769230769230769,0.44141749515977763,0.4491667034764021,1
26.761986120529585,99.2592119198138,3.7159700054773173,0,0.37782306621566525,0,0.46102775503437554,0.4704785480042877,0.4299367175700241,0.4611455345523107,1
77.81116073077268,148.1669589559768,1.908012107169136,0,0.8224466648838606,0,0.42225973853627163,0.44690853462064545,0.4325527024162197,0.4304147846023822,1
64.62390459492133,139.73818077623318,2.1625862718426982,1,0.8021199844325564,0,0.4771641791044776,0.4591623036649215,0.43936605316973415,0.47803468208092487,1
65.41850601987417,50.65066101805299,0.774908613470136,0,0.15499545258687375,0,0.42664559255876555,0.4211341399985494,0.4396654150092096,0.4266863659423339,1
15.72651074580914,84.56366766452804,5.38292962723856,0,-0.21392200220016633,0,0.44293132316264455,0.40365236144090855,0.4324451492505193,0.4101757588272256,1
8.179084588296236,15.060683972725847,1.8399438842419706,0,-0.5195301110055253,0,0.4214910868132588,0.45955960853656763,0.4222753346080306,0.41346715675783696,1
32.87023744286428,187.86898065712285,5.718882515628043,1,-0.702718227479062,1,0.42475145606308834,0.43337674157466477,0.4234688046143095,0.439194157481732,1
66.47795780961356,161.0931340922365,2.4244621167990537,1,0.9695011519658003,0,0.4278085914566789,0.38798313160582665,0.4509703787523113,0.4353885482776459,1
42.215428624813775,195.49313443513952,4.631254643009254,0,0.037140898891596996,0,0.4318975129812989,0.4500635494789524,0.4317901065307887,0.4502866895516006,1
143.1341299270643,219.7527141061333,1.5348780530472825,1,-0.0625039346996417,0,0.4259467161198418,0.42406684284179713,0.45035352632351383,0.4363851763027578,1
14.551079434636932,26.812675375754274,1.8499213824527136,1,-0.15626733665199086,0,0.43769334216178074,0.39906559501803485,0.43936605316973415,0.4537901209334601,1
27.010383358375297,394.8922837567011,14.629089111347549,1,-0.8217900702640881,0,0.42811694102569303,0.38841362437673366,0.42504725897920603,0.3810911231233345,1
40.655444749890776,199.81004181895517,4.924724839974281,0,0.28963860256490387,0,0.42025495750708214,0.4223809523809524,0.42337524139948196,0.4071971401262651,1
533.6859372079622,610.9303452194829,1.1664607563693306,0,-0.03138448063038038,0,0.4351613385457489,0.43389264686369855,0.4245118621998265,0.4239414268374726,1
25.545580957850987,246.70889554946444,9.66665660073284,0,-0.6382861761747723,1,0.4210360613705041,0.44010183299017597,0.43936605316973415,0.4341668063346612,1
46.12564502165703,721.7875064759568,15.90808856531978,0,-0.42751748892511443,0,0.4248022107980678,0.41465580082440706,0.45460921843687374,0.4737710474837507,1
38.87308295617634,170.08438897034247,4.3755187992450955,0,0.24206586413188985,0,0.4243344282791061,0.47168611244233416,0.45245868449976145,0.462575047766129,1
35.51153220654815,253.56314905018255,7.156308601353699,0,-0.3085178995539587,0,0.42815126050420166,0.4460269545669625,0.4324205166033903,0.4478871734182379,1
64.6220453771861,48.61688954442526,0.7535873773297206,0,-0.30366767220761987,0,0.4255929368136471,0.4270114966510267,0.43462504003033253,0.39832943218948613,1
41.170770916273334,355.5844938705712,8.655841298472428,0,0.35990671231485666,0,0.4740351815491574,0.49007571867674193,0.4520395446690544,0.49143332608123297,1
66.51802322458083,58.906830965892404,0.8855972546237213,0,0.2889839674515036,0,0.42753211546053765,0.4550718606511101,0.4240306301448283,0.420213282955815,1
34.22020457208655,287.41983857241036,8.401802507689926,0,-0.28233235166860654,0,0.4259105210865854,0.4171813420476699,0.45460921843687374,0.46436704792056094,1
34.88091724737264,97.74980748730842,2.804364704602496,0,1.0602663776686763,0,0.42099175273316075,0.42179154475145486,0.43936605316973415,0.42657015944161203,1
25.22929001896135,68.81001691031233,2.729497487212431,0,0.010102170729531151,0,0.4386000675306877,0.44685684864832453,0.45063936474965305,0.40871712892701206,1
15.445027955078494,259.8117196081323,17.07658691231385,0,-1.018731762170431,1,0.4267428107565861,0.47908392399968364,0.4509566632171445,0.4751667250023748,1
6.274646960404629,22.328351790797214,3.5595824408750483,0,-0.7955515452250579,0,0.4585756708933898,0.4692809706122401,0.43560307899101103,0.4809902296897666,1
125.14854777715534,127.01373832221688,1.0148946039518218,0,1.041666406629204,0,0.4518245718903332,0.4682734499772543,0.44387885115979325,0.4961896567599696,1
71.29423450993146,162.83690961660542,2.284149389771712,0,0.39256707585196865,0,0.4325318389434993,0.4212531544115054,0.44072842625468456,0.4524153121299832,1
274.7559689092209,853.4601136683174,3.4994270505038028,0,-0.23125131976443097,0,0.4216878893631443,0.44666807592171903,0.45460921843687374,0.47377673691794325,1
22.645903944652748,87.77006808713976,3.875690301712716,0,0.5357035864279519,0,0.44116766467065865,0.43609337574722823,0.43455685908558034,0.47044343757692686,1
19.771243402169134,176.16493319931647,9.08047962095419,0,-0.33759444244144476,0,0.4239124366700965,0.41930841731470575,0.4489542592085777,0.4359599572081406,1
83.31251712469144,850.8655011700254,10.323678225720695,0,0.0032885523571803063,0,0.4640953129323661,0.48326934726161497,0.43936605316973415,0.48433050656985704,1
38.76040215931714,202.08280950104447,5.21509030520141,0,0.5357711114418068,0,0.42025495750708214,0.4223809523809524,0.4249523812446433,0.4266099406091316,1
38.68278212982754,202.59622330077053,5.2373525518869295,0,0.355631066585793,0,0.42989227771948063,0.43521934222746295,0.4245778460788055,0.42871858607463753,1
13.110232234893328,273.6080142807168,22.012913653999156,0,-1.1806348649782057,1,0.42321760209854137,0.43747750592668144,0.4232321811271653,0.4120119419700389,1
84.49077609766282,93.00409935253239,1.1011729404104313,0,1.0480835680798921,0,0.44116766467065865,0.4264223652662508,0.43550072265739476,0.48268141377195417,1
17.12100261525957,114.27561371975241,6.68477046787072,0,-0.37563308247193183,1,0.4270467071435435,0.4253380979764693,0.43936605316973415,0.4296025858040119,1
36.27836163242729,111.83396514254879,3.0826634701201776,0,1.4947525229294598,0,0.4273378086459277,0.41659841495788935,0.4501170079346252,0.4689741180525382,1
35.11026257055168,91.32215888370688,2.601515944625251,1,0.7283481997166397,0,0.42815126050420166,0.4202814939774686,0.4356144605642437,0.44790640488550754,1
486.3236609422627,183.1899316924875,0.3769339087716545,0,0.67733743847132,0,0.4217034528321394,0.4404453700348677,0.4223458876639389,0.3959834266300057,1
15.587601728775521,47.42366722639455,3.0422734351878016,0,0.08540066694450854,0,0.44116766467065865,0.47210526315789475,0.4222753346080306,0.439247311827957,1
26.283715222545787,83.36907723476192,3.172248598421722,0,-0.6941713694020989,0,0.4251063829787234,0.4263824168885074,0.42668300832921296,0.41891899128820115,1
90.70227890225816,709.854296590522,7.9770026050752385,1,-0.4782958983056893,0,0.4521835356240968,0.4439208303057931,0.4363154629337994,0.45089643346070213,1
607.5698497957046,69.95214951764413,0.11501053114024876,0,1.0018362551420217,0,0.4408525795688943,0.4054039938111009,0.4250066982753931,0.4210302942448805,1
541.0435503513211,117.31690655848367,0.2175051535656657,1,0.8032349463991642,0,0.4512395531924857,0.4217662264278692,0.42504725897920603,0.42979418743168163,1
28.749847069196406,685.2753549179614,24.6982077364437,0,-0.43722571378261604,0,0.4256608769129504,0.4233653812281293,0.42278012182429514,0.40751382371156386,1
259.5893500843221,503.9914405371227,1.9419203605474942,0,0.037982485611247924,0,0.4265824737336975,0.401030681592596,0.4222753346080306,0.4301405443854434,1
11.169252131690383,90.35433412335158,8.100419476751558,0,-1.1583401174513537,1,0.43045078777946716,0.42226061809170445,0.4323850346851397,0.4266000445336526,1
30.490995540026436,90.35310635612406,2.9634956818522236,1,0.9953422890747825,0,0.4624637841720864,0.4346129481017293,0.43936605316973415,0.466089569675314,1
42.8562566621073,93.9463150154089,2.1938922408453307,0,0.3441236334644079,0,0.42611944383806244,0.4602788016633039,0.43936605316973415,0.42482060938481736,1
13.400958647462012,272.5056533835086,21.4755620821956,0,-1.334906994458973,1,0.4315718526240353,0.4367074762672497,0.42915520411014807,0.4464590756793609,1
69.30327087918305,122.85011878571113,1.7733298948084466,1,0.4634088325658255,0,0.42629445421479173,0.40083461743430027,0.42816908698419326,0.3836343686227425,1
14.47141203482208,134.93831303469744,9.418317334139068,0,-0.6439880800012988,1,0.425128343982825,0.47539512526658756,0.4240633759763987,0.39227831150764764,1
69.79754437065216,177.04320295506253,2.538944037879953,0,0.2535599906508564,0,0.46198430733753215,0.4888975895094378,0.4310855508274104,0.489375483020365,1
22.338380018664605,98.70804626671509,4.420520430899061,0,-0.5213901970877773,1,0.438319366112529,0.456180886538489,0.45069887444637285,0.41060839750367634,1
4.754148560332093,8.049216258266597,1.6945016269472561,0,-0.025792428560871175,0,0.42019328704831754,0.41786118043349285,0.42477165291783325,0.42635322887736343,1
28.50903715294421,96.03491573112022,3.3727127265467267,0,1.0252111557556112,0,0.4620300611459552,0.466349328878345,0.42504725897920603,0.4527722917876883,1
27.484531341864017,327.33004238770314,12.033606662258594,0,-0.5743608195836502,0,0.4256495842403163,0.45212358268189917,0.4222753346080306,0.430664932542137,1
153.9542763643513,368.72963128827024,2.397420130218802,0,0.2701229404499491,0,0.46706756558378404,0.4851029503180969,0.4245554749010061,0.46879455159241995,1
59.359248937296485,234.3436728277536,3.952669744730029,0,0.1463905170000685,0,0.4241455972363875,0.45507587020897505,0.44653549793346375,0.46008794224432226,1
27.2444175772618,81.9805171772003,3.0095058618214843,1,0.9732384706850935,0,0.42409442003377307,0.3954926203950461,0.4421852090830211,0.4115338345198642,1
10.627995346328722,22.28961034819924,2.0979320137766577,0,0.029051701560376897,0,0.4304422956645953,0.41380726475872087,0.4469585328435365,0.48461933580021876,1
28.463012745212648,119.62239181321296,4.205839446151017,0,0.49382038389199645,0,0.4247804865325046,0.4824528160547202,0.4270330954280669,0.4226046943018359,1
122.05487184698785,264.258467541948,2.16786277854139,0,0.13250028620224855,0,0.42222098840367356,0.4115946751182509,0.42392394192762983,0.42199173563204917,1
29.84940549932703,111.30206051994443,3.747073816557756,0,1.239915382639348,0,0.44116766467065865,0.4422767224499462,0.4222753346080306,0.439247311827957,1
131.66119789738903,84.83212615965013,0.6443207862291793,0,0.7799026653344543,0,0.42815126050420166,0.47056074766355144,0.44556228121576213,0.44086760790693436,1
60.120791581802195,241.36135406273405,4.015225532875525,0,0.5810272914471675,0,0.4201888515902871,0.42896750069891254,0.4281979350783196,0.4326806881949438,1
40.40700414819378,230.80155300678118,5.713680171503599,1,0.7311705556506305,0,0.42768989634290494,0.38713673418804107,0.42504725897920603,0.4198041081335827,1
114.54780134984938,81.90238285913236,0.7157172773081482,1,0.15013017849643154,0,0.44107517325894335,0.4328428480500764,0.42678188026813857,0.4557916041911739,1
77.40948204341957,969.2608282631548,13.39848554033794,0,-0.2469110455020277,0,0.4389797020086658,0.4153728046143155,0.43292547367956963,0.44206209446422357,1
17.252608359509193,89.52577111932784,5.1973373983528655,0,-0.2495348739968365,0,0.43686620574384527,0.44296416724037124,0.42504725897920603,0.4212902264753453,1
244.97864077077054,89.65425328327129,0.3657939782317181,0,0.9922269023931412,0,0.42601589846469257,0.4081647798661597,0.43508088601528583,0.43928412643400894,1
62.75505190539579,134.62118225489533,2.1459302409158347,0,-0.9029208551773589,1,0.44613419525914666,0.48069899056999016,0.43030085229809695,0.41636687265919314,1
63.53868392247491,128.13044168316,2.016857538328724,1,0.6990722075789751,0,0.45083719029951314,0.44054896928494247,0.4321246645130959,0.4495412816687991,1
43.323871541579976,645.3337817999421,14.995646450914732,1,-0.030561447433967492,0,0.4528806943154347,0.4384978719186948,0.43207334747850157,0.442030906450417,1
40.59324433319457,116.74439361742408,2.87628965275528,0,0.896014467360287,0,0.43768162814581757,0.41135330186021923,0.4365991848403149,0.4821125658641422,1
38.820624360700045,255.59870427284997,6.591826728140919,0,-0.0604602576525589,0,0.4249581416415404,0.45107772970284943,0.4222753346080306,0.4259217316022013,1
10.159992067743687,17.442718893698405,1.7200213501802033,0,-0.7673837446767849,0,0.4274537137048819,0.43478946117204,0.42291035094510515,0.4418393219311022,1
20.27108566755594,106.84274964350391,5.277953341813845,0,0.12566810984671284,0,0.4227971368042461,0.4265123825347023,0.44579921857415766,0.42964071043699853,1
62.20616244961646,191.29143410971005,3.0760148421597813,0,-0.3590780006696247,0,0.43376725619906153,0.4472936746625121,0.4232562393009821,0.43518857202510397,1
43.2907999520304,622.6573201275403,14.39149879467322,0,-0.19276770883749914,0,0.42025495750708214,0.41229810702331937,0.4532714743944481,0.4335418572743536,1
18.30892672090374,135.16170787235092,7.384310910278386,0,-0.2699681160637411,1,0.42758987363147455,0.4190103252982637,0.4222753346080306,0.4414973547010417,1
70.50563719341088,58.02456760195598,0.8229849236468492,0,0.551573258979855,0,0.419634703196347,0.4743547534961246,0.45460921843687374,0.4737804878048781,1
38.695601308050826,202.72894878923685,5.239041854484334,0,0.2869418728060341,0,0.433287970219706,0.4397429258747802,0.4244124492848556,0.4290500781914696,1
34.269713892381674,86.98129245468685,2.538256588630671,0,1.0731956854035796,0,0.43149637775721456,0.47244662512035746,0.4248580759576095,0.3842253771408265,1
40.349029024903125,71.37963435220978,1.7703956359670348,0,-0.1489175211641076,0,0.43027190620841815,0.42134343099111315,0.4365816160520509,0.4465145656474791,1
19.303775504048424,127.30436232676654,6.60330041973304,0,-0.1453755986911192,0,0.45573605475624185,0.4861122329167811,0.42348720163831016,0.4102910286736671,1
194.05461326795955,206.88171006075595,1.0682377335180449,0,-0.6923253285388211,0,0.47302325784674953,0.4950672692769042,0.45460921843687374,0.4930591368277178,1
4.279877135138312,14.481397671621117,3.3830640448003937,0,-0.38342477247357837,0,0.42815126050420166,0.45623777238542096,0.44361077378912045,0.4452098340725279,1
44.400240517460134,106.07337598487301,2.3928612834271883,0,0.16893927025733757,0,0.4198763513810776,0.4665240626873253,0.43936605316973415,0.40897762786201297,1
35.9754165201175,147.01491783500848,4.08657865349862,0,1.1897387199679563,0,0.4225510565937182,0.38307062613993637,0.4386401876299456,0.39900822439849837,1
34.86199889260935,87.40422438408001,2.507584502215835,0,0.742950347098519,0,0.45772323567022677,0.4872325463183229,0.42337481667200505,0.4124279038984781,1
16.98298637140603,41.297396892031855,2.431741762150545,1,-0.05002300779316465,0,0.42025495750708214,0.41073446327683616,0.43936605316973415,0.4317919075144509,1
33.31737803019894,156.75661449347737,4.705209998156557,0,0.27324878343295,0,0.42815126050420166,0.4149859843682736,0.42504725897920603,0.3806282722513089,1
38.10333600209172,163.60730231755235,4.294065416042948,0,0.9818054369108359,0,0.4265793575292524,0.401100905939199,0.45460921843687374,0.4565457969515473,1
12.720322373748603,46.00021924035203,3.6237076580088874,0,0.26649332561273836,0,0.4254466911496025,0.40261381715967814,0.44348035454011403,0.3988450815731369,1
44.91740002890123,181.4707483054602,4.042284176332422,0,-0.37612371580272386,0,0.45320940830308676,0.4722020992626147,0.4475949658669036,0.4517799555272789,1
47.00226170573652,522.3400874546422,11.137143637066702,0,-0.4079311104014519,0,0.4267714600284702,0.4727673836951336,0.42504725897920603,0.38525553716055433,1
35.17922011567478,65.00563266710213,1.8482187793523313,0,0.3460778979259208,0,0.42927338118511243,0.4259666537173981,0.42504725897920603,0.43684580277114754,1
119.55290825014666,93.56727046719047,0.7820671572488265,0,-0.1165294212778389,0,0.43916844716054154,0.4321993974934751,0.4222753346080306,0.44056494435020005,1
9.625176513397896,21.649032732554286,2.249416706151075,0,-0.8819256744254165,0,0.47483388019839945,0.45708951392723307,0.4263705612876503,0.4844973258068128,1
7.642936866264909,35.152866299815734,4.600634268942471,0,-0.37895174413228083,0,0.4331582737551568,0.42605618716865895,0.42504725897920603,0.4314849320934811,1
96.35431925458755,212.91108577059137,2.2092411008936734,1,0.18248358529780206,0,0.4416908088361557,0.44650728152626495,0.4344544561491753,0.43300765287573323,1
509.2323667985059,575.335910099867,1.1293813557608303,0,0.007415168688569243,0,0.43272324198258527,0.41631736050275153,0.43927528439005276,0.45739831184400365,1
60.012250318857156,74.53763787518234,1.242215879613507,0,0.34048510416638744,0,0.42025495750708214,0.4189318249878212,0.44935972029400917,0.434067715733914,1
19.496299630346233,25.2490695550823,1.2941882840591863,0,-0.8804242607484289,0,0.4327270493222661,0.46400516368734185,0.45460921843687374,0.4285533158297411,1
32.01946385655562,186.66330143520244,5.8378311051187755,0,0.08401900659277667,0,0.43579457697865437,0.45440694857924896,0.42390302647601513,0.4321575223192957,1
